edge_id,length_m,speed_limit_mps,cost_mode,baseline_source,locked,n_traversal_samples,baseline_mg_traversal,avg_speed,occupancy,fuel_consumption,t_actual,C,F,S,multiplier,augtime_weight,fuel_warm,weight
-152134,44.95,13.89,fuel,preseed,False,0,782.061,13.89,0.0,0.0,3.2361,0.0,0.0,0.0,1.0,3.2361,False,2530.8593
152758,52.24,13.89,fuel,preseed,False,2,782.061,13.89,0.0,0.0,3.761,0.0,0.0,0.0,1.0,3.761,True,2941.3145
152768,73.23,13.89,fuel,preseed,False,0,782.061,13.89,0.0,0.0,5.2721,0.0,0.0,0.0,1.0,5.2721,False,4123.1329
152134,44.93,13.89,fuel,preseed,False,2,782.061,13.89,0.0,0.0,3.2347,0.0,0.0,0.0,1.0,3.2347,True,2529.7332
153273#0,80.94,13.89,fuel,preseed,False,0,782.061,13.89,0.0,0.0,5.8272,0.0,0.0,0.0,1.0,5.8272,False,4557.2358
-152135#0,22.08,13.89,fuel,preseed,False,2,782.061,13.89,0.0,0.0,1.5896,0.0,0.0,0.0,1.0,1.5896,True,1243.1896
152135#1,7.29,13.89,fuel,preseed,False,0,782.061,13.89,0.0,0.0,0.5248,0.0,0.0,0.0,1.0,0.5248,False,410.4553
-152768,72.86,13.89,fuel,preseed,False,0,782.061,13.89,0.0,0.0,5.2455,0.0,0.0,0.0,1.0,5.2455,False,4102.3005
152135#0,22.08,13.89,fuel,preseed,False,0,782.061,13.89,0.0,0.0,1.5896,0.0,0.0,0.0,1.0,1.5896,False,1243.1896
152802,33.74,13.89,fuel,preseed,False,2,782.061,13.89,0.0,0.0,2.4291,0.0,0.0,0.0,1.0,2.4291,True,1899.6928
-152135#1,7.28,13.89,fuel,preseed,False,2,782.061,13.89,0.0,0.0,0.5241,0.0,0.0,0.0,1.0,0.5241,True,409.8922
-153273#0,80.94,13.89,fuel,preseed,False,2,782.061,13.89,0.0,0.0,5.8272,0.0,0.0,0.0,1.0,5.8272,True,4557.2358
153273#1,5.5,13.89,fuel,preseed,False,0,782.061,13.89,0.0,0.0,0.396,0.0,0.0,0.0,1.0,0.396,False,309.6713
-152139,31.18,27.78,fuel,ema_unlocked,False,4,958.725,27.78,0.0,0.0,1.1224,0.0,0.0,0.0,1.0,1.1224,True,1076.0634
152137#0,5.97,13.89,fuel,ema_unlocked,False,10,1228.917,13.89,0.0,2055.069,0.4298,0.0,1.0,0.0,9.0,3.8683,True,528.1956
152139,31.08,27.78,fuel,ema_unlocked,False,6,916.263,27.78,0.0,6701.073,1.1188,0.0,1.0,0.0,9.0,10.0691,True,1025.1063
152318#4,13.38,27.78,fuel,ema_unlocked,False,8,380.773,27.407,0.0031,1865.809,0.4882,0.0,1.0,0.0,9.0,4.3938,True,185.8934
-152146,147.01,13.89,fuel,preseed,False,0,782.061,13.89,0.0,0.0,10.5839,0.0,0.0,0.0,1.0,10.5839,False,8277.233
-153421#1,54.22,13.89,fuel,preseed,False,0,782.061,13.89,0.0,0.0,3.9035,0.0,0.0,0.0,1.0,3.9035,False,3052.7962
152369,147.64,13.89,fuel,preseed,False,0,782.061,13.89,0.0,0.0,10.6292,0.0,0.0,0.0,1.0,10.6292,False,8312.7044
153421#2,168.93,13.89,fuel,preseed,False,0,782.061,13.89,0.0,0.0,12.162,0.0,0.0,0.0,1.0,12.162,False,9511.4139
-152147,6.78,13.89,fuel,preseed,False,0,782.061,13.89,0.0,0.0,0.4881,0.0,0.0,0.0,1.0,0.4881,False,381.7403
152450,38.2,13.89,fuel,preseed,False,0,782.061,13.89,0.0,0.0,2.7502,0.0,0.0,0.0,1.0,2.7502,False,2150.8081
-152148,28.49,13.89,fuel,preseed,False,0,782.061,13.89,0.0,0.0,2.0511,0.0,0.0,0.0,1.0,2.0511,False,1604.0975
152147,6.77,13.89,fuel,preseed,False,0,782.061,13.89,0.0,0.0,0.4874,0.0,0.0,0.0,1.0,0.4874,False,381.1772
152695,112.9,13.89,fuel,preseed,False,0,782.061,13.89,0.0,0.0,8.1281,0.0,0.0,0.0,1.0,8.1281,False,6356.7077
-152687,24.17,13.89,fuel,preseed,False,0,782.061,13.89,0.0,0.0,1.7401,0.0,0.0,0.0,1.0,1.7401,False,1360.8647
-153420#2,209.23,13.89,fuel,preseed,False,0,782.061,13.89,0.0,0.0,15.0634,0.0,0.0,0.0,1.0,15.0634,False,11780.4602
152148,25.99,13.89,fuel,preseed,False,0,782.061,13.89,0.0,0.0,1.8711,0.0,0.0,0.0,1.0,1.8711,False,1463.3378
153420#3,22.08,13.89,fuel,preseed,False,1,724.553,13.89,0.0,0.0,1.5896,0.0,0.0,0.0,1.0,1.5896,True,1151.7738
-152149,19.84,13.89,fuel,preseed,False,0,782.061,13.89,0.0,0.0,1.4284,0.0,0.0,0.0,1.0,1.4284,False,1117.0689
-153434,9.68,13.89,fuel,preseed,False,0,782.061,13.89,0.0,0.0,0.6969,0.0,0.0,0.0,1.0,0.6969,False,545.0215
152738,28.32,13.89,fuel,preseed,False,0,782.061,13.89,0.0,0.0,2.0389,0.0,0.0,0.0,1.0,2.0389,False,1594.5258
153397,48.75,13.89,fuel,preseed,False,0,782.061,13.89,0.0,0.0,3.5097,0.0,0.0,0.0,1.0,3.5097,False,2744.814
-152540,11.63,13.89,fuel,preseed,False,0,782.061,13.89,0.0,0.0,0.8373,0.0,0.0,0.0,1.0,0.8373,False,654.8141
-153482#0,1.62,13.89,fuel,preseed,False,0,782.061,13.89,0.0,0.0,0.1166,0.0,0.0,0.0,1.0,0.1166,False,91.2123
152149,19.54,13.89,fuel,preseed,False,0,782.061,13.89,0.0,0.0,1.4068,0.0,0.0,0.0,1.0,1.4068,False,1100.1778
153482#1,181.25,13.89,fuel,preseed,False,0,782.061,13.89,0.0,0.0,13.049,0.0,0.0,0.0,1.0,13.049,False,10205.0777
-152162,9.42,13.89,fuel,preseed,False,3,782.061,13.89,0.0,0.0,0.6782,0.0,0.0,0.0,1.0,0.6782,True,530.3825
-152884#0,25.11,13.89,fuel,preseed,False,1,782.061,13.89,0.0,0.0,1.8078,0.0,0.0,0.0,1.0,1.8078,True,1413.7904
152884#1,44.37,13.89,fuel,preseed,False,0,782.061,13.89,0.0,0.0,3.1944,0.0,0.0,0.0,1.0,3.1944,False,2498.203
-152936,32.91,13.89,fuel,preseed,False,2,782.061,13.89,0.0,0.0,2.3693,0.0,0.0,0.0,1.0,2.3693,True,1852.9606
152162,9.42,13.89,fuel,preseed,False,0,782.061,13.89,0.0,0.0,0.6782,0.0,0.0,0.0,1.0,0.6782,False,530.3825
152871,25.2,13.89,fuel,preseed,False,0,782.061,13.89,0.0,0.0,1.8143,0.0,0.0,0.0,1.0,1.8143,False,1418.8577
-152163#0,87.65,13.89,fuel,preseed,False,2,622.264,13.89,0.0,0.0,6.3103,0.0,0.0,0.0,1.0,6.3103,True,3926.6708
152163#1,51.35,13.89,fuel,preseed,False,1,782.061,13.89,0.0,0.0,3.6969,0.0,0.0,0.0,1.0,3.6969,True,2891.2041
-152873#2,20.57,13.89,fuel,preseed,False,2,774.406,13.89,0.0,0.0,1.4809,0.0,0.0,0.0,1.0,1.4809,True,1146.8346
152163#0,89.26,13.89,fuel,preseed,False,1,782.061,13.89,0.0,0.0,6.4262,0.0,0.0,0.0,1.0,6.4262,True,5025.6841
152873#3,30.64,13.89,fuel,preseed,False,1,890.844,13.89,0.0,0.0,2.2059,0.0,0.0,0.0,1.0,2.2059,True,1965.1162
-152163#1,51.35,13.89,fuel,preseed,False,2,936.833,13.799,0.0007,13375.123,3.7212,0.0,1.0,0.0,9.0,33.4907,True,3486.1339
152397#0,41.75,13.89,fuel,preseed,False,1,782.061,13.89,0.0,0.0,3.0058,0.0,0.0,0.0,1.0,3.0058,True,2350.6869
-152164,117.65,13.89,fuel,preseed,False,0,782.061,13.89,0.0,0.0,8.4701,0.0,0.0,0.0,1.0,8.4701,False,6624.1511
153461#0,8.69,13.89,fuel,preseed,False,0,782.061,13.89,0.0,0.0,0.6256,0.0,0.0,0.0,1.0,0.6256,False,489.2807
153465#0,61.53,13.89,fuel,preseed,False,0,782.061,13.89,0.0,0.0,4.4298,0.0,0.0,0.0,1.0,4.4298,False,3464.3776
-153464,120.92,13.89,fuel,preseed,False,0,782.061,13.89,0.0,0.0,8.7055,0.0,0.0,0.0,1.0,8.7055,False,6808.2648
152164,119.2,13.89,fuel,preseed,False,0,782.061,13.89,0.0,0.0,8.5817,0.0,0.0,0.0,1.0,8.5817,False,6711.4221
153467#0,111.03,13.89,fuel,preseed,False,0,782.061,13.89,0.0,0.0,7.9935,0.0,0.0,0.0,1.0,7.9935,False,6251.4195
-152165#0,397.4,13.89,fuel,preseed,False,4,782.061,13.89,0.0,0.0,28.6105,0.0,0.0,0.0,1.0,28.6105,True,22375.1607
-152457#2,4.18,13.89,fuel,preseed,False,1,760.203,13.89,0.0,0.0,0.3009,0.0,0.0,0.0,1.0,0.3009,True,228.7724
152165#1,62.19,13.89,fuel,ema_unlocked,False,3,562.833,13.89,0.0,0.0,4.4773,0.0,0.0,0.0,1.0,4.4773,True,2519.9833
153375,396.52,13.89,fuel,preseed,False,0,782.061,13.89,0.0,0.0,28.5472,0.0,0.0,0.0,1.0,28.5472,False,22325.6133
153547,96.61,13.89,fuel,preseed,False,4,782.061,13.89,0.0,4568.602,6.9554,0.0,0.0,0.0,1.0,6.9554,True,5439.5176
-152165#1,61.96,13.89,fuel,preseed,False,1,676.681,13.89,0.0,0.0,4.4608,0.0,0.0,0.0,1.0,4.4608,True,3018.5149
-152347#1,186.03,13.89,fuel,preseed,False,2,823.976,13.89,0.0,0.0,13.3931,0.0,0.0,0.0,1.0,13.3931,True,11035.5872
152347#0,202.68,13.89,fuel,preseed,False,1,782.061,13.89,0.0,0.0,14.5918,0.0,0.0,0.0,1.0,14.5918,True,11411.6698
152535#0,319.91,13.89,fuel,ema_unlocked,False,3,774.849,13.89,0.0,0.0,23.0317,0.0,0.0,0.0,1.0,23.0317,True,17846.0782
-152166,85.09,13.89,fuel,ema_unlocked,False,8,740.406,13.89,0.0,0.0,6.126,0.0,0.0,0.0,1.0,6.126,True,4535.7209
-153006#3,61.17,13.89,fuel,ema_unlocked,False,5,1344.856,13.89,0.0,0.0,4.4039,0.0,0.0,0.0,1.0,4.4039,True,5922.5969
152168#0,59.63,13.89,fuel,ema_unlocked,False,5,1352.925,13.89,0.0,0.0,4.293,0.0,0.0,0.0,1.0,4.293,True,5808.1287
-152330#5,95.93,13.89,fuel,ema_unlocked,False,10,1161.489,13.464,0.0011,12221.135,7.1248,0.0,0.2384,0.0,2.9072,20.7133,True,8275.4189
152166,79.73,13.89,fuel,ema_unlocked,False,10,498.235,13.89,0.0,0.0,5.7401,0.0,0.0,0.0,1.0,5.7401,True,2859.9189
-152167,135.34,13.89,fuel,preseed,False,4,832.569,13.89,0.0,0.0,9.7437,0.0,0.0,0.0,1.0,9.7437,True,8112.2982
152791,363.01,13.89,fuel,preseed,False,1,782.061,13.89,0.0,0.0,26.1346,0.0,0.0,0.0,1.0,26.1346,True,20438.8704
152827#0,158.28,13.89,fuel,preseed,False,2,931.92,13.89,0.0,0.0,11.3952,0.0,0.0,0.0,1.0,11.3952,True,10619.4565
152969#0,242.44,13.89,fuel,ema_unlocked,False,6,282.921,13.659,0.0,0.0,17.7501,0.0,0.0,0.0,1.0,17.7501,True,5021.8741
152167,120.64,13.89,fuel,ema_unlocked,False,7,276.195,13.89,0.0,2709.705,8.6854,0.0,0.0648,0.0,1.5183,13.1871,True,2398.8634
-152168#0,55.4,13.89,fuel,ema_unlocked,False,3,211.369,13.89,0.0,2125.273,3.9885,0.0,0.7605,0.0,7.0838,28.2538,True,843.0413
152168#1,47.77,13.89,fuel,ema_unlocked,False,5,406.884,13.89,0.0,2423.718,3.4392,0.0,0.366,0.0,3.9282,13.5096,True,1399.34
-152168#1,45.9,13.89,fuel,ema_unlocked,False,3,1680.42,13.89,0.0,8750.784,3.3045,0.0,0.2879,0.0,3.3035,10.9164,True,5553.0091
152399#1,1.8,13.89,fuel,ema_unlocked,False,5,994.022,13.714,0.0146,568.638,0.1313,0.0,1.0,0.0,9.0,1.1813,True,130.4706
-152169,1.6,13.89,fuel,ema_unlocked,False,4,1053.679,13.89,0.0,0.0,0.1152,0.0,0.0,0.0,1.0,0.1152,True,121.3741
152223,8.28,27.78,fuel,ema_unlocked,False,9,978.601,27.386,0.0032,1761.981,0.3023,0.0,1.0,0.0,9.0,2.7211,True,295.8794
-152605#2,24.28,13.89,fuel,ema_unlocked,False,1,1713.558,13.89,0.0,0.0,1.748,0.0,0.0,0.0,1.0,1.748,True,2995.3332
152602,171.97,13.89,fuel,preseed,False,1,782.061,13.89,0.0,0.0,12.3808,0.0,0.0,0.0,1.0,12.3808,True,9682.5777
152610,38.29,13.89,fuel,preseed,False,0,782.061,13.89,0.0,0.0,2.7567,0.0,0.0,0.0,1.0,2.7567,False,2155.8755
-152170#0,17.44,13.89,fuel,preseed,False,1,782.061,13.89,0.0,0.0,1.2556,0.0,0.0,0.0,1.0,1.2556,True,981.9396
152170#1,9.36,13.89,fuel,preseed,False,6,723.429,13.89,0.0,0.0,0.6739,0.0,0.0,0.0,1.0,0.6739,True,487.4942
-152224,12.73,22.22,fuel,preseed,False,1,1676.237,22.22,0.0,0.0,0.5729,0.0,0.0,0.0,1.0,0.5729,True,960.3286
152170#0,17.44,13.89,fuel,preseed,False,6,646.042,13.89,0.0,0.0,1.2556,0.0,0.0,0.0,1.0,1.2556,True,811.1567
-152170#1,9.36,13.89,fuel,preseed,False,1,782.061,13.89,0.0,0.0,0.6739,0.0,0.0,0.0,1.0,0.6739,True,527.0043
-152602,177.44,13.89,fuel,preseed,False,1,782.061,13.89,0.0,0.0,12.7747,0.0,0.0,0.0,1.0,12.7747,True,9990.5599
152607,184.21,13.89,fuel,ema_unlocked,False,7,596.224,13.89,0.0,0.0,13.2621,0.0,0.0,0.0,1.0,13.2621,True,7907.1635
-152172,170.25,13.89,fuel,preseed,False,1,782.061,13.89,0.0,0.0,12.257,0.0,0.0,0.0,1.0,12.257,True,9585.7351
152173,3.21,13.89,fuel,preseed,False,0,782.061,13.89,0.0,0.0,0.2311,0.0,0.0,0.0,1.0,0.2311,False,180.7354
152172,167.58,13.89,fuel,preseed,False,0,782.061,13.89,0.0,0.0,12.0648,0.0,0.0,0.0,1.0,12.0648,False,9435.4037
152345#0,4.3,13.89,fuel,preseed,False,2,782.061,13.89,0.0,0.0,0.3096,0.0,0.0,0.0,1.0,0.3096,True,242.1067
152578#1,59.69,13.89,fuel,preseed,False,1,782.061,13.89,0.0,0.0,4.2973,0.0,0.0,0.0,1.0,4.2973,True,3360.7784
-152176#0,73.91,13.89,fuel,ema_unlocked,False,3,41.069,13.89,0.0,0.0,5.3211,0.0,0.0,0.0,1.0,5.3211,True,218.5319
152176#1,92.83,13.89,fuel,preseed,False,5,782.061,13.89,0.0,0.0,6.6832,0.0,0.0,0.0,1.0,6.6832,True,5226.6889
-153383#0,15.8,13.89,fuel,ema_unlocked,False,1,204.099,13.89,0.0,0.0,1.1375,0.0,0.0,0.0,1.0,1.1375,True,232.1639
-153386,89.83,13.89,fuel,preseed,False,5,782.061,13.89,0.0,0.0,6.4672,0.0,0.0,0.0,1.0,6.4672,True,5057.7773
153383#1,46.19,13.89,fuel,preseed,False,4,1088.205,13.89,0.0,0.0,3.3254,0.0,0.0,0.0,1.0,3.3254,True,3618.7311
-152176#1,96.38,13.89,fuel,ema_unlocked,False,3,178.108,13.89,0.0,0.0,6.9388,0.0,0.0,0.0,1.0,6.9388,True,1235.8542
152176#2,59.82,13.89,fuel,preseed,False,5,782.061,13.89,0.0,0.0,4.3067,0.0,0.0,0.0,1.0,4.3067,True,3368.0979
152355#0,1.68,13.89,fuel,preseed,False,0,782.061,13.89,0.0,0.0,0.121,0.0,0.0,0.0,1.0,0.121,False,94.5905
-152176#2,61.95,13.89,fuel,ema_unlocked,False,3,978.07,13.89,0.0,0.0,4.46,0.0,0.0,0.0,1.0,4.46,True,4362.2342
152177,95.26,13.89,fuel,preseed,False,5,855.289,13.89,0.0,0.0,6.8582,0.0,0.0,0.0,1.0,6.8582,True,5865.7197
152621,103.02,13.89,fuel,preseed,False,0,782.061,13.89,0.0,0.0,7.4168,0.0,0.0,0.0,1.0,7.4168,False,5800.4254
-152177,96.16,13.89,fuel,ema_unlocked,False,3,548.82,13.89,0.0,8364.866,6.923,0.0,0.6008,0.0,5.8064,40.1973,True,3799.4627
153384#0,222.96,13.89,fuel,preseed,False,5,873.784,13.89,0.0,46844.299,16.0518,0.0,1.0,0.0,9.0,144.4665,True,14025.8442
153563,34.69,13.89,fuel,preseed,False,0,782.061,13.89,0.0,0.0,2.4975,0.0,0.0,0.0,1.0,2.4975,False,1953.1815
-152206,96.08,22.22,fuel,ema_unlocked,False,6,1685.389,22.22,0.0,14879.686,4.324,0.0,0.5209,0.0,5.167,22.3424,True,7287.677
-152385,41.96,13.89,fuel,preseed,False,1,777.967,13.89,0.0,0.0,3.0209,0.0,0.0,0.0,1.0,3.0209,True,2350.1434
152206,95.23,22.22,fuel,preseed,False,1,1746.53,22.22,0.0,0.0,4.2858,0.0,0.0,0.0,1.0,4.2858,True,7485.2394
152461,280.81,13.89,fuel,ema_unlocked,False,7,616.629,13.89,0.0,14004.521,20.2167,0.0,0.0617,0.0,1.4936,30.1956,True,12466.2045
-152210,80.55,27.78,fuel,preseed,False,4,2490.29,27.78,0.0,0.0,2.8996,0.0,0.0,0.0,1.0,2.8996,True,7220.7649
152536,30.91,13.89,fuel,ema_unlocked,False,4,21.004,13.89,0.0,0.0,2.2253,0.0,0.0,0.0,1.0,2.2253,True,46.7412
-152855,19.06,13.89,fuel,preseed,False,4,944.108,13.89,0.0,0.0,1.3722,0.0,0.0,0.0,1.0,1.3722,True,1295.5143
152210,82.48,27.78,fuel,ema_unlocked,False,6,1291.302,27.78,0.0,0.0,2.969,0.0,0.0,0.0,1.0,2.969,True,3833.9317
-152213,23.94,13.89,fuel,preseed,False,3,782.061,13.89,0.0,0.0,1.7235,0.0,0.0,0.0,1.0,1.7235,True,1347.9148
153555,33.55,13.89,fuel,preseed,False,0,782.061,13.89,0.0,0.0,2.4154,0.0,0.0,0.0,1.0,2.4154,False,1888.9951
-152557#0,23.27,13.89,fuel,preseed,False,0,782.061,13.89,0.0,0.0,1.6753,0.0,0.0,0.0,1.0,1.6753,False,1310.1912
152557#1,252.41,13.89,fuel,preseed,False,3,782.061,13.89,0.0,38790.381,18.1721,0.0,0.8647,0.0,7.9179,143.8846,True,14211.6616
-152215,21.58,22.22,fuel,preseed,False,1,1734.754,22.22,0.0,0.0,0.9712,0.0,0.0,0.0,1.0,0.9712,True,1684.7881
153374#0,4.11,13.89,fuel,preseed,False,0,782.061,13.89,0.0,0.0,0.2959,0.0,0.0,0.0,1.0,0.2959,False,231.4089
-152566#1,44.4,13.89,fuel,preseed,False,1,803.127,13.89,0.0,0.0,3.1965,0.0,0.0,0.0,1.0,3.1965,True,2567.2323
152215,24.75,22.22,fuel,preseed,False,1,1676.237,22.22,0.0,0.0,1.1139,0.0,0.0,0.0,1.0,1.1139,True,1867.0961
-152218,32.82,22.22,fuel,preseed,False,1,1676.237,22.22,0.0,0.0,1.477,0.0,0.0,0.0,1.0,1.477,True,2475.8826
-152578#1,61.28,13.89,fuel,preseed,False,1,782.061,13.89,0.0,0.0,4.4118,0.0,0.0,0.0,1.0,4.4118,True,3450.3016
152218,40.58,22.22,fuel,preseed,False,1,1676.237,22.22,0.0,0.0,1.8263,0.0,0.0,0.0,1.0,1.8263,True,3061.2832
153378#0,23.68,13.89,fuel,preseed,False,1,782.061,13.89,0.0,0.0,1.7048,0.0,0.0,0.0,1.0,1.7048,True,1333.2758
-152220,10.65,22.22,fuel,preseed,False,2,1676.237,22.22,0.0,0.0,0.4793,0.0,0.0,0.0,1.0,0.4793,True,803.4171
152579#0,42.76,13.89,fuel,preseed,False,2,615.278,13.89,0.0,869.124,3.0785,0.0,0.0,0.0,1.0,3.0785,True,1894.1167
-152587#3,27.42,13.89,fuel,preseed,False,4,782.061,13.659,0.0011,0.0,2.0075,0.0,0.0,0.0,1.0,2.0075,True,1570.0193
152220,10.39,22.22,fuel,preseed,False,1,1676.237,22.22,0.0,0.0,0.4676,0.0,0.0,0.0,1.0,0.4676,True,783.8032
-152223,8.28,27.78,fuel,ema_unlocked,False,4,347.27,27.78,0.0,0.0,0.2981,0.0,0.0,0.0,1.0,0.2981,True,103.506
152453,9.34,13.89,fuel,ema_unlocked,False,9,947.4,13.89,0.0,0.0,0.6724,0.0,0.0,0.0,1.0,0.6724,True,637.0568
152224,12.73,22.22,fuel,preseed,False,6,1788.303,22.22,0.0,0.0,0.5729,0.0,0.0,0.0,1.0,0.5729,True,1024.5317
152587#0,168.75,13.89,fuel,preseed,False,1,782.061,13.89,0.0,0.0,12.149,0.0,0.0,0.0,1.0,12.149,True,9501.2792
-152226,326.91,22.22,fuel,preseed,False,6,1557.476,22.22,0.0,0.0,14.7124,0.0,0.0,0.0,1.0,14.7124,True,22914.2373
152669#0,10.2,13.89,fuel,preseed,False,1,782.061,13.89,0.0,0.0,0.7343,0.0,0.0,0.0,1.0,0.7343,True,574.2995
-152290,304.79,22.22,fuel,ema_unlocked,False,7,1172.788,21.85,0.0002,0.0,13.9494,0.0,0.0,0.0,1.0,13.9494,True,16359.7029
152286,298.87,22.22,fuel,preseed,False,1,1676.237,22.22,0.0,0.0,13.4505,0.0,0.0,0.0,1.0,13.4505,True,22546.2226
152287,65.16,13.89,fuel,preseed,False,2,577.624,13.89,0.0,0.0,4.6911,0.0,0.0,0.0,1.0,4.6911,True,2709.7162
-152239,40.29,27.78,fuel,preseed,False,0,2281.184,27.78,0.0,0.0,1.4503,0.0,0.0,0.0,1.0,1.4503,False,3308.4559
153357#0,167.29,13.89,fuel,preseed,False,0,782.061,13.89,0.0,0.0,12.0439,0.0,0.0,0.0,1.0,12.0439,False,9419.0756
152239,37.74,27.78,fuel,preseed,False,0,2281.184,27.78,0.0,0.0,1.3585,0.0,0.0,0.0,1.0,1.3585,False,3099.06
-152241,6.14,27.78,fuel,preseed,False,0,2281.184,27.78,0.0,0.0,0.221,0.0,0.0,0.0,1.0,0.221,False,504.1926
-153362#1,463.58,13.89,fuel,preseed,False,0,782.061,13.89,0.0,0.0,33.3751,0.0,0.0,0.0,1.0,33.3751,False,26101.3513
-153351,67.8,13.89,fuel,preseed,False,0,782.061,13.89,0.0,0.0,4.8812,0.0,0.0,0.0,1.0,4.8812,False,3817.4029
152241,3.8,27.78,fuel,preseed,False,0,2281.184,27.78,0.0,0.0,0.1368,0.0,0.0,0.0,1.0,0.1368,False,312.041
-152243,3.93,22.22,fuel,preseed,False,0,1676.237,22.22,0.0,0.0,0.1769,0.0,0.0,0.0,1.0,0.1769,False,296.4722
153347#0,257.1,13.89,fuel,preseed,False,0,782.061,13.89,0.0,0.0,18.5097,0.0,0.0,0.0,1.0,18.5097,False,14475.7268
-153352,19.58,13.89,fuel,preseed,False,0,782.061,13.89,0.0,0.0,1.4096,0.0,0.0,0.0,1.0,1.4096,False,1102.4299
152243,3.93,22.22,fuel,preseed,False,0,1676.237,22.22,0.0,0.0,0.1769,0.0,0.0,0.0,1.0,0.1769,False,296.4722
-152244,19.46,27.78,fuel,preseed,False,0,2281.184,27.78,0.0,0.0,0.7005,0.0,0.0,0.0,1.0,0.7005,False,1597.9785
153373,75.67,13.89,fuel,preseed,False,0,782.061,13.89,0.0,0.0,5.4478,0.0,0.0,0.0,1.0,5.4478,False,4260.5144
-152618#1,125.79,13.89,fuel,preseed,False,0,782.061,13.89,0.0,0.0,9.0562,0.0,0.0,0.0,1.0,9.0562,False,7082.4647
152214,12.04,27.78,fuel,preseed,False,0,2281.184,27.78,0.0,0.0,0.4334,0.0,0.0,0.0,1.0,0.4334,False,988.6773
-152245,18.37,27.78,fuel,preseed,False,1,2281.184,27.78,0.0,0.0,0.6613,0.0,0.0,0.0,1.0,0.6613,True,1508.472
152565,18.35,13.89,fuel,preseed,False,3,763.125,13.89,0.0,0.0,1.3211,0.0,0.0,0.0,1.0,1.3211,True,1008.1607
-153369#1,42.31,13.89,fuel,preseed,False,1,782.061,13.89,0.0,0.0,3.0461,0.0,0.0,0.0,1.0,3.0461,True,2382.217
152245,17.88,27.78,fuel,preseed,False,3,2059.193,27.568,0.0015,2263.945,0.6486,0.0,0.3476,0.0,3.7806,2.452,True,1335.5379
-152246,18.41,27.78,fuel,preseed,False,2,1948.669,27.78,0.0,0.0,0.6627,0.0,0.0,0.0,1.0,0.6627,True,1291.3968
-153383#5,17.36,13.89,fuel,preseed,False,1,782.061,13.89,0.0,0.0,1.2498,0.0,0.0,0.0,1.0,1.2498,True,977.4353
152246,20.37,27.78,fuel,preseed,False,1,2281.184,27.78,0.0,0.0,0.7333,0.0,0.0,0.0,1.0,0.7333,True,1672.7041
153369#0,139.08,13.89,fuel,preseed,False,2,582.068,13.89,0.0,0.0,10.013,0.0,0.0,0.0,1.0,10.013,True,5828.2217
-152247,23.03,27.78,fuel,preseed,False,0,2281.184,27.78,0.0,0.0,0.829,0.0,0.0,0.0,1.0,0.829,False,1891.1328
153371#0,92.92,13.89,fuel,preseed,False,0,782.061,13.89,0.0,0.0,6.6897,0.0,0.0,0.0,1.0,6.6897,False,5231.7563
-153370#1,295.92,13.89,fuel,preseed,False,0,782.061,13.89,0.0,0.0,21.3045,0.0,0.0,0.0,1.0,21.3045,False,16661.4433
152247,19.99,27.78,fuel,preseed,False,0,2281.184,27.78,0.0,0.0,0.7196,0.0,0.0,0.0,1.0,0.7196,False,1641.5
-152248,9.65,27.78,fuel,preseed,False,0,2281.184,27.78,0.0,0.0,0.3474,0.0,0.0,0.0,1.0,0.3474,False,792.42
153370#0,47.12,13.89,fuel,preseed,False,0,782.061,13.89,0.0,0.0,3.3924,0.0,0.0,0.0,1.0,3.3924,False,2653.0387
-153373,77.75,13.89,fuel,preseed,False,0,782.061,13.89,0.0,0.0,5.5976,0.0,0.0,0.0,1.0,5.5976,False,4377.6264
152248,9.72,27.78,fuel,preseed,False,0,2281.184,27.78,0.0,0.0,0.3499,0.0,0.0,0.0,1.0,0.3499,False,798.1681
-152250,22.89,27.78,fuel,ema_unlocked,False,1,1222.706,27.78,0.0,0.0,0.824,0.0,0.0,0.0,1.0,0.824,True,1007.4781
153383#0,12.14,13.89,fuel,preseed,False,4,917.423,13.89,0.0,0.0,0.874,0.0,0.0,0.0,1.0,0.874,True,801.8371
-153385#1,201.27,13.89,fuel,ema_unlocked,False,1,185.947,13.89,0.0,0.0,14.4903,0.0,0.0,0.0,1.0,14.4903,True,2694.4248
152250,22.35,27.78,fuel,preseed,False,4,1993.635,27.78,0.0,0.0,0.8045,0.0,0.0,0.0,1.0,0.8045,True,1603.9501
-152251,10.19,27.78,fuel,ema_unlocked,False,1,674.011,27.78,0.0,0.0,0.3668,0.0,0.0,0.0,1.0,0.3668,True,247.2344
153385#0,319.59,13.89,fuel,preseed,False,4,884.079,13.89,0.0,0.0,23.0086,0.0,0.0,0.0,1.0,23.0086,True,20341.4485
-153412#5,305.2,13.89,fuel,ema_unlocked,False,1,860.039,13.89,0.0,0.0,21.9726,0.0,0.0,0.0,1.0,21.9726,True,18897.3239
152251,9.01,27.78,fuel,preseed,False,4,2106.737,27.78,0.0,2483.2,0.3243,0.0,1.0,0.0,9.0,2.919,True,683.2867
-152252,15.18,27.78,fuel,preseed,False,1,2281.184,27.78,0.0,0.0,0.5464,0.0,0.0,0.0,1.0,0.5464,True,1246.5217
153395,632.61,13.89,fuel,preseed,False,6,458.891,13.89,0.0,0.0,45.5443,0.0,0.0,0.0,1.0,45.5443,True,20899.8661
-152413#3,1074.26,13.89,fuel,ema_unlocked,False,1,1408.906,13.89,0.0,0.0,77.3405,0.0,0.0,0.0,1.0,77.3405,True,108965.5687
152252,10.92,27.78,fuel,preseed,False,4,1893.559,27.78,0.0,0.0,0.3931,0.0,0.0,0.0,1.0,0.3931,True,744.3363
-152253,11.8,27.78,fuel,ema_unlocked,False,2,1745.48,27.78,0.0,0.0,0.4248,0.0,0.0,0.0,1.0,0.4248,True,741.4205
-153436,1328.29,13.89,fuel,preseed,False,4,671.516,13.89,0.0,0.0,95.6292,0.0,0.0,0.0,1.0,95.6292,True,64216.5648
-153395,642.99,13.89,fuel,ema_unlocked,False,2,1475.626,13.89,0.0,0.0,46.2916,0.0,0.0,0.0,1.0,46.2916,True,68309.0724
152253,11.72,27.78,fuel,preseed,False,1,1912.091,27.78,0.0,0.0,0.4219,0.0,0.0,0.0,1.0,0.4219,True,806.6849
-152254,6.07,27.78,fuel,preseed,False,0,2281.184,27.78,0.0,0.0,0.2185,0.0,0.0,0.0,1.0,0.2185,False,498.4445
153412#0,3.91,13.89,fuel,preseed,False,0,782.061,13.89,0.0,0.0,0.2815,0.0,0.0,0.0,1.0,0.2815,False,220.1482
152254,5.96,27.78,fuel,preseed,False,2,2457.467,27.78,0.0,0.0,0.2145,0.0,0.0,0.0,1.0,0.2145,True,527.232
-152255#0,11.43,27.78,fuel,preseed,False,2,2364.069,27.78,0.0,1949.371,0.4114,0.0,0.5021,0.0,5.0164,2.064,True,972.6893
-153042#0,34.76,13.89,fuel,preseed,False,0,782.061,13.89,0.0,0.0,2.5025,0.0,0.0,0.0,1.0,2.5025,False,1957.1228
152255#1,25.66,27.78,fuel,preseed,False,2,2281.184,27.78,0.0,0.0,0.9237,0.0,0.0,0.0,1.0,0.9237,True,2107.098
153042#1,21.17,13.89,fuel,preseed,False,0,782.061,13.89,0.0,0.0,1.5241,0.0,0.0,0.0,1.0,1.5241,False,1191.9531
-153423#4,3.6,13.89,fuel,preseed,False,1,787.924,13.89,0.0,0.0,0.2592,0.0,0.0,0.0,1.0,0.2592,True,204.2137
152255#0,11.43,27.78,fuel,preseed,False,0,2281.184,27.78,0.0,0.0,0.4114,0.0,0.0,0.0,1.0,0.4114,False,938.5865
-152255#1,25.67,27.78,fuel,preseed,False,2,1558.599,27.78,0.0,0.0,0.924,0.0,0.0,0.0,1.0,0.924,True,1440.2174
-153440#6,26.53,13.89,fuel,preseed,False,2,782.061,13.89,0.0,0.0,1.91,0.0,0.0,0.0,1.0,1.91,True,1493.7419
-152256,36.57,27.78,fuel,ema_unlocked,False,3,610.414,27.78,0.0,0.0,1.3164,0.0,0.0,0.0,1.0,1.3164,True,803.5579
153459#0,210.08,13.89,fuel,ema_unlocked,False,1,831.258,13.89,0.0,0.0,15.1246,0.0,0.0,0.0,1.0,15.1246,True,12572.4065
152256,35.05,27.78,fuel,ema_unlocked,False,1,2250.48,27.78,0.0,0.0,1.2617,0.0,0.0,0.0,1.0,1.2617,True,2839.4286
153460,112.64,13.89,fuel,ema_unlocked,False,3,788.425,13.89,0.0,0.0,8.1094,0.0,0.0,0.0,1.0,8.1094,True,6393.6769
-152257,41.87,27.78,fuel,ema_unlocked,False,10,1870.902,27.78,0.0,0.0,1.5072,0.0,0.0,0.0,1.0,1.5072,True,2819.8231
153477#0,123.16,13.89,fuel,ema_unlocked,False,9,1195.038,13.89,0.0,0.0,8.8668,0.0,0.0,0.0,1.0,8.8668,True,10596.1794
-152927,774.87,13.89,fuel,ema_unlocked,False,10,488.108,13.89,0.0,0.0,55.7862,0.0,0.0,0.0,1.0,55.7862,True,27229.6552
152257,37.47,27.78,fuel,ema_unlocked,False,10,756.867,27.317,0.0006,0.0,1.3717,0.0,0.0,0.0,1.0,1.3717,True,1038.1739
-152270,88.4,27.78,fuel,ema_unlocked,False,9,2140.939,27.78,0.0,16190.146,3.1821,0.0,0.6882,0.0,6.5058,20.7022,True,6812.7797
152419#0,64.99,13.89,fuel,ema_unlocked,False,8,330.56,13.659,0.0007,0.0,4.7582,0.0,0.0,0.0,1.0,4.7582,True,1572.8738
-152418,141.63,13.89,fuel,ema_unlocked,False,4,873.567,13.89,0.0,0.0,10.1965,0.0,0.0,0.0,1.0,10.1965,True,8907.3596
152270,83.92,27.78,fuel,ema_unlocked,False,8,2799.887,27.78,0.0,16429.758,3.0209,0.0,0.4712,0.0,4.7699,14.4094,True,8458.1192
-152283,129.84,27.78,fuel,ema_unlocked,False,7,1469.874,27.78,0.0,19359.752,4.6739,0.0,0.909,0.0,8.2721,38.6625,True,6869.9932
-152555,1955.18,13.89,fuel,ema_unlocked,False,2,951.561,13.89,0.0,0.0,140.7617,0.0,0.0,0.0,1.0,140.7617,True,133943.2786
152283,111.08,27.78,fuel,ema_unlocked,False,2,3122.375,27.78,0.0,0.0,3.9986,0.0,0.0,0.0,1.0,3.9986,True,12485.0057
152554,1324.33,13.89,fuel,ema_unlocked,False,7,257.905,13.89,0.0,0.0,95.3441,0.0,0.0,0.0,1.0,95.3441,True,24589.7584
-152284,86.71,13.89,fuel,preseed,False,1,782.061,13.89,0.0,0.0,6.2426,0.0,0.0,0.0,1.0,6.2426,True,4882.1092
152589,169.33,13.89,fuel,preseed,False,0,782.061,13.89,0.0,0.0,12.1908,0.0,0.0,0.0,1.0,12.1908,False,9533.9355
152284,86.49,13.89,fuel,preseed,False,0,782.061,13.89,0.0,0.0,6.2268,0.0,0.0,0.0,1.0,6.2268,False,4869.7223
152594,154.5,13.89,fuel,preseed,False,1,782.061,13.89,0.0,0.0,11.1231,0.0,0.0,0.0,1.0,11.1231,True,8698.949
-152288,1604.92,27.78,fuel,preseed,False,4,2354.247,27.713,0.0,169701.504,57.9112,0.0,0.1224,0.0,1.9789,114.5989,True,136337.3154
152855,19.06,13.89,fuel,preseed,False,0,782.061,13.89,0.0,0.0,1.3722,0.0,0.0,0.0,1.0,1.3722,False,1073.1519
152288,1601.46,27.78,fuel,ema_unlocked,False,6,866.888,27.78,0.0,0.0,57.6479,0.0,0.0,0.0,1.0,57.6479,True,49974.2936
152325#0,47.97,13.89,fuel,preseed,False,4,1051.716,13.89,0.0,0.0,3.4536,0.0,0.0,0.0,1.0,3.4536,True,3632.1696
-152289,383.22,13.89,fuel,preseed,False,0,782.061,13.89,0.0,0.0,27.5896,0.0,0.0,0.0,1.0,27.5896,False,21576.7718
152662,72.83,13.89,fuel,preseed,False,0,782.061,13.89,0.0,0.0,5.2433,0.0,0.0,0.0,1.0,5.2433,False,4100.6114
-152762,193.78,13.89,fuel,preseed,False,0,782.061,13.89,0.0,0.0,13.951,0.0,0.0,0.0,1.0,13.951,False,10910.5653
152289,386.42,13.89,fuel,preseed,False,2,782.061,13.89,0.0,0.0,27.82,0.0,0.0,0.0,1.0,27.82,True,21756.9442
-152761,58.65,13.89,fuel,ema_unlocked,False,7,2258.158,13.89,0.0,0.0,4.2225,0.0,0.0,0.0,1.0,4.2225,True,9534.9875
152290,307.16,22.22,fuel,preseed,False,2,1592.403,22.22,0.0,0.0,13.8236,0.0,0.0,0.0,1.0,13.8236,True,22012.7117
-152291,72.49,22.22,fuel,ema_unlocked,False,7,1476.553,22.22,0.0,0.0,3.2624,0.0,0.0,0.0,1.0,3.2624,True,4817.0729
152761,58.65,13.89,fuel,preseed,False,0,782.061,13.89,0.0,0.0,4.2225,0.0,0.0,0.0,1.0,4.2225,False,3302.2224
-152800,101.64,13.89,fuel,ema_unlocked,False,7,628.326,13.89,0.0,5060.927,7.3175,0.0,0.0504,0.0,1.4029,10.266,True,4597.7704
152291,72.75,22.22,fuel,preseed,False,1,1791.733,22.22,0.0,0.0,3.2741,0.0,0.0,0.0,1.0,3.2741,True,5866.2725
-152292,44.66,22.22,fuel,ema_unlocked,False,7,1862.095,22.22,0.0,0.0,2.0099,0.0,0.0,0.0,1.0,2.0099,True,3742.626
152800,102.62,13.89,fuel,preseed,False,1,782.128,13.89,0.0,0.0,7.388,0.0,0.0,0.0,1.0,7.388,True,5778.3974
-152794,68.13,13.89,fuel,ema_unlocked,False,7,957.907,13.89,0.0,4780.706,4.905,0.0,0.0087,0.0,1.07,5.2482,True,4698.5016
152292,44.69,22.22,fuel,preseed,False,1,1745.319,22.22,0.0,0.0,2.0113,0.0,0.0,0.0,1.0,2.0113,True,3510.2741
-152293,101.89,22.22,fuel,preseed,False,1,1737.988,22.22,0.0,0.0,4.5855,0.0,0.0,0.0,1.0,4.5855,True,7969.5611
152385,42.44,13.89,fuel,ema_unlocked,False,7,650.073,13.89,0.0,0.0,3.0554,0.0,0.0,0.0,1.0,3.0554,True,1986.2573
152293,102.13,22.22,fuel,ema_unlocked,False,7,2067.082,22.22,0.0,0.0,4.5963,0.0,0.0,0.0,1.0,4.5963,True,9500.9485
152794,67.6,13.89,fuel,preseed,False,1,755.331,13.89,0.0,0.0,4.8668,0.0,0.0,0.0,1.0,4.8668,True,3676.052
-152298,124.48,13.89,fuel,preseed,False,2,762.68,13.89,0.0,0.0,8.9618,0.0,0.0,0.0,1.0,8.9618,True,6835.0145
-152646,29.04,13.89,fuel,preseed,False,1,655.992,13.89,0.0,0.0,2.0907,0.0,0.0,0.0,1.0,2.0907,True,1371.491
-152873#3,30.09,13.89,fuel,preseed,False,0,782.061,13.89,0.0,0.0,2.1663,0.0,0.0,0.0,1.0,2.1663,False,1694.1837
152298,125.31,13.89,fuel,preseed,False,1,784.019,13.88,0.0005,7801.622,9.028,0.0,0.0511,0.0,1.4089,12.7194,True,7078.0867
-152299,43.57,22.22,fuel,preseed,False,3,1836.516,22.22,0.0,0.0,1.9608,0.0,0.0,0.0,1.0,1.9608,True,3601.1248
-152898#2,181.07,13.89,fuel,preseed,False,2,679.49,13.89,0.0,0.0,13.036,0.0,0.0,0.0,1.0,13.036,True,8857.8313
152299,43.57,22.22,fuel,preseed,False,1,1541.727,22.22,0.0,0.0,1.9608,0.0,0.0,0.0,1.0,1.9608,True,3023.0894
152857,64.34,13.89,fuel,preseed,False,3,796.257,13.659,0.0012,0.0,4.7106,0.0,0.0,0.0,1.0,4.7106,True,3750.8662
-152300,65.91,27.78,fuel,preseed,False,1,2281.184,27.78,0.0,0.0,2.3726,0.0,0.0,0.0,1.0,2.3726,True,5412.2693
-152892#1,174.69,13.89,fuel,preseed,False,2,782.061,13.89,0.0,0.0,12.5767,0.0,0.0,0.0,1.0,12.5767,True,9835.7243
152300,65.91,27.78,fuel,preseed,False,2,2281.184,27.78,0.0,0.0,2.3726,0.0,0.0,0.0,1.0,2.3726,True,5412.2693
152891#0,198.23,13.89,fuel,preseed,False,1,782.061,13.89,0.0,0.0,14.2714,0.0,0.0,0.0,1.0,14.2714,True,11161.1175
-152302,26.57,27.78,fuel,ema_unlocked,False,10,5481.671,27.78,0.0,10491.599,0.9564,0.0,0.5006,0.0,5.0044,4.7864,True,5242.9081
153342,43.54,13.89,fuel,ema_unlocked,False,9,2416.849,13.659,0.0004,8203.948,3.1878,0.0,0.0324,0.0,1.2594,4.0146,True,7704.3324
-153477#1,644.89,13.89,fuel,ema_unlocked,False,10,533.62,13.89,0.0,0.0,46.4284,0.0,0.0,0.0,1.0,46.4284,True,24775.1098
152302,26.59,27.78,fuel,ema_unlocked,False,9,212.775,27.78,0.0,0.0,0.9572,0.0,0.0,0.0,1.0,0.9572,True,203.6608
-152303,42.53,27.78,fuel,ema_unlocked,False,10,2759.191,27.78,0.0,0.0,1.531,0.0,0.0,0.0,1.0,1.531,True,4224.2035
-153476#26,370.55,13.89,fuel,ema_unlocked,False,7,373.948,13.649,0.0002,11670.536,27.1482,0.0,0.0748,0.0,1.5983,43.3913,True,10152.0197
-153342,45.01,13.89,fuel,ema_unlocked,False,10,171.005,13.89,0.0,0.0,3.2405,0.0,0.0,0.0,1.0,3.2405,True,554.1336
152303,42.5,27.78,fuel,ema_unlocked,False,9,2536.431,27.116,0.0018,7287.605,1.5673,0.0,0.4166,0.0,4.3327,6.7908,True,3975.3847
-152304,617.11,27.78,fuel,ema_unlocked,False,10,1219.034,27.725,0.0002,40997.779,22.2581,0.0,0.2555,0.0,3.0439,67.7512,True,27133.3467
152927,773.05,13.89,fuel,ema_unlocked,False,10,968.105,13.616,0.0002,61591.784,56.7757,0.0,0.0603,0.0,1.4823,84.1566,True,54964.9098
-153478,542.5,13.89,fuel,ema_unlocked,False,10,422.235,13.89,0.0,0.0,39.0569,0.0,0.0,0.0,1.0,39.0569,True,16491.1982
152304,616.71,27.78,fuel,ema_unlocked,False,10,2410.269,27.78,0.0,0.0,22.1998,0.0,0.0,0.0,1.0,22.1998,True,53507.4449
-152305,13.55,13.89,fuel,ema_unlocked,False,5,328.702,13.89,0.0,1340.319,0.9755,0.0,1.0,0.0,9.0,8.7797,True,320.6556
152312#0,5.92,22.22,fuel,ema_unlocked,False,6,1583.73,22.22,0.0,2059.901,0.2664,0.0,1.0,0.0,9.0,2.3978,True,421.9478
-152831#2,80.59,13.89,fuel,ema_unlocked,False,5,309.153,13.89,0.0,0.0,5.802,0.0,0.0,0.0,1.0,5.802,True,1793.7122
152305,13.06,13.89,fuel,ema_unlocked,False,6,876.024,13.89,0.0,0.0,0.9402,0.0,0.0,0.0,1.0,0.9402,True,823.6766
152960#5,8.43,13.89,fuel,ema_unlocked,False,4,1678.461,13.89,0.0,0.0,0.6069,0.0,0.0,0.0,1.0,0.6069,True,1018.6774
-152307,73.48,27.78,fuel,preseed,False,1,2281.184,27.78,0.0,0.0,2.6451,0.0,0.0,0.0,1.0,2.6451,True,6033.8879
-153372#4,38.92,13.89,fuel,preseed,False,3,734.096,13.869,0.0003,2176.659,2.8062,0.0,0.0283,0.0,1.2264,3.4417,True,2060.0451
-152565,18.35,13.89,fuel,preseed,False,1,782.061,13.89,0.0,0.0,1.3211,0.0,0.0,0.0,1.0,1.3211,True,1033.1761
152307,73.68,27.78,fuel,preseed,False,3,2014.085,27.78,0.0,7807.987,2.6523,0.0,0.2308,0.0,2.8466,7.55,True,5341.8935
-152308,102.27,27.78,fuel,ema_unlocked,False,10,2682.132,27.78,0.0,0.0,3.6814,0.0,0.0,0.0,1.0,3.6814,True,9874.0708
152281,1576.87,27.78,fuel,ema_unlocked,False,10,2782.115,27.757,0.0,92743.955,56.8102,0.0,0.0,0.0,1.0,56.8102,True,158052.4873
152308,104.23,27.78,fuel,ema_unlocked,False,5,1724.137,27.78,0.0,12293.597,3.752,0.0,0.4502,0.0,4.6016,17.2652,True,6468.9287
-152309,232.46,22.22,fuel,ema_unlocked,False,10,1292.301,22.22,0.0,0.0,10.4617,0.0,0.0,0.0,1.0,10.4617,True,13519.7251
152309,232.96,22.22,fuel,ema_unlocked,False,5,1690.284,22.22,0.0,0.0,10.4842,0.0,0.0,0.0,1.0,10.4842,True,17721.3621
152318#1,20.11,27.78,fuel,ema_unlocked,False,10,865.442,26.854,0.0035,4216.953,0.7489,0.0,1.0,0.0,9.0,6.7398,True,648.0988
-152313,62.54,13.89,fuel,preseed,False,0,782.061,13.89,0.0,0.0,4.5025,0.0,0.0,0.0,1.0,4.5025,False,3521.2445
-153491#2,1.1,13.89,fuel,preseed,False,0,782.061,13.89,0.0,0.0,0.0792,0.0,0.0,0.0,1.0,0.0792,False,61.9343
153491#3,188.44,13.89,fuel,preseed,False,0,782.061,13.89,0.0,0.0,13.5666,0.0,0.0,0.0,1.0,13.5666,False,10609.9026
-152592,38.79,13.89,fuel,preseed,False,0,782.061,13.89,0.0,0.0,2.7927,0.0,0.0,0.0,1.0,2.7927,False,2184.0274
152313,58.83,13.89,fuel,preseed,False,0,782.061,13.89,0.0,0.0,4.2354,0.0,0.0,0.0,1.0,4.2354,False,3312.3571
-152319,79.79,13.89,fuel,preseed,False,2,931.228,13.89,0.0,0.0,5.7444,0.0,0.0,0.0,1.0,5.7444,True,5349.3623
-152615#2,60.29,13.89,fuel,preseed,False,2,557.35,13.89,0.0,0.0,4.3405,0.0,0.0,0.0,1.0,4.3405,True,2419.1943
-152965#1,11.54,13.89,fuel,preseed,False,0,782.061,13.89,0.0,0.0,0.8308,0.0,0.0,0.0,1.0,0.8308,False,649.7467
152319,90.68,13.89,fuel,preseed,False,2,815.836,13.89,0.0,0.0,6.5284,0.0,0.0,0.0,1.0,6.5284,True,5326.1363
-152321,169.16,13.89,fuel,preseed,False,0,782.061,13.89,0.0,0.0,12.1785,0.0,0.0,0.0,1.0,12.1785,False,9524.3638
152496,338.75,13.89,fuel,preseed,False,0,782.061,13.89,0.0,0.0,24.388,0.0,0.0,0.0,1.0,24.388,False,19072.9383
-152915,538.17,13.89,fuel,preseed,False,0,782.061,13.89,0.0,0.0,38.7451,0.0,0.0,0.0,1.0,38.7451,False,30301.0575
152321,170.86,13.89,fuel,preseed,False,0,782.061,13.89,0.0,0.0,12.3009,0.0,0.0,0.0,1.0,12.3009,False,9620.0804
-152330#0,782.42,13.89,fuel,ema_unlocked,False,10,1172.966,13.89,0.0,0.0,56.3297,0.0,0.0,0.0,1.0,56.3297,True,66072.8515
-153479#11,125.67,13.89,fuel,preseed,False,1,782.061,13.89,0.0,0.0,9.0475,0.0,0.0,0.0,1.0,9.0475,True,7075.7082
152330#1,127.16,13.89,fuel,ema_unlocked,False,9,310.556,13.89,0.0,0.0,9.1548,0.0,0.0,0.0,1.0,9.1548,True,2843.0727
152404#0,39.48,13.89,fuel,preseed,False,0,782.061,13.89,0.0,0.0,2.8423,0.0,0.0,0.0,1.0,2.8423,False,2222.8771
-152409#3,472.63,13.89,fuel,preseed,False,3,862.316,13.89,0.0,0.0,34.0266,0.0,0.0,0.0,1.0,34.0266,True,29341.7027
152330#0,781.23,13.89,fuel,observed,True,8,335.553,13.89,0.0,0.0,56.2441,0.0,0.0,0.0,1.0,56.2441,True,18872.8357
153637,1024.03,13.89,fuel,ema_unlocked,False,10,1250.742,13.111,0.0012,103015.634,78.103,0.0,0.0273,0.0,1.2182,95.146,True,97686.6231
-152330#1,121.97,13.89,fuel,ema_unlocked,False,10,1055.547,13.89,0.0,0.0,8.7811,0.0,0.0,0.0,1.0,8.7811,True,9268.9007
152330#2,326.59,13.89,fuel,ema_unlocked,False,9,267.24,13.651,0.0004,8159.033,23.924,0.0,0.1381,0.0,2.1046,50.3511,True,6393.4432
153468#0,17.14,13.89,fuel,preseed,False,0,782.061,13.89,0.0,0.0,1.234,0.0,0.0,0.0,1.0,1.234,False,965.0485
-152330#2,317.81,13.89,fuel,ema_unlocked,False,10,1305.176,13.442,0.0005,31558.61,23.6426,0.0,0.0114,0.0,1.0908,25.7905,True,30857.7958
152330#3,53.55,13.89,fuel,ema_unlocked,False,9,188.465,13.89,0.0,662.09,3.8553,0.0,0.0,0.0,1.0,3.8553,True,726.5861
-152330#3,51.34,13.89,fuel,ema_unlocked,False,10,1342.214,13.659,0.0004,5302.647,3.7588,0.0,0.0255,0.0,1.2042,4.5262,True,5045.1556
152330#4,75.77,13.89,fuel,ema_unlocked,False,10,323.224,13.89,0.0,0.0,5.455,0.0,0.0,0.0,1.0,5.455,True,1763.1883
152407,83.59,13.89,fuel,preseed,False,1,748.223,13.89,0.0,0.0,6.018,0.0,0.0,0.0,1.0,6.018,True,4502.8042
-152330#4,75.05,13.89,fuel,ema_unlocked,False,10,1116.359,13.427,0.001,7090.515,5.5895,0.0,0.0682,0.0,1.5453,8.6374,True,6239.8716
152330#5,96.46,13.89,fuel,ema_unlocked,False,10,321.165,13.659,0.0001,0.0,7.0623,0.0,0.0,0.0,1.0,7.0623,True,2268.153
-152332,39.17,13.89,fuel,preseed,False,0,782.061,13.89,0.0,0.0,2.82,0.0,0.0,0.0,1.0,2.82,False,2205.4229
-152931#3,180.99,13.89,fuel,preseed,False,1,782.061,13.89,0.0,0.0,13.0302,0.0,0.0,0.0,1.0,13.0302,True,10190.4387
152467,39.25,13.89,fuel,preseed,False,0,782.061,13.89,0.0,0.0,2.8258,0.0,0.0,0.0,1.0,2.8258,False,2209.9272
152931#4,189.41,13.89,fuel,preseed,False,0,782.061,13.89,0.0,0.0,13.6364,0.0,0.0,0.0,1.0,13.6364,False,10664.5173
153489#1,14.44,13.89,fuel,preseed,False,0,782.061,13.89,0.0,0.0,1.0396,0.0,0.0,0.0,1.0,1.0396,False,813.028
-152333,4.45,13.89,fuel,preseed,False,0,782.061,13.89,0.0,0.0,0.3204,0.0,0.0,0.0,1.0,0.3204,False,250.5523
-152787#2,8.06,13.89,fuel,preseed,False,0,782.061,13.89,0.0,0.0,0.5803,0.0,0.0,0.0,1.0,0.5803,False,453.8092
152762,195.92,13.89,fuel,preseed,False,2,782.061,13.89,0.0,0.0,14.1051,0.0,0.0,0.0,1.0,14.1051,True,11031.0556
-153548#1,7.9,13.89,fuel,preseed,False,0,782.061,13.89,0.0,0.0,0.5688,0.0,0.0,0.0,1.0,0.5688,False,444.8006
152333,4.45,13.89,fuel,preseed,False,0,782.061,13.89,0.0,0.0,0.3204,0.0,0.0,0.0,1.0,0.3204,False,250.5523
153548#2,89.6,13.89,fuel,preseed,False,0,782.061,13.89,0.0,0.0,6.4507,0.0,0.0,0.0,1.0,6.4507,False,5044.8274
-152335,198.13,13.89,fuel,preseed,False,0,782.061,13.89,0.0,0.0,14.2642,0.0,0.0,0.0,1.0,14.2642,False,11155.4872
-153355#3,346.11,13.89,fuel,preseed,False,0,782.061,13.89,0.0,0.0,24.9179,0.0,0.0,0.0,1.0,24.9179,False,19487.3349
153355#4,158.6,13.89,fuel,preseed,False,0,782.061,13.89,0.0,0.0,11.4183,0.0,0.0,0.0,1.0,11.4183,False,8929.7949
-153355#2,11.25,13.89,fuel,preseed,False,0,782.061,13.89,0.0,0.0,0.8099,0.0,0.0,0.0,1.0,0.8099,False,633.4186
152334,216.98,13.89,fuel,preseed,False,0,782.061,13.89,0.0,0.0,15.6213,0.0,0.0,0.0,1.0,15.6213,False,12216.8152
153355#3,344.0,13.89,fuel,preseed,False,0,782.061,13.89,0.0,0.0,24.766,0.0,0.0,0.0,1.0,24.766,False,19368.5337
-152336,111.5,13.89,fuel,preseed,False,0,782.061,13.89,0.0,0.0,8.0274,0.0,0.0,0.0,1.0,8.0274,False,6277.8823
-153354#1,66.39,13.89,fuel,ema_unlocked,False,2,96.118,13.89,0.0,546.728,4.7797,0.0,0.095,0.0,1.7602,8.4133,True,459.4135
152336,99.99,13.89,fuel,preseed,False,0,782.061,13.89,0.0,0.0,7.1987,0.0,0.0,0.0,1.0,7.1987,False,5629.8247
153354#2,324.7,13.89,fuel,ema_unlocked,False,1,1398.503,13.89,0.0,0.0,23.3765,0.0,0.0,0.0,1.0,23.3765,True,32692.154
-152337,121.88,13.89,fuel,preseed,False,0,782.061,13.89,0.0,0.0,8.7747,0.0,0.0,0.0,1.0,8.7747,False,6862.3165
-153354#0,44.02,13.89,fuel,ema_unlocked,False,2,1191.823,13.89,0.0,0.0,3.1692,0.0,0.0,0.0,1.0,3.1692,True,3777.1101
152337,115.61,13.89,fuel,preseed,False,0,782.061,13.89,0.0,0.0,8.3233,0.0,0.0,0.0,1.0,8.3233,False,6509.2912
153354#1,66.83,13.89,fuel,ema_unlocked,False,1,2046.203,13.89,0.0,0.0,4.8114,0.0,0.0,0.0,1.0,4.8114,True,9845.048
-152338,46.71,13.89,fuel,preseed,False,0,782.061,13.89,0.0,0.0,3.3629,0.0,0.0,0.0,1.0,3.3629,False,2629.9541
-153361#1,228.97,13.89,fuel,preseed,False,0,782.061,13.89,0.0,0.0,16.4845,0.0,0.0,0.0,1.0,16.4845,False,12891.8987
152338,52.7,13.89,fuel,preseed,False,0,782.061,13.89,0.0,0.0,3.7941,0.0,0.0,0.0,1.0,3.7941,False,2967.2143
153361#2,18.09,13.89,fuel,preseed,False,0,782.061,13.89,0.0,0.0,1.3024,0.0,0.0,0.0,1.0,1.3024,False,1018.5371
-152339,33.8,13.89,fuel,preseed,False,0,782.061,13.89,0.0,0.0,2.4334,0.0,0.0,0.0,1.0,2.4334,False,1903.071
-153367#0,61.06,13.89,fuel,preseed,False,0,782.061,13.89,0.0,0.0,4.396,0.0,0.0,0.0,1.0,4.396,False,3437.9147
152339,37.43,13.89,fuel,preseed,False,0,782.061,13.89,0.0,0.0,2.6947,0.0,0.0,0.0,1.0,2.6947,False,2107.4541
153367#1,170.35,13.89,fuel,preseed,False,0,782.061,13.89,0.0,0.0,12.2642,0.0,0.0,0.0,1.0,12.2642,False,9591.3655
-152340,73.68,13.89,fuel,preseed,False,0,782.061,13.89,0.0,0.0,5.3045,0.0,0.0,0.0,1.0,5.3045,False,4148.4697
-153381#0,150.18,13.89,fuel,preseed,False,0,782.061,13.89,0.0,0.0,10.8121,0.0,0.0,0.0,1.0,10.8121,False,8455.7163
152340,74.79,13.89,fuel,preseed,False,0,782.061,13.89,0.0,0.0,5.3844,0.0,0.0,0.0,1.0,5.3844,False,4210.967
153381#1,205.47,13.89,fuel,preseed,False,1,782.061,13.89,0.0,0.0,14.7927,0.0,0.0,0.0,1.0,14.7927,True,11568.7576
-152341,52.06,13.89,fuel,preseed,False,0,782.061,13.89,0.0,0.0,3.748,0.0,0.0,0.0,1.0,3.748,False,2931.1798
-152972#1,203.64,13.89,fuel,preseed,False,0,782.061,13.89,0.0,0.0,14.6609,0.0,0.0,0.0,1.0,14.6609,False,11465.7215
152341,49.85,13.89,fuel,preseed,False,0,782.061,13.89,0.0,0.0,3.5889,0.0,0.0,0.0,1.0,3.5889,False,2806.7483
152972#2,59.11,13.89,fuel,preseed,False,0,782.061,13.89,0.0,0.0,4.2556,0.0,0.0,0.0,1.0,4.2556,False,3328.1222
-152342,204.66,13.89,fuel,preseed,False,0,782.061,13.89,0.0,0.0,14.7343,0.0,0.0,0.0,1.0,14.7343,False,11523.1515
-153388#1,346.3,13.89,fuel,preseed,False,1,782.061,13.89,0.0,0.0,24.9316,0.0,0.0,0.0,1.0,24.9316,True,19498.0326
152343,192.95,13.89,fuel,preseed,False,0,782.061,13.89,0.0,0.0,13.8913,0.0,0.0,0.0,1.0,13.8913,False,10863.8331
152474#0,189.47,13.89,fuel,preseed,False,0,782.061,13.89,0.0,0.0,13.6407,0.0,0.0,0.0,1.0,13.6407,False,10667.8956
153388#2,105.64,13.89,fuel,preseed,False,0,782.061,13.89,0.0,0.0,7.6055,0.0,0.0,0.0,1.0,7.6055,False,5947.9416
-152347#0,193.33,13.89,fuel,preseed,False,0,782.061,13.89,0.0,0.0,13.9186,0.0,0.0,0.0,1.0,13.9186,False,10885.2285
152347#1,197.16,13.89,fuel,preseed,False,2,782.061,13.89,0.0,0.0,14.1944,0.0,0.0,0.0,1.0,14.1944,True,11100.8724
152460,117.57,13.89,fuel,preseed,False,2,736.872,13.89,0.0,0.0,8.4644,0.0,0.0,0.0,1.0,8.4644,True,6237.156
-152349,32.83,13.89,fuel,preseed,False,2,799.268,13.89,0.0,0.0,2.3636,0.0,0.0,0.0,1.0,2.3636,True,1889.1258
152582#1,17.95,13.89,fuel,preseed,False,2,546.817,13.89,0.0,0.0,1.2923,0.0,0.0,0.0,1.0,1.2923,True,706.6497
-152582#0,99.42,13.89,fuel,ema_unlocked,False,5,882.856,13.89,0.0,0.0,7.1577,0.0,0.0,0.0,1.0,7.1577,True,6319.1892
-152582#1,18.31,13.89,fuel,ema_unlocked,False,6,637.561,13.659,0.0004,0.0,1.3406,0.0,0.0,0.0,1.0,1.3406,True,854.687
152349,50.36,13.89,fuel,preseed,False,0,782.061,13.89,0.0,0.0,3.6256,0.0,0.0,0.0,1.0,3.6256,False,2835.4632
-152590#2,43.62,13.89,fuel,preseed,False,2,782.061,13.89,0.0,0.0,3.1404,0.0,0.0,0.0,1.0,3.1404,True,2455.9751
152582#2,135.01,13.89,fuel,ema_unlocked,False,4,280.203,13.852,0.0007,9123.873,9.7469,0.0,1.0,0.0,9.0,87.7226,True,2731.1218
-152351,221.16,13.89,fuel,preseed,False,0,782.061,13.89,0.0,0.0,15.9222,0.0,0.0,0.0,1.0,15.9222,False,12452.1654
-153381#6,207.58,13.89,fuel,preseed,False,0,782.061,13.659,0.0001,0.0,15.1979,0.0,0.0,0.0,1.0,15.1979,False,11885.653
153381#7,243.17,13.89,fuel,preseed,False,1,782.061,13.89,0.0,0.0,17.5068,0.0,0.0,0.0,1.0,17.5068,True,13691.4138
-152442,207.83,13.89,fuel,preseed,False,0,782.061,13.89,0.0,0.0,14.9626,0.0,0.0,0.0,1.0,14.9626,False,11701.6348
-152352#0,46.49,13.89,fuel,preseed,False,0,782.061,13.89,0.0,0.0,3.347,0.0,0.0,0.0,1.0,3.347,False,2617.5672
152352#1,36.58,13.89,fuel,preseed,False,0,782.061,13.89,0.0,0.0,2.6335,0.0,0.0,0.0,1.0,2.6335,False,2059.5958
152539#0,58.06,13.89,fuel,preseed,False,0,782.061,13.89,0.0,0.0,4.18,0.0,0.0,0.0,1.0,4.18,False,3269.0031
152352#0,46.17,13.89,fuel,preseed,False,0,782.061,13.89,0.0,0.0,3.324,0.0,0.0,0.0,1.0,3.324,False,2599.55
-152352#1,47.05,13.89,fuel,preseed,False,0,782.061,13.89,0.0,0.0,3.3873,0.0,0.0,0.0,1.0,3.3873,False,2649.0974
-152599,26.12,13.89,fuel,preseed,False,0,782.061,13.89,0.0,0.0,1.8805,0.0,0.0,0.0,1.0,1.8805,False,1470.6573
152352#2,13.84,13.89,fuel,preseed,False,0,782.061,13.89,0.0,0.0,0.9964,0.0,0.0,0.0,1.0,0.9964,False,779.2457
-152352#2,13.26,13.89,fuel,preseed,False,0,782.061,13.89,0.0,0.0,0.9546,0.0,0.0,0.0,1.0,0.9546,False,746.5894
-152539#0,49.44,13.89,fuel,preseed,False,0,782.061,13.89,0.0,0.0,3.5594,0.0,0.0,0.0,1.0,3.5594,False,2783.6637
152539#1,168.78,13.89,fuel,preseed,False,0,782.061,13.89,0.0,0.0,12.1512,0.0,0.0,0.0,1.0,12.1512,False,9502.9684
-152354#0,122.11,13.89,fuel,preseed,False,1,807.07,13.89,0.0,0.0,8.7912,0.0,0.0,0.0,1.0,8.7912,True,7095.1304
152354#1,160.51,13.89,fuel,preseed,False,2,782.061,13.89,0.0,0.0,11.5558,0.0,0.0,0.0,1.0,11.5558,True,9037.3353
152354#0,118.75,13.89,fuel,preseed,False,0,782.061,13.89,0.0,0.0,8.5493,0.0,0.0,0.0,1.0,8.5493,False,6686.0854
-152355#0,7.92,13.89,fuel,preseed,False,0,782.061,13.89,0.0,0.0,0.5702,0.0,0.0,0.0,1.0,0.5702,False,445.9267
152355#1,24.49,13.89,fuel,preseed,False,0,782.061,13.89,0.0,0.0,1.7631,0.0,0.0,0.0,1.0,1.7631,False,1378.8819
-152355#1,22.28,13.89,fuel,preseed,False,0,782.061,13.89,0.0,0.0,1.604,0.0,0.0,0.0,1.0,1.604,False,1254.4504
-152357,143.39,13.89,fuel,preseed,False,0,782.061,13.89,0.0,0.0,10.3233,0.0,0.0,0.0,1.0,10.3233,False,8073.4129
-152626#0,66.64,13.89,fuel,preseed,False,0,782.061,13.89,0.0,0.0,4.7977,0.0,0.0,0.0,1.0,4.7977,False,3752.0904
152357,131.95,13.89,fuel,preseed,False,0,782.061,13.89,0.0,0.0,9.4996,0.0,0.0,0.0,1.0,9.4996,False,7429.2966
152626#1,134.59,13.89,fuel,preseed,False,0,782.061,13.89,0.0,0.0,9.6897,0.0,0.0,0.0,1.0,9.6897,False,7577.9388
-152358,32.37,13.89,fuel,preseed,False,0,782.061,13.89,0.0,0.0,2.3305,0.0,0.0,0.0,1.0,2.3305,False,1822.5565
-153391#0,277.74,13.89,fuel,preseed,False,4,839.62,13.89,0.0,0.0,19.9957,0.0,0.0,0.0,1.0,19.9957,True,16788.7677
153391#1,190.98,13.89,fuel,ema_unlocked,False,5,114.344,13.862,0.0004,2414.02,13.7768,0.0,0.2662,0.0,3.1297,43.1174,True,1575.2898
152358,31.57,13.89,fuel,preseed,False,0,782.061,13.89,0.0,0.0,2.2729,0.0,0.0,0.0,1.0,2.2729,False,1777.5134
-152359,83.18,13.89,fuel,preseed,False,0,782.061,13.89,0.0,0.0,5.9885,0.0,0.0,0.0,1.0,5.9885,False,4683.3565
-153490#1,230.6,13.89,fuel,preseed,False,0,782.061,13.89,0.0,0.0,16.6019,0.0,0.0,0.0,1.0,16.6019,False,12983.674
152359,77.23,13.89,fuel,preseed,False,0,782.061,13.89,0.0,0.0,5.5601,0.0,0.0,0.0,1.0,5.5601,False,4348.3484
153490#2,38.86,13.89,fuel,preseed,False,1,782.061,13.89,0.0,0.0,2.7977,0.0,0.0,0.0,1.0,2.7977,True,2187.9687
-152360,352.1,13.89,fuel,preseed,False,0,782.061,13.89,0.0,0.0,25.3492,0.0,0.0,0.0,1.0,25.3492,False,19824.5951
-152750#7,134.49,13.89,fuel,preseed,False,0,782.061,13.89,0.0,0.0,9.6825,0.0,0.0,0.0,1.0,9.6825,False,7572.3084
152750#8,268.64,13.89,fuel,preseed,False,0,782.061,13.89,0.0,0.0,19.3405,0.0,0.0,0.0,1.0,19.3405,False,15125.4735
152360,348.99,13.89,fuel,preseed,False,0,782.061,13.89,0.0,0.0,25.1253,0.0,0.0,0.0,1.0,25.1253,False,19649.49
-152361,40.69,13.89,fuel,preseed,False,1,782.061,13.89,0.0,0.0,2.9294,0.0,0.0,0.0,1.0,2.9294,True,2291.0048
-152480,476.93,13.89,fuel,preseed,False,0,782.061,13.89,0.0,0.0,34.3362,0.0,0.0,0.0,1.0,34.3362,False,26853.0081
152534#4,255.62,13.89,fuel,preseed,False,3,754.91,13.89,0.0,14722.139,18.4032,0.0,0.0299,0.0,1.2388,22.7979,True,13892.7363
152535#4,257.92,13.89,fuel,observed,True,0,640.967,13.659,0.0,0.0,18.8835,0.0,0.0,0.0,1.0,18.8835,False,12103.6935
152361,40.62,13.89,fuel,preseed,False,1,782.061,13.89,0.0,0.0,2.9244,0.0,0.0,0.0,1.0,2.9244,True,2287.0635
-152364,42.91,13.89,fuel,preseed,False,0,782.061,13.89,0.0,0.0,3.0893,0.0,0.0,0.0,1.0,3.0893,False,2415.9994
-152652#0,11.15,13.89,fuel,preseed,False,2,782.061,13.89,0.0,0.0,0.8027,0.0,0.0,0.0,1.0,0.8027,True,627.7882
152364,35.86,13.89,fuel,preseed,False,0,782.061,13.89,0.0,0.0,2.5817,0.0,0.0,0.0,1.0,2.5817,False,2019.057
152652#1,162.04,13.89,fuel,preseed,False,1,802.647,13.89,0.0,0.0,11.6659,0.0,0.0,0.0,1.0,11.6659,True,9363.6428
-152367,90.44,13.89,fuel,preseed,False,0,782.061,13.89,0.0,0.0,6.5112,0.0,0.0,0.0,1.0,6.5112,False,5092.1226
-153404#3,82.9,13.89,fuel,preseed,False,3,687.551,13.89,0.0,0.0,5.9683,0.0,0.0,0.0,1.0,5.9683,True,4103.5238
152367,85.18,13.89,fuel,preseed,False,0,782.061,13.89,0.0,0.0,6.1325,0.0,0.0,0.0,1.0,6.1325,False,4795.9642
153404#4,12.17,13.89,fuel,preseed,False,1,858.871,13.89,0.0,0.0,0.8762,0.0,0.0,0.0,1.0,0.8762,True,752.5168
-152368,66.72,13.89,fuel,preseed,False,0,782.061,13.89,0.0,0.0,4.8035,0.0,0.0,0.0,1.0,4.8035,False,3756.5947
-153327#11,122.63,13.89,fuel,preseed,False,0,782.061,13.89,0.0,0.0,8.8287,0.0,0.0,0.0,1.0,8.8287,False,6904.5444
152368,58.53,13.89,fuel,preseed,False,0,782.061,13.89,0.0,0.0,4.2138,0.0,0.0,0.0,1.0,4.2138,False,3295.4659
153327#12,219.27,13.89,fuel,preseed,False,3,782.061,13.89,0.0,0.0,15.7862,0.0,0.0,0.0,1.0,15.7862,True,12345.7511
-152370#0,59.45,13.89,fuel,preseed,False,0,782.061,13.89,0.0,0.0,4.2801,0.0,0.0,0.0,1.0,4.2801,False,3347.2655
152370#1,58.83,13.89,fuel,preseed,False,0,782.061,13.89,0.0,0.0,4.2354,0.0,0.0,0.0,1.0,4.2354,False,3312.3571
152482,39.77,13.89,fuel,preseed,False,0,782.061,13.89,0.0,0.0,2.8632,0.0,0.0,0.0,1.0,2.8632,False,2239.2052
-153440#5,38.11,13.89,fuel,preseed,False,2,782.061,13.89,0.0,0.0,2.7437,0.0,0.0,0.0,1.0,2.7437,True,2145.7408
152370#0,58.47,13.89,fuel,preseed,False,0,782.061,13.89,0.0,0.0,4.2095,0.0,0.0,0.0,1.0,4.2095,False,3292.0877
153440#6,26.8,13.89,fuel,preseed,False,2,784.538,13.89,0.0,0.0,1.9294,0.0,0.0,0.0,1.0,1.9294,True,1513.7238
-152370#1,47.17,13.89,fuel,preseed,False,0,782.061,13.89,0.0,0.0,3.396,0.0,0.0,0.0,1.0,3.396,False,2655.8539
-152371,79.06,13.89,fuel,preseed,False,0,782.061,13.89,0.0,0.0,5.6919,0.0,0.0,0.0,1.0,5.6919,False,4451.3845
-153421#0,214.04,13.89,fuel,preseed,False,0,782.061,13.89,0.0,0.0,15.4096,0.0,0.0,0.0,1.0,15.4096,False,12051.2818
152371,89.1,13.89,fuel,preseed,False,0,782.061,13.89,0.0,0.0,6.4147,0.0,0.0,0.0,1.0,6.4147,False,5016.6754
153421#1,54.99,13.89,fuel,preseed,False,0,782.061,13.89,0.0,0.0,3.959,0.0,0.0,0.0,1.0,3.959,False,3096.1502
-152372,68.93,13.89,fuel,preseed,False,0,782.061,13.89,0.0,0.0,4.9626,0.0,0.0,0.0,1.0,4.9626,False,3881.0262
-152741#0,111.34,13.89,fuel,preseed,False,0,782.061,13.89,0.0,0.0,8.0158,0.0,0.0,0.0,1.0,8.0158,False,6268.8737
152372,67.99,13.89,fuel,preseed,False,0,782.061,13.89,0.0,0.0,4.8949,0.0,0.0,0.0,1.0,4.8949,False,3828.1006
152741#1,136.24,13.89,fuel,preseed,False,0,782.061,13.89,0.0,0.0,9.8085,0.0,0.0,0.0,1.0,9.8085,False,7670.8402
-152373,36.72,13.89,fuel,preseed,False,0,782.061,13.89,0.0,0.0,2.6436,0.0,0.0,0.0,1.0,2.6436,False,2067.4784
-153489#1,14.95,13.89,fuel,preseed,False,0,782.061,13.89,0.0,0.0,1.0763,0.0,0.0,0.0,1.0,1.0763,False,841.743
153489#2,117.58,13.89,fuel,preseed,False,0,782.061,13.89,0.0,0.0,8.4651,0.0,0.0,0.0,1.0,8.4651,False,6620.2099
152373,37.13,13.89,fuel,preseed,False,0,782.061,13.89,0.0,0.0,2.6731,0.0,0.0,0.0,1.0,2.6731,False,2090.563
-152374#0,78.99,13.89,fuel,preseed,False,0,782.061,13.89,0.0,0.0,5.6868,0.0,0.0,0.0,1.0,5.6868,False,4447.4432
152374#1,63.26,13.89,fuel,preseed,False,0,782.061,13.89,0.0,0.0,4.5544,0.0,0.0,0.0,1.0,4.5544,False,3561.7833
152735,41.4,13.89,fuel,preseed,False,0,782.061,13.89,0.0,0.0,2.9806,0.0,0.0,0.0,1.0,2.9806,False,2330.9805
152374#0,81.06,13.89,fuel,preseed,False,0,782.061,13.89,0.0,0.0,5.8359,0.0,0.0,0.0,1.0,5.8359,False,4563.9923
-152374#1,65.67,13.89,fuel,preseed,False,0,782.061,13.89,0.0,0.0,4.7279,0.0,0.0,0.0,1.0,4.7279,False,3697.4756
-152740,113.94,13.89,fuel,preseed,False,0,782.061,13.89,0.0,0.0,8.203,0.0,0.0,0.0,1.0,8.203,False,6415.2637
152374#2,43.62,13.89,fuel,preseed,False,0,782.061,13.89,0.0,0.0,3.1404,0.0,0.0,0.0,1.0,3.1404,False,2455.9751
-152374#2,48.7,13.89,fuel,preseed,False,0,782.061,13.89,0.0,0.0,3.5061,0.0,0.0,0.0,1.0,3.5061,False,2741.9988
152840,5.37,13.89,fuel,preseed,False,0,782.061,13.89,0.0,0.0,0.3866,0.0,0.0,0.0,1.0,0.3866,False,302.3518
152844,71.11,13.89,fuel,preseed,False,0,782.061,13.89,0.0,0.0,5.1195,0.0,0.0,0.0,1.0,5.1195,False,4003.7687
-152375,37.01,13.89,fuel,preseed,False,0,782.061,13.89,0.0,0.0,2.6645,0.0,0.0,0.0,1.0,2.6645,False,2083.8065
-152378#0,49.77,13.89,fuel,preseed,False,0,782.061,13.89,0.0,0.0,3.5832,0.0,0.0,0.0,1.0,3.5832,False,2802.244
152375,46.75,13.89,fuel,preseed,False,0,782.061,13.89,0.0,0.0,3.3657,0.0,0.0,0.0,1.0,3.3657,False,2632.2063
-152376,74.53,13.89,fuel,preseed,False,0,782.061,13.89,0.0,0.0,5.3657,0.0,0.0,0.0,1.0,5.3657,False,4196.328
-153451#3,44.22,13.89,fuel,ema_unlocked,False,4,1060.124,13.89,0.0,0.0,3.1836,0.0,0.0,0.0,1.0,3.1836,True,3374.9941
152376,68.36,13.89,fuel,preseed,False,0,782.061,13.89,0.0,0.0,4.9215,0.0,0.0,0.0,1.0,4.9215,False,3848.933
153451#4,110.84,13.89,fuel,ema_unlocked,False,8,248.414,13.89,0.0,0.0,7.9798,0.0,0.0,0.0,1.0,7.9798,True,1982.3069
-152377,86.55,13.89,fuel,preseed,False,0,782.061,13.89,0.0,0.0,6.2311,0.0,0.0,0.0,1.0,6.2311,False,4873.1006
-153456#0,277.06,13.89,fuel,ema_unlocked,False,5,1916.746,13.659,0.0003,0.0,20.2848,0.0,0.0,0.0,1.0,20.2848,True,38880.8093
152377,91.24,13.89,fuel,preseed,False,0,782.061,13.89,0.0,0.0,6.5688,0.0,0.0,0.0,1.0,6.5688,False,5137.1657
153456#1,38.75,13.89,fuel,preseed,False,0,782.061,13.89,0.0,0.0,2.7898,0.0,0.0,0.0,1.0,2.7898,False,2181.7752
-152749,140.02,13.89,fuel,preseed,False,0,782.061,13.89,0.0,0.0,10.0806,0.0,0.0,0.0,1.0,10.0806,False,7883.6689
-152751#0,61.52,13.89,fuel,preseed,False,0,782.061,13.89,0.0,0.0,4.4291,0.0,0.0,0.0,1.0,4.4291,False,3463.8145
152378#0,50.96,13.89,fuel,preseed,False,0,782.061,13.89,0.0,0.0,3.6688,0.0,0.0,0.0,1.0,3.6688,False,2869.2456
152751#2,4.38,13.89,fuel,preseed,False,0,782.061,13.89,0.0,0.0,0.3153,0.0,0.0,0.0,1.0,0.3153,False,246.611
-152380,312.54,13.89,fuel,preseed,False,0,782.061,13.89,0.0,0.0,22.5011,0.0,0.0,0.0,1.0,22.5011,False,17597.2137
-152383#0,104.91,13.89,fuel,preseed,False,2,782.061,13.89,0.0,0.0,7.5529,0.0,0.0,0.0,1.0,7.5529,True,5906.8397
152380,312.5,13.89,fuel,preseed,False,0,782.061,13.89,0.0,0.0,22.4982,0.0,0.0,0.0,1.0,22.4982,False,17594.9616
152383#1,10.37,13.89,fuel,preseed,False,2,782.061,13.89,0.0,0.0,0.7466,0.0,0.0,0.0,1.0,0.7466,True,583.8712
-152381,52.26,13.89,fuel,ema_unlocked,False,6,1899.26,13.89,0.0,0.0,3.7624,0.0,0.0,0.0,1.0,3.7624,True,7145.8124
-152672#2,62.73,13.89,fuel,preseed,False,5,611.57,13.659,0.0002,0.0,4.5927,0.0,0.0,0.0,1.0,4.5927,True,2808.7841
-152775#0,73.2,13.89,fuel,ema_unlocked,False,3,362.152,13.89,0.0,0.0,5.27,0.0,0.0,0.0,1.0,5.27,True,1908.5356
152775#2,17.43,13.89,fuel,ema_unlocked,False,6,1500.486,13.89,0.0,0.0,1.2549,0.0,0.0,0.0,1.0,1.2549,True,1882.8998
-152716,72.99,13.89,fuel,ema_unlocked,False,6,1063.062,13.89,0.0,7255.458,5.2549,0.0,0.1494,0.0,2.1952,11.5356,True,5586.2432
152381,58.09,13.89,fuel,preseed,False,6,505.513,13.89,0.0,0.0,4.1821,0.0,0.0,0.0,1.0,4.1821,True,2114.1287
152665,19.83,13.89,fuel,preseed,False,2,782.061,13.89,0.0,0.0,1.4276,0.0,0.0,0.0,1.0,1.4276,True,1116.5059
152781,138.93,13.89,fuel,preseed,False,1,827.679,13.89,0.0,0.0,10.0022,0.0,0.0,0.0,1.0,10.0022,True,8278.5782
-152422#1,292.7,13.89,fuel,preseed,False,2,782.061,13.89,0.0,0.0,21.0727,0.0,0.0,0.0,1.0,21.0727,True,16480.1448
-153553,132.07,13.89,fuel,preseed,False,0,782.061,13.89,0.0,0.0,9.5083,0.0,0.0,0.0,1.0,9.5083,False,7436.053
152383#0,101.46,13.89,fuel,preseed,False,2,782.061,13.89,0.0,0.0,7.3045,0.0,0.0,0.0,1.0,7.3045,True,5712.5914
-152383#1,10.37,13.89,fuel,preseed,False,2,782.061,13.89,0.0,0.0,0.7466,0.0,0.0,0.0,1.0,0.7466,True,583.8712
-152386#0,97.15,13.89,fuel,preseed,False,0,782.061,13.89,0.0,0.0,6.9942,0.0,0.0,0.0,1.0,6.9942,False,5469.9217
-152831#0,45.33,13.89,fuel,preseed,False,5,520.832,13.89,0.0,0.0,3.2635,0.0,0.0,0.0,1.0,3.2635,True,1699.7343
152386#1,20.64,13.89,fuel,preseed,False,0,782.061,13.89,0.0,0.0,1.486,0.0,0.0,0.0,1.0,1.486,False,1162.112
152831#1,66.09,13.89,fuel,ema_unlocked,False,3,1048.379,13.89,0.0,0.0,4.7581,0.0,0.0,0.0,1.0,4.7581,True,4988.2915
152386#0,99.45,13.89,fuel,preseed,False,2,852.897,13.89,0.0,0.0,7.1598,0.0,0.0,0.0,1.0,7.1598,True,6106.5916
152811,56.98,13.89,fuel,preseed,False,0,782.061,13.89,0.0,0.0,4.1022,0.0,0.0,0.0,1.0,4.1022,False,3208.1949
-152386#1,20.64,13.89,fuel,preseed,False,2,782.061,13.89,0.0,0.0,1.486,0.0,0.0,0.0,1.0,1.486,True,1162.112
-152783#1,27.2,13.89,fuel,preseed,False,0,782.061,13.89,0.0,0.0,1.9582,0.0,0.0,0.0,1.0,1.9582,False,1531.4655
152386#2,10.83,13.89,fuel,preseed,False,0,782.061,13.89,0.0,0.0,0.7797,0.0,0.0,0.0,1.0,0.7797,False,609.771
-152386#2,10.36,13.89,fuel,preseed,False,2,782.061,13.89,0.0,0.0,0.7459,0.0,0.0,0.0,1.0,0.7459,True,583.3082
-152784#1,29.71,13.89,fuel,preseed,False,0,782.061,13.89,0.0,0.0,2.1389,0.0,0.0,0.0,1.0,2.1389,False,1672.7882
152386#3,36.53,13.89,fuel,preseed,False,1,782.061,13.89,0.0,0.0,2.6299,0.0,0.0,0.0,1.0,2.6299,True,2056.7806
-152386#3,36.21,13.89,fuel,preseed,False,1,782.061,13.89,0.0,0.0,2.6069,0.0,0.0,0.0,1.0,2.6069,True,2038.7634
-152390,91.17,13.89,fuel,preseed,False,0,782.061,13.89,0.0,0.0,6.5637,0.0,0.0,0.0,1.0,6.5637,False,5133.2245
-153335#4,73.86,13.89,fuel,preseed,False,3,782.061,13.89,0.0,0.0,5.3175,0.0,0.0,0.0,1.0,5.3175,True,4158.6044
152390,87.79,13.89,fuel,preseed,False,0,782.061,13.89,0.0,0.0,6.3204,0.0,0.0,0.0,1.0,6.3204,False,4942.9174
153335#5,68.61,13.89,fuel,preseed,False,0,782.061,13.89,0.0,0.0,4.9395,0.0,0.0,0.0,1.0,4.9395,False,3863.009
-152391,24.72,13.89,fuel,preseed,False,1,782.061,13.89,0.0,0.0,1.7797,0.0,0.0,0.0,1.0,1.7797,True,1391.8318
152836#2,3.77,13.89,fuel,preseed,False,1,782.061,13.89,0.0,0.0,0.2714,0.0,0.0,0.0,1.0,0.2714,True,212.2656
-152836#1,17.21,13.89,fuel,preseed,False,2,1052.684,13.89,0.0,0.0,1.239,0.0,0.0,0.0,1.0,1.239,True,1304.2973
-152836#2,3.62,13.89,fuel,preseed,False,2,1026.203,13.89,0.0,0.0,0.2606,0.0,0.0,0.0,1.0,0.2606,True,267.4483
152391,42.05,13.89,fuel,preseed,False,0,782.061,13.89,0.0,0.0,3.0274,0.0,0.0,0.0,1.0,3.0274,False,2367.578
152836#3,136.19,13.89,fuel,preseed,False,2,782.061,13.89,0.0,0.0,9.8049,0.0,0.0,0.0,1.0,9.8049,True,7668.025
-152392,64.63,13.89,fuel,preseed,False,1,797.485,13.89,0.0,0.0,4.653,0.0,0.0,0.0,1.0,4.653,True,3710.687
-152841#0,203.09,13.89,fuel,preseed,False,0,782.061,13.89,0.0,0.0,14.6213,0.0,0.0,0.0,1.0,14.6213,False,11434.7544
152841#1,304.84,13.89,fuel,preseed,False,1,874.268,13.89,0.0,0.0,21.9467,0.0,0.0,0.0,1.0,21.9467,True,19187.3169
152392,61.3,13.89,fuel,preseed,False,1,819.125,13.89,0.0,0.0,4.4132,0.0,0.0,0.0,1.0,4.4132,True,3615.0031
-152393,58.63,13.89,fuel,preseed,False,0,782.061,13.89,0.0,0.0,4.221,0.0,0.0,0.0,1.0,4.221,False,3301.0963
-153456#2,408.22,13.89,fuel,ema_unlocked,False,4,1795.136,13.849,0.0001,62211.213,29.4757,0.0,0.0879,0.0,1.7029,50.1948,True,52912.8013
152393,60.78,13.89,fuel,preseed,False,0,782.061,13.89,0.0,0.0,4.3758,0.0,0.0,0.0,1.0,4.3758,False,3422.1496
153456#3,24.13,13.89,fuel,preseed,False,1,782.061,13.89,0.0,0.0,1.7372,0.0,0.0,0.0,1.0,1.7372,True,1358.6126
-152396#1,111.18,13.89,fuel,preseed,False,1,782.061,13.89,0.0,0.0,8.0043,0.0,0.0,0.0,1.0,8.0043,True,6259.865
152396#2,114.3,13.89,fuel,preseed,False,2,702.85,13.89,0.0,0.0,8.2289,0.0,0.0,0.0,1.0,8.2289,True,5783.712
-152873#1,69.02,13.89,fuel,preseed,False,1,812.64,13.659,0.0004,8137.623,5.0533,0.0,0.4908,0.0,4.9266,24.8954,True,4106.4864
152396#1,106.13,13.89,fuel,preseed,False,2,814.762,13.89,0.0,0.0,7.6407,0.0,0.0,0.0,1.0,7.6407,True,6225.3949
152873#2,22.58,13.89,fuel,preseed,False,1,782.061,13.89,0.0,0.0,1.6256,0.0,0.0,0.0,1.0,1.6256,True,1271.3415
-152396#2,115.05,13.89,fuel,preseed,False,1,782.061,13.89,0.0,0.0,8.2829,0.0,0.0,0.0,1.0,8.2829,True,6477.7611
152458#2,13.91,13.89,fuel,preseed,False,2,687.965,13.89,0.0,0.0,1.0014,0.0,0.0,0.0,1.0,1.0014,True,688.9554
-152398#0,33.11,13.89,fuel,preseed,False,5,440.637,13.89,0.0,737.161,2.3837,0.0,0.0,0.0,1.0,2.3837,True,1050.3588
152398#1,48.19,13.89,fuel,preseed,False,1,782.061,13.89,0.0,0.0,3.4694,0.0,0.0,0.0,1.0,3.4694,True,2713.2838
152398#0,30.08,13.89,fuel,preseed,False,1,782.061,13.89,0.0,0.0,2.1656,0.0,0.0,0.0,1.0,2.1656,True,1693.6206
152458#3,10.4,13.89,fuel,preseed,False,6,604.853,13.89,0.0,0.0,0.7487,0.0,0.0,0.0,1.0,0.7487,True,452.8776
-152398#1,50.41,13.89,fuel,preseed,False,5,1014.517,13.89,0.0,0.0,3.6292,0.0,0.0,0.0,1.0,3.6292,True,3681.9153
152398#2,63.34,13.89,fuel,preseed,False,1,782.061,13.89,0.0,0.0,4.5601,0.0,0.0,0.0,1.0,4.5601,True,3566.2876
152646,28.8,13.89,fuel,preseed,False,1,782.061,13.89,0.0,0.0,2.0734,0.0,0.0,0.0,1.0,2.0734,True,1621.5517
-152398#2,65.9,13.89,fuel,ema_unlocked,False,4,667.335,13.89,0.0,0.0,4.7444,0.0,0.0,0.0,1.0,4.7444,True,3166.1185
152398#3,109.76,13.89,fuel,preseed,False,2,782.061,13.89,0.0,0.0,7.9021,0.0,0.0,0.0,1.0,7.9021,True,6179.9135
-152398#3,110.04,13.89,fuel,ema_unlocked,False,4,493.753,13.89,0.0,0.0,7.9222,0.0,0.0,0.0,1.0,7.9222,True,3911.6314
152398#4,11.61,13.89,fuel,preseed,False,1,782.061,13.89,0.0,0.0,0.8359,0.0,0.0,0.0,1.0,0.8359,True,653.688
152858,30.28,13.89,fuel,preseed,False,0,782.061,13.89,0.0,0.0,2.18,0.0,0.0,0.0,1.0,2.18,False,1704.8814
-152398#4,11.64,13.89,fuel,preseed,False,1,782.061,13.89,0.0,0.0,0.838,0.0,0.0,0.0,1.0,0.838,True,655.3771
-152400,146.83,13.89,fuel,preseed,False,4,787.182,13.89,0.0,0.0,10.5709,0.0,0.0,0.0,1.0,10.5709,True,8321.2317
152400,138.64,13.89,fuel,preseed,False,0,782.061,13.89,0.0,0.0,9.9813,0.0,0.0,0.0,1.0,9.9813,False,7805.9695
152421,53.03,13.89,fuel,preseed,False,4,782.061,13.659,0.0006,0.0,3.8826,0.0,0.0,0.0,1.0,3.8826,True,3036.4013
-152401,85.74,13.89,fuel,preseed,False,0,782.061,13.89,0.0,0.0,6.1728,0.0,0.0,0.0,1.0,6.1728,False,4827.4944
-153008#0,70.92,13.89,fuel,preseed,False,2,782.061,13.89,0.0,0.0,5.1058,0.0,0.0,0.0,1.0,5.1058,True,3993.071
152401,86.31,13.89,fuel,preseed,False,0,782.061,13.89,0.0,0.0,6.2138,0.0,0.0,0.0,1.0,6.2138,False,4859.5876
153008#1,10.4,13.89,fuel,ema_unlocked,False,6,3876.731,13.89,0.0,0.0,0.7487,0.0,0.0,0.0,1.0,0.7487,True,2902.6636
-152404#0,48.35,13.89,fuel,preseed,False,0,782.061,13.89,0.0,0.0,3.4809,0.0,0.0,0.0,1.0,3.4809,False,2722.2925
152404#1,57.62,13.89,fuel,preseed,False,0,782.061,13.89,0.0,0.0,4.1483,0.0,0.0,0.0,1.0,4.1483,False,3244.2294
-152404#1,50.99,13.89,fuel,preseed,False,0,782.061,13.89,0.0,0.0,3.671,0.0,0.0,0.0,1.0,3.671,False,2870.9347
152404#2,27.71,13.89,fuel,preseed,False,0,782.061,13.89,0.0,0.0,1.995,0.0,0.0,0.0,1.0,1.995,False,1560.1804
-152404#2,28.66,13.89,fuel,preseed,False,0,782.061,13.89,0.0,0.0,2.0634,0.0,0.0,0.0,1.0,2.0634,False,1613.6691
152404#3,31.45,13.89,fuel,preseed,False,0,782.061,13.89,0.0,0.0,2.2642,0.0,0.0,0.0,1.0,2.2642,False,1770.7569
152980,178.99,13.89,fuel,preseed,False,0,782.061,13.89,0.0,0.0,12.8862,0.0,0.0,0.0,1.0,12.8862,False,10077.831
-152404#3,30.05,13.89,fuel,preseed,False,0,782.061,13.89,0.0,0.0,2.1634,0.0,0.0,0.0,1.0,2.1634,False,1691.9315
-152407,77.3,13.89,fuel,preseed,False,1,851.895,13.89,0.0,0.0,5.5652,0.0,0.0,0.0,1.0,5.5652,True,4740.9289
-152408,68.05,13.89,fuel,preseed,False,0,782.061,13.89,0.0,0.0,4.8992,0.0,0.0,0.0,1.0,4.8992,False,3831.4788
-153476#19,35.87,13.89,fuel,ema_unlocked,False,7,190.849,13.89,0.0,865.179,2.5824,0.0,0.3777,0.0,4.0218,10.386,True,492.8545
153476#20,150.07,13.89,fuel,ema_unlocked,False,10,876.501,13.89,0.0,0.0,10.8042,0.0,0.0,0.0,1.0,10.8042,True,9469.8658
152408,61.25,13.89,fuel,preseed,False,0,782.061,13.89,0.0,0.0,4.4096,0.0,0.0,0.0,1.0,4.4096,False,3448.6125
-152409#0,1687.54,13.89,fuel,preseed,False,0,782.061,13.89,0.0,0.0,121.4932,0.0,0.0,0.0,1.0,121.4932,False,95015.0447
152409#1,885.61,13.89,fuel,preseed,False,0,782.061,13.89,0.0,0.0,63.7588,0.0,0.0,0.0,1.0,63.7588,False,49863.2765
153572#0,172.85,13.89,fuel,preseed,False,0,782.061,13.89,0.0,0.0,12.4442,0.0,0.0,0.0,1.0,12.4442,False,9732.1251
-152908#7,91.59,13.89,fuel,preseed,False,0,782.061,13.89,0.0,0.0,6.594,0.0,0.0,0.0,1.0,6.594,False,5156.8721
152908#8,1741.82,13.89,fuel,preseed,False,0,782.061,13.89,0.0,0.0,125.401,0.0,0.0,0.0,1.0,125.401,False,98071.2191
152931#0,362.7,13.89,fuel,preseed,False,0,782.061,13.89,0.0,0.0,26.1123,0.0,0.0,0.0,1.0,26.1123,False,20421.4162
-152409#1,893.37,13.89,fuel,preseed,False,0,782.061,13.89,0.0,0.0,64.3175,0.0,0.0,0.0,1.0,64.3175,False,50300.1946
152409#2,471.48,13.89,fuel,preseed,False,0,782.061,13.89,0.0,0.0,33.9438,0.0,0.0,0.0,1.0,33.9438,False,26546.1519
152904#0,66.57,13.89,fuel,preseed,False,1,831.118,13.89,0.0,0.0,4.7927,0.0,0.0,0.0,1.0,4.7927,True,3983.2629
-152409#2,479.97,13.89,fuel,preseed,False,1,806.31,13.89,0.0,0.0,34.5551,0.0,0.0,0.0,1.0,34.5551,True,27862.1057
-153454#1,326.43,13.89,fuel,preseed,False,2,762.296,13.89,0.0,0.0,23.5011,0.0,0.0,0.0,1.0,23.5011,True,17914.7697
152409#3,477.93,13.89,fuel,preseed,False,1,798.529,13.89,0.0,0.0,34.4082,0.0,0.0,0.0,1.0,34.4082,True,27475.9438
-152411,421.9,13.89,fuel,preseed,False,0,782.061,13.89,0.0,0.0,30.3744,0.0,0.0,0.0,1.0,30.3744,False,23754.6057
152531,301.2,13.89,fuel,ema_unlocked,False,3,526.253,13.89,0.0,0.0,21.6847,0.0,0.0,0.0,1.0,21.6847,True,11411.6127
152411,441.9,13.89,fuel,ema_unlocked,False,3,322.512,13.89,0.0,0.0,31.8143,0.0,0.0,0.0,1.0,31.8143,True,10260.491
152928#1,3.32,13.89,fuel,preseed,False,0,782.061,13.89,0.0,0.0,0.239,0.0,0.0,0.0,1.0,0.239,False,186.9289
-152413#0,82.09,13.89,fuel,ema_unlocked,False,1,814.237,13.878,0.0005,6374.861,5.9149,0.0,0.1618,0.0,2.2946,13.5722,True,4816.1407
-152750#8,267.9,13.89,fuel,preseed,False,0,782.061,13.89,0.0,0.0,19.2873,0.0,0.0,0.0,1.0,19.2873,False,15083.8087
152413#1,150.98,13.89,fuel,preseed,False,4,646.747,13.89,0.0,1054.892,10.8697,0.0,0.0,0.0,1.0,10.8697,True,7029.9345
152412,4.77,13.89,fuel,ema_unlocked,False,1,613.114,13.659,0.0052,0.0,0.3492,0.0,0.0,0.0,1.0,0.3492,True,214.1197
152413#0,92.29,13.89,fuel,preseed,False,4,773.217,13.89,0.0,4688.959,6.6443,0.0,0.0,0.0,1.0,6.6443,True,5137.5218
-152413#1,149.76,13.89,fuel,ema_unlocked,False,1,1842.535,13.89,0.0,0.0,10.7819,0.0,0.0,0.0,1.0,10.7819,True,19865.9495
-152756#2,77.68,13.89,fuel,preseed,False,0,782.061,13.89,0.0,0.0,5.5925,0.0,0.0,0.0,1.0,5.5925,False,4373.6852
152413#2,117.8,13.89,fuel,preseed,False,4,659.133,13.89,0.0,0.0,8.4809,0.0,0.0,0.0,1.0,8.4809,True,5590.0559
-152413#2,117.65,13.89,fuel,ema_unlocked,False,1,1414.834,13.89,0.0,0.0,8.4701,0.0,0.0,0.0,1.0,8.4701,True,11983.8211
152413#3,1250.91,13.89,fuel,preseed,False,4,601.872,13.89,0.0,0.0,90.0583,0.0,0.0,0.0,1.0,90.0583,True,54203.5727
153394#0,79.75,13.89,fuel,preseed,False,0,782.061,13.89,0.0,0.0,5.7415,0.0,0.0,0.0,1.0,5.7415,False,4490.2342
-152958,48.4,13.89,fuel,ema_unlocked,False,4,1875.647,13.89,0.0,10935.051,3.4845,0.0,0.3366,0.0,3.6925,12.8665,True,6535.731
152418,144.34,13.89,fuel,ema_unlocked,False,8,861.066,13.86,0.0002,11389.125,10.414,0.0,0.135,0.0,2.0804,21.6652,True,8967.1215
152538#0,188.55,13.89,fuel,preseed,False,2,782.061,13.89,0.0,0.0,13.5745,0.0,0.0,0.0,1.0,13.5745,True,10616.096
-152420,4.72,13.89,fuel,preseed,False,0,782.061,13.89,0.0,0.0,0.3398,0.0,0.0,0.0,1.0,0.3398,False,265.7543
-153548#0,159.35,13.89,fuel,preseed,False,0,782.061,13.89,0.0,0.0,11.4723,0.0,0.0,0.0,1.0,11.4723,False,8972.0228
153548#1,7.9,13.89,fuel,preseed,False,0,782.061,13.89,0.0,0.0,0.5688,0.0,0.0,0.0,1.0,0.5688,False,444.8006
-152787#1,158.96,13.89,fuel,preseed,False,0,782.061,13.89,0.0,0.0,11.4442,0.0,0.0,0.0,1.0,11.4442,False,8950.0643
152420,4.72,13.89,fuel,preseed,False,0,782.061,13.89,0.0,0.0,0.3398,0.0,0.0,0.0,1.0,0.3398,False,265.7543
152787#2,8.17,13.89,fuel,preseed,False,2,782.061,13.89,0.0,0.0,0.5882,0.0,0.0,0.0,1.0,0.5882,True,460.0027
-152421,59.71,13.89,fuel,preseed,False,0,782.061,13.89,0.0,0.0,4.2988,0.0,0.0,0.0,1.0,4.2988,False,3361.9045
-152895#1,4.46,13.89,fuel,ema_unlocked,False,6,844.366,13.89,0.0,1445.955,0.3211,0.0,1.0,0.0,9.0,2.8898,True,271.121
152895#2,193.87,13.89,fuel,ema_unlocked,False,1,332.781,13.89,0.0,0.0,13.9575,0.0,0.0,0.0,1.0,13.9575,True,4644.7972
-152422#0,79.75,13.89,fuel,preseed,False,1,782.061,13.89,0.0,0.0,5.7415,0.0,0.0,0.0,1.0,5.7415,True,4490.2342
152422#1,292.84,13.89,fuel,preseed,False,2,782.061,13.89,0.0,0.0,21.0828,0.0,0.0,0.0,1.0,21.0828,True,16488.0274
-152789#0,48.31,13.89,fuel,preseed,False,3,782.061,13.89,0.0,0.0,3.478,0.0,0.0,0.0,1.0,3.478,True,2720.0403
152422#0,79.72,13.89,fuel,preseed,False,0,782.061,13.89,0.0,0.0,5.7394,0.0,0.0,0.0,1.0,5.7394,False,4488.5451
152789#1,235.46,13.89,fuel,preseed,False,1,782.061,13.89,0.0,0.0,16.9518,0.0,0.0,0.0,1.0,16.9518,True,13257.3109
-152426,143.09,13.89,fuel,preseed,False,0,782.061,13.89,0.0,0.0,10.3017,0.0,0.0,0.0,1.0,10.3017,False,8056.5218
-152750#5,302.35,13.89,fuel,preseed,False,0,782.061,13.89,0.0,0.0,21.7675,0.0,0.0,0.0,1.0,21.7675,False,17023.4772
152426,127.25,13.89,fuel,preseed,False,0,782.061,13.89,0.0,0.0,9.1613,0.0,0.0,0.0,1.0,9.1613,False,7164.6684
152428,106.19,13.89,fuel,preseed,False,0,782.061,13.89,0.0,0.0,7.6451,0.0,0.0,0.0,1.0,7.6451,False,5978.9087
152750#7,136.55,13.89,fuel,preseed,False,0,782.061,13.89,0.0,0.0,9.8308,0.0,0.0,0.0,1.0,9.8308,False,7688.2944
-152427,141.79,13.89,fuel,preseed,False,1,782.061,13.89,0.0,0.0,10.2081,0.0,0.0,0.0,1.0,10.2081,True,7983.3267
-153394#3,132.28,13.89,fuel,preseed,False,1,762.094,13.89,0.0,0.0,9.5234,0.0,0.0,0.0,1.0,9.5234,True,7257.7213
152427,160.05,13.89,fuel,preseed,False,0,782.061,13.89,0.0,0.0,11.5227,0.0,0.0,0.0,1.0,11.5227,False,9011.4355
153394#4,2.69,13.89,fuel,preseed,False,0,782.061,13.89,0.0,0.0,0.1937,0.0,0.0,0.0,1.0,0.1937,False,151.4574
-152428,108.73,13.89,fuel,preseed,False,0,782.061,13.89,0.0,0.0,7.8279,0.0,0.0,0.0,1.0,7.8279,False,6121.9206
-152439,88.25,13.89,fuel,preseed,False,0,782.061,13.89,0.0,0.0,6.3535,0.0,0.0,0.0,1.0,6.3535,False,4968.8171
-153368#0,331.74,13.89,fuel,preseed,False,2,771.906,13.89,0.0,0.0,23.8834,0.0,0.0,0.0,1.0,23.8834,True,18435.7252
152439,92.6,13.89,fuel,preseed,False,0,782.061,13.89,0.0,0.0,6.6667,0.0,0.0,0.0,1.0,6.6667,False,5213.739
153368#1,576.83,13.89,fuel,preseed,False,0,782.061,13.89,0.0,0.0,41.5284,0.0,0.0,0.0,1.0,41.5284,False,32477.7654
-152440#0,105.88,13.89,fuel,preseed,False,0,782.061,13.89,0.0,0.0,7.6228,0.0,0.0,0.0,1.0,7.6228,False,5961.4545
152440#1,59.15,13.89,fuel,preseed,False,0,782.061,13.89,0.0,0.0,4.2585,0.0,0.0,0.0,1.0,4.2585,False,3330.3743
152440#0,117.7,13.89,fuel,preseed,False,0,782.061,13.89,0.0,0.0,8.4737,0.0,0.0,0.0,1.0,8.4737,False,6626.9663
-152440#1,58.48,13.89,fuel,preseed,False,0,782.061,13.89,0.0,0.0,4.2102,0.0,0.0,0.0,1.0,4.2102,False,3292.6507
-153372#3,498.76,13.89,fuel,preseed,False,3,534.016,13.89,0.0,0.0,35.9078,0.0,0.0,0.0,1.0,35.9078,True,19175.3711
153372#4,38.74,13.89,fuel,preseed,False,1,782.061,13.89,0.0,0.0,2.7891,0.0,0.0,0.0,1.0,2.7891,True,2181.2122
-152441#0,10.37,13.89,fuel,preseed,False,0,782.061,13.89,0.0,0.0,0.7466,0.0,0.0,0.0,1.0,0.7466,False,583.8712
152441#1,132.82,13.89,fuel,preseed,False,0,782.061,13.89,0.0,0.0,9.5623,0.0,0.0,0.0,1.0,9.5623,False,7478.2809
153060,267.43,13.89,fuel,preseed,False,0,782.061,13.89,0.0,0.0,19.2534,0.0,0.0,0.0,1.0,19.2534,False,15057.3458
-153059#0,91.77,13.89,fuel,preseed,False,0,782.061,13.89,0.0,0.0,6.6069,0.0,0.0,0.0,1.0,6.6069,False,5167.0068
152441#0,7.04,13.89,fuel,preseed,False,0,782.061,13.89,0.0,0.0,0.5068,0.0,0.0,0.0,1.0,0.5068,False,396.3793
153059#1,87.11,13.89,fuel,preseed,False,0,782.061,13.89,0.0,0.0,6.2714,0.0,0.0,0.0,1.0,6.2714,False,4904.6307
-152441#1,125.51,13.89,fuel,preseed,False,0,782.061,13.89,0.0,0.0,9.036,0.0,0.0,0.0,1.0,9.036,False,7066.6996
152441#2,18.2,13.89,fuel,preseed,False,0,782.061,13.89,0.0,0.0,1.3103,0.0,0.0,0.0,1.0,1.3103,False,1024.7306
152972#0,49.2,13.89,fuel,preseed,False,0,782.061,13.89,0.0,0.0,3.5421,0.0,0.0,0.0,1.0,3.5421,False,2770.1508
-152441#2,21.12,13.89,fuel,preseed,False,0,782.061,13.89,0.0,0.0,1.5205,0.0,0.0,0.0,1.0,1.5205,False,1189.1379
152441#3,39.64,13.89,fuel,preseed,False,0,782.061,13.89,0.0,0.0,2.8539,0.0,0.0,0.0,1.0,2.8539,False,2231.8857
-152441#3,52.83,13.89,fuel,preseed,False,0,782.061,13.89,0.0,0.0,3.8035,0.0,0.0,0.0,1.0,3.8035,False,2974.5338
-152443,76.55,13.89,fuel,preseed,False,0,782.061,13.89,0.0,0.0,5.5112,0.0,0.0,0.0,1.0,5.5112,False,4310.0618
-152471#0,12.09,13.89,fuel,preseed,False,0,782.061,13.89,0.0,0.0,0.8704,0.0,0.0,0.0,1.0,0.8704,False,680.7139
152443,75.46,13.89,fuel,preseed,False,0,782.061,13.89,0.0,0.0,5.4327,0.0,0.0,0.0,1.0,5.4327,False,4248.6906
152471#1,115.43,13.89,fuel,preseed,False,0,782.061,13.89,0.0,0.0,8.3103,0.0,0.0,0.0,1.0,8.3103,False,6499.1565
-152445,50.0,13.89,fuel,preseed,False,0,782.061,13.89,0.0,0.0,3.5997,0.0,0.0,0.0,1.0,3.5997,False,2815.1939
-153070#0,225.96,13.89,fuel,preseed,False,0,782.061,13.89,0.0,0.0,16.2678,0.0,0.0,0.0,1.0,16.2678,False,12722.4241
-153488#0,182.68,13.89,fuel,preseed,False,0,782.061,13.89,0.0,0.0,13.1519,0.0,0.0,0.0,1.0,13.1519,False,10285.5923
152445,49.69,13.89,fuel,preseed,False,0,782.061,13.89,0.0,0.0,3.5774,0.0,0.0,0.0,1.0,3.5774,False,2797.7396
153070#1,146.99,13.89,fuel,preseed,False,0,782.061,13.89,0.0,0.0,10.5824,0.0,0.0,0.0,1.0,10.5824,False,8276.1069
-152446,248.18,13.89,fuel,preseed,False,0,782.061,13.89,0.0,0.0,17.8675,0.0,0.0,0.0,1.0,17.8675,False,13973.4962
-152931#2,47.35,13.89,fuel,preseed,False,0,782.061,13.89,0.0,0.0,3.4089,0.0,0.0,0.0,1.0,3.4089,False,2665.9886
152446,260.52,13.89,fuel,preseed,False,0,782.061,13.89,0.0,0.0,18.7559,0.0,0.0,0.0,1.0,18.7559,False,14668.286
152931#3,178.08,13.89,fuel,preseed,False,0,782.061,13.89,0.0,0.0,12.8207,0.0,0.0,0.0,1.0,12.8207,False,10026.5944
-152447,38.68,13.89,fuel,preseed,False,0,782.061,13.89,0.0,0.0,2.7847,0.0,0.0,0.0,1.0,2.7847,False,2177.834
-153487#0,74.92,13.89,fuel,preseed,False,0,782.061,13.89,0.0,0.0,5.3938,0.0,0.0,0.0,1.0,5.3938,False,4218.2865
153487#1,152.55,13.89,fuel,preseed,False,0,782.061,13.89,0.0,0.0,10.9827,0.0,0.0,0.0,1.0,10.9827,False,8589.1564
152447,43.45,13.89,fuel,preseed,False,0,782.061,13.89,0.0,0.0,3.1281,0.0,0.0,0.0,1.0,3.1281,False,2446.4035
-152448,92.93,13.89,fuel,preseed,False,0,782.061,13.89,0.0,0.0,6.6904,0.0,0.0,0.0,1.0,6.6904,False,5232.3193
-153388#2,105.46,13.89,fuel,preseed,False,1,782.061,13.89,0.0,0.0,7.5925,0.0,0.0,0.0,1.0,7.5925,True,5937.8069
153388#3,259.54,13.89,fuel,preseed,False,0,782.061,13.89,0.0,0.0,18.6854,0.0,0.0,0.0,1.0,18.6854,False,14613.1082
152448,87.06,13.89,fuel,preseed,False,0,782.061,13.89,0.0,0.0,6.2678,0.0,0.0,0.0,1.0,6.2678,False,4901.8155
-152449,106.22,13.89,fuel,preseed,False,0,782.061,13.89,0.0,0.0,7.6472,0.0,0.0,0.0,1.0,7.6472,False,5980.5978
-152725#1,132.15,13.89,fuel,preseed,False,0,782.061,13.89,0.0,0.0,9.514,0.0,0.0,0.0,1.0,9.514,False,7440.5574
152449,105.82,13.89,fuel,preseed,False,0,782.061,13.89,0.0,0.0,7.6184,0.0,0.0,0.0,1.0,7.6184,False,5958.0763
152725#2,75.99,13.89,fuel,preseed,False,0,782.061,13.89,0.0,0.0,5.4708,0.0,0.0,0.0,1.0,5.4708,False,4278.5316
-152450,49.67,13.89,fuel,preseed,False,0,782.061,13.89,0.0,0.0,3.576,0.0,0.0,0.0,1.0,3.576,False,2796.6136
-152451,185.27,13.89,fuel,preseed,False,6,776.977,13.846,0.0002,18479.161,13.3808,0.0,0.3887,0.0,4.1097,54.9913,True,10396.5495
152458#0,3.42,13.89,fuel,preseed,False,1,782.061,13.89,0.0,0.0,0.2462,0.0,0.0,0.0,1.0,0.2462,True,192.5593
152451,180.76,13.89,fuel,preseed,False,3,782.061,13.89,0.0,0.0,13.0137,0.0,0.0,0.0,1.0,13.0137,True,10177.4888
-152452,116.19,13.89,fuel,preseed,False,0,782.061,13.89,0.0,0.0,8.365,0.0,0.0,0.0,1.0,8.365,False,6541.9475
152452,124.63,13.89,fuel,preseed,False,0,782.061,13.89,0.0,0.0,8.9726,0.0,0.0,0.0,1.0,8.9726,False,7017.1522
-152453,12.74,13.89,fuel,ema_unlocked,False,4,1487.521,13.89,0.0,0.0,0.9172,0.0,0.0,0.0,1.0,0.9172,True,1364.3645
152454#1,16.12,13.89,fuel,ema_unlocked,False,10,945.373,13.89,0.0,0.0,1.1605,0.0,0.0,0.0,1.0,1.1605,True,1097.1504
-152455,42.56,13.89,fuel,preseed,False,2,832.117,13.89,0.0,0.0,3.0641,0.0,0.0,0.0,1.0,3.0641,True,2549.6697
152456#0,31.85,13.89,fuel,preseed,False,4,820.315,13.884,0.0026,1295.919,2.2941,0.0,0.0,0.0,1.0,2.2941,True,1881.8656
-152965#0,53.93,13.89,fuel,preseed,False,0,782.061,13.89,0.0,0.0,3.8826,0.0,0.0,0.0,1.0,3.8826,False,3036.4681
152455,36.2,13.89,fuel,preseed,False,2,823.374,13.89,0.0,0.0,2.6062,0.0,0.0,0.0,1.0,2.6062,True,2145.8703
152965#1,11.54,13.89,fuel,preseed,False,2,859.768,13.89,0.0,0.0,0.8308,0.0,0.0,0.0,1.0,0.8308,True,714.3072
-152457#0,56.32,13.89,fuel,preseed,False,0,782.061,13.89,0.0,0.0,4.0547,0.0,0.0,0.0,1.0,4.0547,False,3171.0344
152457#1,45.95,13.89,fuel,preseed,False,4,782.061,13.89,0.0,0.0,3.3081,0.0,0.0,0.0,1.0,3.3081,True,2587.1631
-152457#1,30.78,13.89,fuel,preseed,False,0,782.061,13.89,0.0,0.0,2.216,0.0,0.0,0.0,1.0,2.216,False,1733.0333
152457#0,73.68,13.89,fuel,ema_unlocked,False,1,741.856,13.89,0.0,6121.299,5.3045,0.0,0.2778,0.0,3.2221,17.0917,True,3935.204
152457#2,3.89,13.89,fuel,preseed,False,3,782.061,13.89,0.0,0.0,0.2801,0.0,0.0,0.0,1.0,0.2801,True,219.0221
-152459#0,209.93,13.89,fuel,preseed,False,2,830.911,13.89,0.0,0.0,15.1138,0.0,0.0,0.0,1.0,15.1138,True,12558.1875
-152460,120.21,13.89,fuel,preseed,False,1,782.061,13.89,0.0,0.0,8.6544,0.0,0.0,0.0,1.0,8.6544,True,6768.2891
152459#1,120.43,13.89,fuel,preseed,False,0,782.061,13.89,0.0,0.0,8.6703,0.0,0.0,0.0,1.0,8.6703,False,6780.6759
152459#0,217.76,13.89,fuel,preseed,False,0,782.061,13.89,0.0,0.0,15.6775,0.0,0.0,0.0,1.0,15.6775,False,12260.7323
-152459#1,112.51,13.89,fuel,preseed,False,1,782.061,13.89,0.0,0.0,8.1001,0.0,0.0,0.0,1.0,8.1001,True,6334.7492
-152462,9.26,13.89,fuel,preseed,False,0,782.061,13.89,0.0,0.0,0.6667,0.0,0.0,0.0,1.0,0.6667,False,521.3739
-152463#0,55.78,13.89,fuel,preseed,False,0,782.061,13.89,0.0,0.0,4.0158,0.0,0.0,0.0,1.0,4.0158,False,3140.6303
152463#1,94.41,13.89,fuel,preseed,False,1,782.061,13.89,0.0,0.0,6.797,0.0,0.0,0.0,1.0,6.797,True,5315.649
152462,9.28,13.89,fuel,preseed,False,1,782.061,13.89,0.0,0.0,0.6681,0.0,0.0,0.0,1.0,0.6681,True,522.5
152960#3,70.83,13.89,fuel,ema_unlocked,False,5,1516.561,13.89,0.0,0.0,5.0994,0.0,0.0,0.0,1.0,5.0994,True,7733.4769
152463#0,55.9,13.89,fuel,preseed,False,0,782.061,13.89,0.0,0.0,4.0245,0.0,0.0,0.0,1.0,4.0245,False,3147.3867
-152463#1,86.98,13.89,fuel,preseed,False,0,782.061,13.89,0.0,0.0,6.2621,0.0,0.0,0.0,1.0,6.2621,False,4897.3112
152960#4,11.55,13.89,fuel,preseed,False,2,786.526,13.89,0.0,0.0,0.8315,0.0,0.0,0.0,1.0,0.8315,True,654.0226
-152464,210.39,13.89,fuel,preseed,False,0,782.061,13.89,0.0,0.0,15.1469,0.0,0.0,0.0,1.0,15.1469,False,11845.7727
152789#3,172.67,13.89,fuel,preseed,False,0,782.061,13.89,0.0,0.0,12.4312,0.0,0.0,0.0,1.0,12.4312,False,9721.9904
-152789#2,36.47,13.89,fuel,preseed,False,2,782.061,13.89,0.0,0.0,2.6256,0.0,0.0,0.0,1.0,2.6256,True,2053.4024
-152789#3,179.48,13.89,fuel,preseed,False,2,782.061,13.89,0.0,0.0,12.9215,0.0,0.0,0.0,1.0,12.9215,True,10105.4199
152464,227.86,13.89,fuel,preseed,False,0,782.061,13.89,0.0,0.0,16.4046,0.0,0.0,0.0,1.0,16.4046,False,12829.4014
152789#4,68.94,13.89,fuel,preseed,False,0,782.061,13.89,0.0,0.0,4.9633,0.0,0.0,0.0,1.0,4.9633,False,3881.5893
-152465#0,103.56,13.89,fuel,preseed,False,0,782.061,13.89,0.0,0.0,7.4557,0.0,0.0,0.0,1.0,7.4557,False,5830.8295
-153555,35.75,13.89,fuel,preseed,False,3,782.061,13.89,0.0,0.0,2.5738,0.0,0.0,0.0,1.0,2.5738,True,2012.8636
152465#1,82.97,13.89,fuel,preseed,False,0,782.061,13.89,0.0,0.0,5.9734,0.0,0.0,0.0,1.0,5.9734,False,4671.5327
-152970#0,57.37,13.89,fuel,preseed,False,0,782.061,13.89,0.0,0.0,4.1303,0.0,0.0,0.0,1.0,4.1303,False,3230.1534
152465#0,99.65,13.89,fuel,preseed,False,3,782.061,13.89,0.0,20644.041,7.1742,0.0,1.0,0.0,9.0,64.568,True,5610.6813
152970#1,4.2,13.89,fuel,preseed,False,0,782.061,13.89,0.0,0.0,0.3024,0.0,0.0,0.0,1.0,0.3024,False,236.4763
-152465#1,91.94,13.89,fuel,preseed,False,0,782.061,13.89,0.0,0.0,6.6192,0.0,0.0,0.0,1.0,6.6192,False,5176.5785
-152469,14.81,13.89,fuel,preseed,False,0,782.061,13.89,0.0,0.0,1.0662,0.0,0.0,0.0,1.0,1.0662,False,833.8604
-153050#0,189.87,13.89,fuel,preseed,False,0,782.061,13.89,0.0,0.0,13.6695,0.0,0.0,0.0,1.0,13.6695,False,10690.4171
153050#1,346.78,13.89,fuel,preseed,False,0,782.061,13.89,0.0,0.0,24.9662,0.0,0.0,0.0,1.0,24.9662,False,19525.0585
-152908#6,611.74,13.89,fuel,preseed,False,0,782.061,13.89,0.0,0.0,44.0418,0.0,0.0,0.0,1.0,44.0418,False,34443.3337
152469,14.81,13.89,fuel,preseed,False,0,782.061,13.89,0.0,0.0,1.0662,0.0,0.0,0.0,1.0,1.0662,False,833.8604
152908#7,94.04,13.89,fuel,preseed,False,0,782.061,13.89,0.0,0.0,6.7703,0.0,0.0,0.0,1.0,6.7703,False,5294.8166
-152470,34.76,13.89,fuel,preseed,False,1,782.061,13.89,0.0,0.0,2.5025,0.0,0.0,0.0,1.0,2.5025,True,1957.1228
-153444#3,44.87,13.89,fuel,preseed,False,2,852.747,13.89,0.0,0.0,3.2304,0.0,0.0,0.0,1.0,3.2304,True,2754.6976
152470,32.2,13.89,fuel,preseed,False,1,782.061,13.89,0.0,0.0,2.3182,0.0,0.0,0.0,1.0,2.3182,True,1812.9848
153444#4,173.16,13.89,fuel,preseed,False,2,782.061,13.89,0.0,0.0,12.4665,0.0,0.0,0.0,1.0,12.4665,True,9749.5793
-152913#1,48.77,13.89,fuel,preseed,False,0,782.061,13.89,0.0,0.0,3.5112,0.0,0.0,0.0,1.0,3.5112,False,2745.9401
152471#0,12.46,13.89,fuel,preseed,False,0,782.061,13.89,0.0,0.0,0.897,0.0,0.0,0.0,1.0,0.897,False,701.5463
152913#2,28.16,13.89,fuel,preseed,False,0,782.061,13.89,0.0,0.0,2.0274,0.0,0.0,0.0,1.0,2.0274,False,1585.5172
-152471#1,105.96,13.89,fuel,preseed,False,0,782.061,13.89,0.0,0.0,7.6285,0.0,0.0,0.0,1.0,7.6285,False,5965.9588
-152472#0,23.61,13.89,fuel,preseed,False,2,782.061,13.89,0.0,0.0,1.6998,0.0,0.0,0.0,1.0,1.6998,True,1329.3345
152472#1,8.43,13.89,fuel,preseed,False,1,782.061,13.89,0.0,0.0,0.6069,0.0,0.0,0.0,1.0,0.6069,True,474.6417
-152676#2,33.56,13.89,fuel,preseed,False,2,782.061,13.89,0.0,0.0,2.4161,0.0,0.0,0.0,1.0,2.4161,True,1889.5581
152472#0,23.61,13.89,fuel,preseed,False,2,782.061,13.89,0.0,0.0,1.6998,0.0,0.0,0.0,1.0,1.6998,True,1329.3345
152676#3,43.62,13.89,fuel,preseed,False,0,782.061,13.89,0.0,0.0,3.1404,0.0,0.0,0.0,1.0,3.1404,False,2455.9751
-152472#1,8.43,13.89,fuel,preseed,False,2,782.061,13.89,0.0,0.0,0.6069,0.0,0.0,0.0,1.0,0.6069,True,474.6417
-152473,58.89,13.89,fuel,preseed,False,0,782.061,13.89,0.0,0.0,4.2397,0.0,0.0,0.0,1.0,4.2397,False,3315.7353
-153485#1,179.18,13.89,fuel,preseed,False,0,782.061,13.89,0.0,0.0,12.8999,0.0,0.0,0.0,1.0,12.8999,False,10088.5287
152473,53.05,13.89,fuel,preseed,False,0,782.061,13.89,0.0,0.0,3.8193,0.0,0.0,0.0,1.0,3.8193,False,2986.9207
153485#2,117.51,13.89,fuel,preseed,False,0,782.061,13.89,0.0,0.0,8.46,0.0,0.0,0.0,1.0,8.46,False,6616.2686
-152474#0,195.59,13.89,fuel,preseed,False,0,782.061,13.89,0.0,0.0,14.0814,0.0,0.0,0.0,1.0,14.0814,False,11012.4753
-152477,188.74,13.89,fuel,preseed,False,0,782.061,13.89,0.0,0.0,13.5882,0.0,0.0,0.0,1.0,13.5882,False,10626.7938
152474#1,90.78,13.89,fuel,preseed,False,0,782.061,13.89,0.0,0.0,6.5356,0.0,0.0,0.0,1.0,6.5356,False,5111.266
-152474#1,107.67,13.89,fuel,preseed,False,0,782.061,13.89,0.0,0.0,7.7516,0.0,0.0,0.0,1.0,7.7516,False,6062.2384
152477,172.34,13.89,fuel,preseed,False,0,782.061,13.89,0.0,0.0,12.4075,0.0,0.0,0.0,1.0,12.4075,False,9703.4102
152474#2,234.33,13.89,fuel,preseed,False,0,782.061,13.89,0.0,0.0,16.8704,0.0,0.0,0.0,1.0,16.8704,False,13193.6875
-152474#2,236.95,13.89,fuel,preseed,False,0,782.061,13.89,0.0,0.0,17.059,0.0,0.0,0.0,1.0,17.059,False,13341.2037
-152475,166.06,13.89,fuel,preseed,False,0,782.061,13.89,0.0,0.0,11.9554,0.0,0.0,0.0,1.0,11.9554,False,9349.8218
-153039,85.19,13.89,fuel,preseed,False,1,782.061,13.89,0.0,0.0,6.1332,0.0,0.0,0.0,1.0,6.1332,True,4796.5273
152475,162.44,13.89,fuel,preseed,False,0,782.061,13.89,0.0,0.0,11.6947,0.0,0.0,0.0,1.0,11.6947,False,9146.0018
153041,149.53,13.89,fuel,preseed,False,1,782.061,13.89,0.0,0.0,10.7653,0.0,0.0,0.0,1.0,10.7653,True,8419.1187
-152476,66.54,13.89,fuel,preseed,False,0,782.061,13.89,0.0,0.0,4.7905,0.0,0.0,0.0,1.0,4.7905,False,3746.46
-152478#0,10.61,13.89,fuel,preseed,False,0,782.061,13.89,0.0,0.0,0.7639,0.0,0.0,0.0,1.0,0.7639,False,597.3841
152476,78.95,13.89,fuel,preseed,False,0,782.061,13.89,0.0,0.0,5.6839,0.0,0.0,0.0,1.0,5.6839,False,4445.1911
152478#1,112.0,13.89,fuel,preseed,False,0,782.061,13.89,0.0,0.0,8.0634,0.0,0.0,0.0,1.0,8.0634,False,6306.0342
-153490#4,132.87,13.89,fuel,preseed,False,1,796.281,13.89,0.0,0.0,9.5659,0.0,0.0,0.0,1.0,9.5659,True,7617.1269
152478#0,4.47,13.89,fuel,preseed,False,0,782.061,13.89,0.0,0.0,0.3218,0.0,0.0,0.0,1.0,0.3218,False,251.6783
153490#5,157.99,13.89,fuel,preseed,False,1,782.061,13.89,0.0,0.0,11.3744,0.0,0.0,0.0,1.0,11.3744,True,8895.4495
-152478#1,106.19,13.89,fuel,preseed,False,0,782.061,13.89,0.0,0.0,7.6451,0.0,0.0,0.0,1.0,7.6451,False,5978.9087
-152479,77.13,13.89,fuel,preseed,False,2,782.061,13.89,0.0,0.0,5.5529,0.0,0.0,0.0,1.0,5.5529,True,4342.718
-153394#2,273.94,13.89,fuel,preseed,False,1,791.809,13.89,0.0,0.0,19.7221,0.0,0.0,0.0,1.0,19.7221,True,15616.1382
153394#3,128.26,13.89,fuel,preseed,False,0,782.061,13.89,0.0,0.0,9.234,0.0,0.0,0.0,1.0,9.234,False,7221.5353
152479,69.56,13.89,fuel,preseed,False,2,782.061,13.89,0.0,0.0,5.0079,0.0,0.0,0.0,1.0,5.0079,True,3916.4977
152480,486.54,13.89,fuel,preseed,False,0,782.061,13.89,0.0,0.0,35.0281,0.0,0.0,0.0,1.0,35.0281,False,27394.0883
-152481,628.93,13.89,fuel,preseed,False,0,782.061,13.89,0.0,0.0,45.2793,0.0,0.0,0.0,1.0,45.2793,False,35411.1974
-153412#0,3.91,13.89,fuel,preseed,False,0,782.061,13.89,0.0,0.0,0.2815,0.0,0.0,0.0,1.0,0.2815,False,220.1482
153032,618.56,13.89,fuel,preseed,False,0,782.061,13.89,0.0,0.0,44.5328,0.0,0.0,0.0,1.0,44.5328,False,34827.3262
153412#1,11.03,13.89,fuel,preseed,False,2,636.433,13.89,0.0,0.0,0.7941,0.0,0.0,0.0,1.0,0.7941,True,505.3889
-152482,34.07,13.89,fuel,preseed,False,0,782.061,13.89,0.0,0.0,2.4528,0.0,0.0,0.0,1.0,2.4528,False,1918.2731
-152483#0,32.93,13.89,fuel,preseed,False,0,782.061,13.89,0.0,0.0,2.3708,0.0,0.0,0.0,1.0,2.3708,False,1854.0867
152483#1,35.44,13.89,fuel,preseed,False,0,782.061,13.89,0.0,0.0,2.5515,0.0,0.0,0.0,1.0,2.5515,False,1995.4094
152484,125.85,13.89,fuel,preseed,False,0,782.061,13.89,0.0,0.0,9.0605,0.0,0.0,0.0,1.0,9.0605,False,7085.8429
152483#0,33.16,13.89,fuel,preseed,False,0,782.061,13.89,0.0,0.0,2.3873,0.0,0.0,0.0,1.0,2.3873,False,1867.0366
-152483#1,28.13,13.89,fuel,preseed,False,0,782.061,13.89,0.0,0.0,2.0252,0.0,0.0,0.0,1.0,2.0252,False,1583.8281
-153048#0,91.68,13.89,fuel,preseed,False,0,782.061,13.89,0.0,0.0,6.6004,0.0,0.0,0.0,1.0,6.6004,False,5161.9394
153048#1,69.95,13.89,fuel,preseed,False,0,782.061,13.89,0.0,0.0,5.036,0.0,0.0,0.0,1.0,5.036,False,3938.4562
-152484,137.64,13.89,fuel,preseed,False,0,782.061,13.89,0.0,0.0,9.9093,0.0,0.0,0.0,1.0,9.9093,False,7749.6656
-152485,95.11,13.89,fuel,preseed,False,0,782.061,13.89,0.0,0.0,6.8474,0.0,0.0,0.0,1.0,6.8474,False,5355.0617
-153335#0,84.59,13.89,fuel,preseed,False,3,652.948,13.659,0.0009,0.0,6.1932,0.0,0.0,0.0,1.0,6.1932,True,4043.8482
153335#1,156.68,13.89,fuel,preseed,False,1,850.688,13.89,0.0,0.0,11.2801,0.0,0.0,0.0,1.0,11.2801,True,9595.8137
152485,87.28,13.89,fuel,preseed,False,0,782.061,13.89,0.0,0.0,6.2837,0.0,0.0,0.0,1.0,6.2837,False,4914.2024
-152486,116.15,13.89,fuel,preseed,False,0,782.061,13.89,0.0,0.0,8.3621,0.0,0.0,0.0,1.0,8.3621,False,6539.6953
-153335#3,23.07,13.89,fuel,preseed,False,2,782.061,13.89,0.0,0.0,1.6609,0.0,0.0,0.0,1.0,1.6609,True,1298.9304
153335#4,75.88,13.89,fuel,preseed,False,0,782.061,13.89,0.0,0.0,5.4629,0.0,0.0,0.0,1.0,5.4629,False,4272.3382
152486,104.74,13.89,fuel,preseed,False,2,782.061,13.89,0.0,0.0,7.5407,0.0,0.0,0.0,1.0,7.5407,True,5897.2681
-152487#0,935.82,13.89,fuel,preseed,False,0,782.061,13.89,0.0,0.0,67.3737,0.0,0.0,0.0,1.0,67.3737,False,52690.2942
-153569#1,650.51,13.89,fuel,preseed,False,0,782.061,13.89,0.0,0.0,46.833,0.0,0.0,0.0,1.0,46.833,False,36626.2351
152487#1,26.31,13.89,fuel,preseed,False,0,782.061,13.89,0.0,0.0,1.8942,0.0,0.0,0.0,1.0,1.8942,False,1481.355
152487#0,974.28,13.89,fuel,preseed,False,0,782.061,13.89,0.0,0.0,70.1425,0.0,0.0,0.0,1.0,70.1425,False,54855.7413
-152487#1,25.2,13.89,fuel,preseed,False,0,782.061,13.89,0.0,0.0,1.8143,0.0,0.0,0.0,1.0,1.8143,False,1418.8577
152487#2,51.2,13.89,fuel,preseed,False,0,782.061,13.89,0.0,0.0,3.6861,0.0,0.0,0.0,1.0,3.6861,False,2882.7585
153571,659.72,13.89,fuel,preseed,False,0,782.061,13.89,0.0,0.0,47.496,0.0,0.0,0.0,1.0,47.496,False,37144.7938
-152487#2,37.22,13.89,fuel,preseed,False,0,782.061,13.89,0.0,0.0,2.6796,0.0,0.0,0.0,1.0,2.6796,False,2095.6303
-152489#3,100.27,13.89,fuel,preseed,False,0,782.061,13.89,0.0,0.0,7.2189,0.0,0.0,0.0,1.0,7.2189,False,5645.5898
152487#3,152.22,13.89,fuel,preseed,False,0,782.061,13.89,0.0,0.0,10.959,0.0,0.0,0.0,1.0,10.959,False,8570.5762
-152487#3,146.32,13.89,fuel,preseed,False,0,782.061,13.89,0.0,0.0,10.5342,0.0,0.0,0.0,1.0,10.5342,False,8238.3833
-152750#1,125.89,13.89,fuel,preseed,False,0,782.061,13.89,0.0,0.0,9.0634,0.0,0.0,0.0,1.0,9.0634,False,7088.0951
152750#2,168.19,13.89,fuel,preseed,False,0,782.061,13.89,0.0,0.0,12.1087,0.0,0.0,0.0,1.0,12.1087,False,9469.7491
-152488,123.19,13.89,fuel,preseed,False,0,782.061,13.89,0.0,0.0,8.869,0.0,0.0,0.0,1.0,8.869,False,6936.0746
-153348#0,281.32,13.89,fuel,preseed,False,0,782.061,13.89,0.0,0.0,20.2534,0.0,0.0,0.0,1.0,20.2534,False,15839.4067
153348#1,578.64,13.89,fuel,preseed,False,0,782.061,13.89,0.0,0.0,41.6587,0.0,0.0,0.0,1.0,41.6587,False,32579.6754
152488,129.99,13.89,fuel,preseed,False,0,782.061,13.89,0.0,0.0,9.3585,0.0,0.0,0.0,1.0,9.3585,False,7318.941
-152489#0,725.92,13.89,fuel,preseed,False,0,782.061,13.89,0.0,0.0,52.2621,0.0,0.0,0.0,1.0,52.2621,False,40872.1104
152489#1,125.82,13.89,fuel,preseed,False,0,782.061,13.89,0.0,0.0,9.0583,0.0,0.0,0.0,1.0,9.0583,False,7084.1538
152963,26.38,13.89,fuel,preseed,False,0,782.061,13.89,0.0,0.0,1.8992,0.0,0.0,0.0,1.0,1.8992,False,1485.2963
-152572#6,215.03,13.89,fuel,preseed,False,0,782.061,13.89,0.0,0.0,15.4809,0.0,0.0,0.0,1.0,15.4809,False,12107.0227
-153061,167.45,13.89,fuel,preseed,False,0,782.061,13.89,0.0,0.0,12.0554,0.0,0.0,0.0,1.0,12.0554,False,9428.0842
152572#7,729.13,13.89,fuel,preseed,False,0,782.061,13.89,0.0,0.0,52.4932,0.0,0.0,0.0,1.0,52.4932,False,41052.8459
-152489#1,125.94,13.89,fuel,preseed,False,0,782.061,13.89,0.0,0.0,9.067,0.0,0.0,0.0,1.0,9.067,False,7090.9103
-152567,24.45,13.89,fuel,preseed,False,0,782.061,13.89,0.0,0.0,1.7603,0.0,0.0,0.0,1.0,1.7603,False,1376.6298
152489#2,505.23,13.89,fuel,preseed,False,0,782.061,13.89,0.0,0.0,36.3737,0.0,0.0,0.0,1.0,36.3737,False,28446.4078
-152489#2,504.93,13.89,fuel,preseed,False,0,782.061,13.89,0.0,0.0,36.3521,0.0,0.0,0.0,1.0,36.3521,False,28429.5166
152489#3,96.23,13.89,fuel,preseed,False,0,782.061,13.89,0.0,0.0,6.928,0.0,0.0,0.0,1.0,6.928,False,5418.1221
153028,160.17,13.89,fuel,preseed,False,0,782.061,13.89,0.0,0.0,11.5313,0.0,0.0,0.0,1.0,11.5313,False,9018.192
-152491#0,35.14,13.89,fuel,preseed,False,0,782.061,13.89,0.0,0.0,2.5299,0.0,0.0,0.0,1.0,2.5299,False,1978.5182
152491#1,17.5,13.89,fuel,preseed,False,0,782.061,13.89,0.0,0.0,1.2599,0.0,0.0,0.0,1.0,1.2599,False,985.3178
152699,80.58,13.89,fuel,preseed,False,0,782.061,13.89,0.0,0.0,5.8013,0.0,0.0,0.0,1.0,5.8013,False,4536.9664
-152701#4,74.41,13.89,fuel,ema_unlocked,False,6,1324.148,13.89,0.0,0.0,5.3571,0.0,0.0,0.0,1.0,5.3571,True,7093.5819
152491#0,29.75,13.89,fuel,preseed,False,0,782.061,13.89,0.0,0.0,2.1418,0.0,0.0,0.0,1.0,2.1418,False,1675.0403
152701#5,22.92,13.89,fuel,ema_unlocked,False,10,55.979,13.925,0.0012,92.796,1.646,0.0,0.0035,0.0,1.0284,1.6927,True,92.1424
-152491#1,15.44,13.89,fuel,preseed,False,1,782.061,13.89,0.0,0.0,1.1116,0.0,0.0,0.0,1.0,1.1116,True,869.3319
-152697,71.58,13.89,fuel,preseed,False,0,782.061,13.89,0.0,0.0,5.1533,0.0,0.0,0.0,1.0,5.1533,False,4030.2315
152491#2,10.3,13.89,fuel,preseed,False,0,782.061,13.89,0.0,0.0,0.7415,0.0,0.0,0.0,1.0,0.7415,False,579.9299
-152491#2,10.3,13.89,fuel,preseed,False,0,782.061,13.89,0.0,0.0,0.7415,0.0,0.0,0.0,1.0,0.7415,False,579.9299
152491#3,23.78,13.89,fuel,preseed,False,0,782.061,13.89,0.0,0.0,1.712,0.0,0.0,0.0,1.0,1.712,False,1338.9062
-152491#3,23.78,13.89,fuel,preseed,False,1,782.061,13.89,0.0,0.0,1.712,0.0,0.0,0.0,1.0,1.712,True,1338.9062
-152712,60.0,13.89,fuel,preseed,False,0,782.061,13.89,0.0,0.0,4.3197,0.0,0.0,0.0,1.0,4.3197,False,3378.2326
152491#5,4.03,13.89,fuel,preseed,False,0,782.061,13.89,0.0,0.0,0.2901,0.0,0.0,0.0,1.0,0.2901,False,226.9046
152696,70.81,13.89,fuel,preseed,False,2,782.061,13.89,0.0,0.0,5.0979,0.0,0.0,0.0,1.0,5.0979,True,3986.8775
-152491#5,4.03,13.89,fuel,preseed,False,1,782.061,13.89,0.0,0.0,0.2901,0.0,0.0,0.0,1.0,0.2901,True,226.9046
-152693#1,51.4,13.89,fuel,preseed,False,0,782.061,13.89,0.0,0.0,3.7005,0.0,0.0,0.0,1.0,3.7005,False,2894.0193
152693#2,65.26,13.89,fuel,preseed,False,0,782.061,13.89,0.0,0.0,4.6983,0.0,0.0,0.0,1.0,4.6983,False,3674.391
-152492,113.69,13.89,fuel,preseed,False,0,782.061,13.89,0.0,0.0,8.185,0.0,0.0,0.0,1.0,8.185,False,6401.1878
-153370#0,46.28,13.89,fuel,preseed,False,0,782.061,13.89,0.0,0.0,3.3319,0.0,0.0,0.0,1.0,3.3319,False,2605.7434
153370#1,307.63,13.89,fuel,preseed,False,0,782.061,13.89,0.0,0.0,22.1476,0.0,0.0,0.0,1.0,22.1476,False,17320.7617
152492,103.03,13.89,fuel,preseed,False,0,782.061,13.89,0.0,0.0,7.4176,0.0,0.0,0.0,1.0,7.4176,False,5800.9885
-152493,44.62,13.89,fuel,preseed,False,0,782.061,13.89,0.0,0.0,3.2124,0.0,0.0,0.0,1.0,3.2124,False,2512.279
-153065#0,40.26,13.89,fuel,preseed,False,0,782.061,13.89,0.0,0.0,2.8985,0.0,0.0,0.0,1.0,2.8985,False,2266.7941
152493,41.12,13.89,fuel,preseed,False,0,782.061,13.89,0.0,0.0,2.9604,0.0,0.0,0.0,1.0,2.9604,False,2315.2154
153065#1,25.33,13.89,fuel,preseed,False,0,782.061,13.89,0.0,0.0,1.8236,0.0,0.0,0.0,1.0,1.8236,False,1426.1772
-152494,87.48,13.89,fuel,preseed,False,0,782.061,13.89,0.0,0.0,6.2981,0.0,0.0,0.0,1.0,6.2981,False,4925.4632
-152572#1,10.97,13.89,fuel,preseed,False,1,782.061,13.89,0.0,0.0,0.7898,0.0,0.0,0.0,1.0,0.7898,True,617.6535
152494,89.17,13.89,fuel,preseed,False,0,782.061,13.89,0.0,0.0,6.4197,0.0,0.0,0.0,1.0,6.4197,False,5020.6167
-152495,662.59,13.89,fuel,preseed,False,0,782.061,13.89,0.0,0.0,47.7027,0.0,0.0,0.0,1.0,47.7027,False,37306.3859
-153332#0,308.85,13.89,fuel,preseed,False,0,782.061,13.89,0.0,0.0,22.2354,0.0,0.0,0.0,1.0,22.2354,False,17389.4524
152495,658.99,13.89,fuel,preseed,False,0,782.061,13.89,0.0,0.0,47.4435,0.0,0.0,0.0,1.0,47.4435,False,37103.6919
153332#1,52.34,13.89,fuel,preseed,False,0,782.061,13.89,0.0,0.0,3.7682,0.0,0.0,0.0,1.0,3.7682,False,2946.9449
-152496,339.95,13.89,fuel,preseed,False,0,782.061,13.89,0.0,0.0,24.4744,0.0,0.0,0.0,1.0,24.4744,False,19140.503
-152505,9.32,13.89,fuel,preseed,False,2,782.061,13.89,0.0,0.0,0.671,0.0,0.0,0.0,1.0,0.671,True,524.7521
152936,26.84,13.89,fuel,preseed,False,0,782.061,13.89,0.0,0.0,1.9323,0.0,0.0,0.0,1.0,1.9323,False,1511.1961
-152866,18.8,13.89,fuel,preseed,False,1,782.061,13.89,0.0,0.0,1.3535,0.0,0.0,0.0,1.0,1.3535,True,1058.5129
152505,9.32,13.89,fuel,preseed,False,0,782.061,13.89,0.0,0.0,0.671,0.0,0.0,0.0,1.0,0.671,False,524.7521
152864,6.32,13.89,fuel,preseed,False,0,782.061,13.89,0.0,0.0,0.455,0.0,0.0,0.0,1.0,0.455,False,355.8405
-152513#0,117.46,13.89,fuel,preseed,False,0,782.061,13.89,0.0,0.0,8.4564,0.0,0.0,0.0,1.0,8.4564,False,6613.4534
-152606#9,4.13,13.89,fuel,preseed,False,3,881.702,13.89,0.0,0.0,0.2973,0.0,0.0,0.0,1.0,0.2973,True,262.1619
152513#1,83.43,13.89,fuel,preseed,False,1,797.48,13.89,0.0,0.0,6.0065,0.0,0.0,0.0,1.0,6.0065,True,4790.0454
152513#0,116.09,13.89,fuel,preseed,False,0,782.061,13.89,0.0,0.0,8.3578,0.0,0.0,0.0,1.0,8.3578,False,6536.3171
-152513#1,87.83,13.89,fuel,preseed,False,3,918.113,13.89,0.0,0.0,6.3233,0.0,0.0,0.0,1.0,6.3233,True,5805.462
152353#4,8.32,13.89,fuel,preseed,False,1,801.317,13.89,0.0,0.0,0.599,0.0,0.0,0.0,1.0,0.599,True,479.9826
-152536,30.26,13.89,fuel,preseed,False,4,928.092,13.89,0.0,0.0,2.1785,0.0,0.0,0.0,1.0,2.1785,True,2021.8903
152394,33.2,13.89,fuel,ema_unlocked,False,3,7.903,13.89,0.0,0.0,2.3902,0.0,0.0,0.0,1.0,2.3902,True,18.8908
-152537,549.71,13.89,fuel,ema_unlocked,False,3,520.231,13.89,0.0,0.0,39.576,0.0,0.0,0.0,1.0,39.576,True,20588.63
152444#1,17.07,13.89,fuel,ema_unlocked,False,1,555.504,13.89,0.0,0.0,1.2289,0.0,0.0,0.0,1.0,1.2289,True,682.6822
152537,541.04,13.89,fuel,preseed,False,0,782.061,13.89,0.0,0.0,38.9518,0.0,0.0,0.0,1.0,38.9518,False,30462.6496
152928#4,6.95,13.89,fuel,ema_unlocked,False,3,341.426,13.89,0.0,0.0,0.5004,0.0,0.0,0.0,1.0,0.5004,True,170.8361
-152539#1,161.96,13.89,fuel,preseed,False,0,782.061,13.89,0.0,0.0,11.6602,0.0,0.0,0.0,1.0,11.6602,False,9118.9759
152539#2,8.01,13.89,fuel,preseed,False,0,782.061,13.89,0.0,0.0,0.5767,0.0,0.0,0.0,1.0,0.5767,False,450.9941
-152539#2,8.01,13.89,fuel,preseed,False,0,782.061,13.89,0.0,0.0,0.5767,0.0,0.0,0.0,1.0,0.5767,False,450.9941
-152745,21.32,13.89,fuel,preseed,False,1,782.061,13.89,0.0,0.0,1.5349,0.0,0.0,0.0,1.0,1.5349,True,1200.3987
-153429,28.68,13.89,fuel,preseed,False,0,782.061,13.89,0.0,0.0,2.0648,0.0,0.0,0.0,1.0,2.0648,False,1614.7952
152540,11.63,13.89,fuel,preseed,False,0,782.061,13.89,0.0,0.0,0.8373,0.0,0.0,0.0,1.0,0.8373,False,654.8141
153481,17.98,13.89,fuel,preseed,False,0,782.061,13.89,0.0,0.0,1.2945,0.0,0.0,0.0,1.0,1.2945,False,1012.3437
-152541,176.72,13.89,fuel,preseed,False,0,782.061,13.89,0.0,0.0,12.7228,0.0,0.0,0.0,1.0,12.7228,False,9950.0211
-153489#2,122.61,13.89,fuel,preseed,False,0,782.061,13.89,0.0,0.0,8.8272,0.0,0.0,0.0,1.0,8.8272,False,6903.4184
152541,171.21,13.89,fuel,preseed,False,0,782.061,13.89,0.0,0.0,12.3261,0.0,0.0,0.0,1.0,12.3261,False,9639.7868
153489#3,43.23,13.89,fuel,preseed,False,0,782.061,13.89,0.0,0.0,3.1123,0.0,0.0,0.0,1.0,3.1123,False,2434.0166
-152544,61.77,13.89,fuel,preseed,False,0,782.061,13.89,0.0,0.0,4.4471,0.0,0.0,0.0,1.0,4.4471,False,3477.8905
152544,62.4,13.89,fuel,preseed,False,0,782.061,13.89,0.0,0.0,4.4924,0.0,0.0,0.0,1.0,4.4924,False,3513.3619
153352,12.43,13.89,fuel,preseed,False,0,782.061,13.89,0.0,0.0,0.8949,0.0,0.0,0.0,1.0,0.8949,False,699.8572
-152545,48.15,13.89,fuel,preseed,False,0,782.061,13.89,0.0,0.0,3.4665,0.0,0.0,0.0,1.0,3.4665,False,2711.0317
-153349#0,1559.15,13.89,fuel,preseed,False,0,782.061,13.89,0.0,0.0,112.2498,0.0,0.0,0.0,1.0,112.2498,False,87786.1899
152545,43.54,13.89,fuel,preseed,False,0,782.061,13.89,0.0,0.0,3.1346,0.0,0.0,0.0,1.0,3.1346,False,2451.4708
153349#1,48.79,13.89,fuel,preseed,False,0,782.061,13.89,0.0,0.0,3.5126,0.0,0.0,0.0,1.0,3.5126,False,2747.0662
-152546,44.03,13.89,fuel,preseed,False,2,824.763,13.89,0.0,0.0,3.1699,0.0,0.0,0.0,1.0,3.1699,True,2614.4213
-152767#2,31.61,13.89,fuel,ema_unlocked,False,6,209.933,13.659,0.0011,0.0,2.3143,0.0,0.0,0.0,1.0,2.3143,True,485.8492
152767#3,72.69,13.89,fuel,preseed,False,6,544.018,13.89,0.0,0.0,5.2333,0.0,0.0,0.0,1.0,5.2333,True,2846.9862
-152781,148.47,13.89,fuel,preseed,False,2,687.568,13.89,0.0,0.0,10.689,0.0,0.0,0.0,1.0,10.689,True,7349.4087
-152939#2,177.66,13.89,fuel,ema_unlocked,False,1,84.525,13.89,0.0,0.0,12.7905,0.0,0.0,0.0,1.0,12.7905,True,1081.1214
152546,42.45,13.89,fuel,preseed,False,1,782.061,13.89,0.0,0.0,3.0562,0.0,0.0,0.0,1.0,3.0562,True,2390.0996
152939#4,43.66,13.89,fuel,preseed,False,0,782.061,13.89,0.0,0.0,3.1433,0.0,0.0,0.0,1.0,3.1433,False,2458.2273
-152548,255.28,13.89,fuel,preseed,False,0,782.061,13.89,0.0,0.0,18.3787,0.0,0.0,0.0,1.0,18.3787,False,14373.2537
-153357#0,168.76,13.89,fuel,preseed,False,0,782.061,13.89,0.0,0.0,12.1497,0.0,0.0,0.0,1.0,12.1497,False,9501.8423
152548,249.5,13.89,fuel,preseed,False,0,782.061,13.89,0.0,0.0,17.9626,0.0,0.0,0.0,1.0,17.9626,False,14047.8173
153357#1,606.78,13.89,fuel,preseed,False,0,782.061,13.89,0.0,0.0,43.6847,0.0,0.0,0.0,1.0,43.6847,False,34164.0665
-152550,237.81,13.89,fuel,preseed,False,0,782.061,13.89,0.0,0.0,17.121,0.0,0.0,0.0,1.0,17.121,False,13389.625
-153359#0,234.9,13.89,fuel,ema_unlocked,False,2,1325.529,13.911,0.0003,23744.831,16.8853,0.0,0.0304,0.0,1.2436,20.9979,True,22382.0056
152550,225.4,13.89,fuel,preseed,False,0,782.061,13.89,0.0,0.0,16.2275,0.0,0.0,0.0,1.0,16.2275,False,12690.8939
153359#1,293.12,13.89,fuel,ema_unlocked,False,1,748.533,13.89,0.0,0.0,21.103,0.0,0.0,0.0,1.0,21.103,True,15796.2572
-152551,78.7,13.89,fuel,preseed,False,0,782.061,13.89,0.0,0.0,5.6659,0.0,0.0,0.0,1.0,5.6659,False,4431.1151
-152994#1,91.33,13.89,fuel,preseed,False,0,782.061,13.89,0.0,0.0,6.5752,0.0,0.0,0.0,1.0,6.5752,False,5142.2331
152994#2,89.18,13.89,fuel,preseed,False,0,782.061,13.89,0.0,0.0,6.4204,0.0,0.0,0.0,1.0,6.4204,False,5021.1798
-152994#0,89.26,13.89,fuel,preseed,False,0,782.061,13.89,0.0,0.0,6.4262,0.0,0.0,0.0,1.0,6.4262,False,5025.6841
152551,80.15,13.89,fuel,preseed,False,0,782.061,13.89,0.0,0.0,5.7703,0.0,0.0,0.0,1.0,5.7703,False,4512.7557
152994#1,83.24,13.89,fuel,preseed,False,0,782.061,13.89,0.0,0.0,5.9928,0.0,0.0,0.0,1.0,5.9928,False,4686.7347
-152552,111.53,13.89,fuel,preseed,False,1,803.457,13.89,0.0,0.0,8.0295,0.0,0.0,0.0,1.0,8.0295,True,6451.3733
-152993#0,387.87,13.89,fuel,preseed,False,0,782.061,13.89,0.0,0.0,27.9244,0.0,0.0,0.0,1.0,27.9244,False,21838.5848
152552,115.96,13.89,fuel,preseed,False,1,783.483,13.89,0.0,0.0,8.3485,0.0,0.0,0.0,1.0,8.3485,True,6540.8729
-152553,129.59,13.89,fuel,preseed,False,0,782.061,13.89,0.0,0.0,9.3297,0.0,0.0,0.0,1.0,9.3297,False,7296.4194
-153360#0,106.77,13.89,fuel,preseed,False,0,782.061,13.89,0.0,0.0,7.6868,0.0,0.0,0.0,1.0,7.6868,False,6011.565
152553,114.39,13.89,fuel,preseed,False,0,782.061,13.89,0.0,0.0,8.2354,0.0,0.0,0.0,1.0,8.2354,False,6440.6005
153360#1,788.03,13.89,fuel,preseed,False,0,782.061,13.89,0.0,0.0,56.7336,0.0,0.0,0.0,1.0,56.7336,False,44369.1442
-152957,1958.7,13.89,fuel,ema_unlocked,False,7,545.024,13.89,0.0,0.0,141.0151,0.0,0.0,0.0,1.0,141.0151,True,76856.663
-153357#2,184.38,13.89,fuel,ema_unlocked,False,2,828.387,13.89,0.0,17902.675,13.2743,0.0,0.314,0.0,3.5123,46.6231,True,10996.2537
153492,526.44,13.89,fuel,preseed,False,2,782.061,13.89,0.0,0.0,37.9006,0.0,0.0,0.0,1.0,37.9006,True,29640.613
-152556,45.36,13.89,fuel,preseed,False,0,782.061,13.89,0.0,0.0,3.2657,0.0,0.0,0.0,1.0,3.2657,False,2553.9439
-153326#1,501.0,13.89,fuel,preseed,False,0,782.061,13.89,0.0,0.0,36.0691,0.0,0.0,0.0,1.0,36.0691,False,28208.2424
-153367#1,170.51,13.89,fuel,preseed,False,0,782.061,13.89,0.0,0.0,12.2757,0.0,0.0,0.0,1.0,12.2757,False,9600.3741
153326#2,25.25,13.89,fuel,preseed,False,0,782.061,13.89,0.0,0.0,1.8179,0.0,0.0,0.0,1.0,1.8179,False,1421.6729
152556,48.97,13.89,fuel,preseed,False,0,782.061,13.89,0.0,0.0,3.5256,0.0,0.0,0.0,1.0,3.5256,False,2757.2009
-152557#1,266.5,13.89,fuel,preseed,False,0,782.061,13.89,0.0,0.0,19.1865,0.0,0.0,0.0,1.0,19.1865,False,15004.9832
-152561,80.1,13.89,fuel,preseed,False,0,782.061,13.89,0.0,0.0,5.7667,0.0,0.0,0.0,1.0,5.7667,False,4509.9406
-153365#1,274.22,13.89,fuel,ema_unlocked,False,1,623.559,13.89,0.0,0.0,19.7423,0.0,0.0,0.0,1.0,19.7423,True,12310.4644
153365#3,117.51,13.89,fuel,ema_unlocked,False,1,845.811,13.89,0.0,0.0,8.46,0.0,0.0,0.0,1.0,8.46,True,7155.5957
-152558#0,50.74,13.89,fuel,preseed,False,1,782.061,13.89,0.0,0.0,3.653,0.0,0.0,0.0,1.0,3.653,True,2856.8587
152558#1,6.42,13.89,fuel,preseed,False,1,782.061,13.89,0.0,0.0,0.4622,0.0,0.0,0.0,1.0,0.4622,True,361.4709
153366#0,123.3,13.89,fuel,preseed,False,0,782.061,13.89,0.0,0.0,8.8769,0.0,0.0,0.0,1.0,8.8769,False,6942.268
-153326#4,360.5,13.89,fuel,preseed,False,1,782.061,13.89,0.0,0.0,25.9539,0.0,0.0,0.0,1.0,25.9539,True,20297.5477
-153372#0,45.11,13.89,fuel,preseed,False,1,782.061,13.89,0.0,0.0,3.2477,0.0,0.0,0.0,1.0,3.2477,True,2539.8679
153372#1,87.33,13.89,fuel,preseed,False,1,782.061,13.89,0.0,0.0,6.2873,0.0,0.0,0.0,1.0,6.2873,True,4917.0176
-152558#1,6.42,13.89,fuel,preseed,False,1,782.061,13.89,0.0,0.0,0.4622,0.0,0.0,0.0,1.0,0.4622,True,361.4709
152558#2,135.47,13.89,fuel,preseed,False,1,782.061,13.89,0.0,0.0,9.7531,0.0,0.0,0.0,1.0,9.7531,True,7627.4862
-152558#2,134.59,13.89,fuel,preseed,False,1,782.061,13.89,0.0,0.0,9.6897,0.0,0.0,0.0,1.0,9.6897,True,7577.9388
152558#3,110.92,13.89,fuel,preseed,False,1,782.061,13.89,0.0,0.0,7.9856,0.0,0.0,0.0,1.0,7.9856,True,6245.226
-152558#3,111.17,13.89,fuel,preseed,False,1,782.061,13.89,0.0,0.0,8.0036,0.0,0.0,0.0,1.0,8.0036,True,6259.302
152558#5,230.77,13.89,fuel,preseed,False,1,782.061,13.89,0.0,0.0,16.6141,0.0,0.0,0.0,1.0,16.6141,True,12993.2457
-152558#5,231.77,13.89,fuel,preseed,False,1,782.061,13.89,0.0,0.0,16.6861,0.0,0.0,0.0,1.0,16.6861,True,13049.5496
152558#6,95.18,13.89,fuel,preseed,False,1,782.061,13.89,0.0,0.0,6.8524,0.0,0.0,0.0,1.0,6.8524,True,5359.003
-152558#6,98.98,13.89,fuel,preseed,False,1,782.061,13.89,0.0,0.0,7.126,0.0,0.0,0.0,1.0,7.126,True,5572.9577
-153323#4,281.57,13.89,fuel,ema_unlocked,False,2,890.352,13.89,0.0,0.0,20.2714,0.0,0.0,0.0,1.0,20.2714,True,18048.6927
152993#0,383.69,13.89,fuel,preseed,False,1,780.514,13.659,0.0001,0.0,28.0917,0.0,0.0,0.0,1.0,28.0917,True,21925.9378
153359#0,245.17,13.89,fuel,ema_unlocked,False,1,522.301,13.89,0.0,0.0,17.6508,0.0,0.0,0.0,1.0,17.6508,True,9219.0461
-152559,263.71,13.89,fuel,preseed,False,0,782.061,13.89,0.0,0.0,18.9856,0.0,0.0,0.0,1.0,18.9856,False,14847.8954
152512#3,29.96,13.89,fuel,preseed,False,1,782.061,13.89,0.0,0.0,2.1569,0.0,0.0,0.0,1.0,2.1569,True,1686.8642
152527,216.22,13.89,fuel,preseed,False,0,782.061,13.89,0.0,0.0,15.5666,0.0,0.0,0.0,1.0,15.5666,False,12174.0243
152559,268.3,13.89,fuel,preseed,False,1,782.061,13.89,0.0,0.0,19.3161,0.0,0.0,0.0,1.0,19.3161,True,15106.3302
-152560,317.89,13.89,fuel,preseed,False,0,782.061,13.89,0.0,0.0,22.8862,0.0,0.0,0.0,1.0,22.8862,False,17898.4395
-152581#4,141.04,13.89,fuel,preseed,False,1,805.776,13.89,0.0,0.0,10.1541,0.0,0.0,0.0,1.0,10.1541,True,8181.9082
152581#5,175.27,13.89,fuel,preseed,False,0,782.061,13.89,0.0,0.0,12.6184,0.0,0.0,0.0,1.0,12.6184,False,9868.3805
-153363#2,48.01,13.89,fuel,preseed,False,0,782.061,13.89,0.0,0.0,3.4564,0.0,0.0,0.0,1.0,3.4564,False,2703.1491
152560,317.06,13.89,fuel,preseed,False,1,720.711,13.89,0.0,0.0,22.8265,0.0,0.0,0.0,1.0,22.8265,True,16451.2967
153363#3,148.29,13.89,fuel,preseed,False,0,782.061,13.89,0.0,0.0,10.676,0.0,0.0,0.0,1.0,10.676,False,8349.3019
152561,87.46,13.89,fuel,preseed,False,0,782.061,13.89,0.0,0.0,6.2966,0.0,0.0,0.0,1.0,6.2966,False,4924.3371
-152562#0,61.51,13.89,fuel,preseed,False,0,782.061,13.89,0.0,0.0,4.4284,0.0,0.0,0.0,1.0,4.4284,False,3463.2515
-152564,139.65,13.89,fuel,preseed,False,1,782.061,13.89,0.0,0.0,10.054,0.0,0.0,0.0,1.0,10.054,True,7862.8364
152562#1,78.26,13.89,fuel,preseed,False,0,782.061,13.89,0.0,0.0,5.6343,0.0,0.0,0.0,1.0,5.6343,False,4406.3414
152562#0,62.28,13.89,fuel,preseed,False,0,782.061,13.89,0.0,0.0,4.4838,0.0,0.0,0.0,1.0,4.4838,False,3506.6055
-152562#1,77.61,13.89,fuel,preseed,False,0,782.061,13.89,0.0,0.0,5.5875,0.0,0.0,0.0,1.0,5.5875,False,4369.7439
-152563#0,43.23,13.89,fuel,preseed,False,0,782.061,13.89,0.0,0.0,3.1123,0.0,0.0,0.0,1.0,3.1123,False,2434.0166
152563#1,157.32,13.89,fuel,preseed,False,0,782.061,13.89,0.0,0.0,11.3261,0.0,0.0,0.0,1.0,11.3261,False,8857.7259
-153480#1,37.74,13.89,fuel,preseed,False,4,889.577,13.89,0.0,0.0,2.7171,0.0,0.0,0.0,1.0,2.7171,True,2417.0366
152563#0,50.11,13.89,fuel,preseed,False,0,782.061,13.89,0.0,0.0,3.6076,0.0,0.0,0.0,1.0,3.6076,False,2821.3873
153480#2,172.63,13.89,fuel,preseed,False,3,435.042,13.89,0.0,0.0,12.4284,0.0,0.0,0.0,1.0,12.4284,True,5406.8557
-152563#1,176.11,13.89,fuel,preseed,False,0,782.061,13.89,0.0,0.0,12.6789,0.0,0.0,0.0,1.0,12.6789,False,9915.6758
-153480#2,171.96,13.89,fuel,preseed,False,4,976.42,13.89,0.0,0.0,12.3801,0.0,0.0,0.0,1.0,12.3801,True,12088.2077
152564,135.49,13.89,fuel,preseed,False,0,782.061,13.89,0.0,0.0,9.7545,0.0,0.0,0.0,1.0,9.7545,False,7628.6123
153480#3,61.73,13.89,fuel,preseed,False,2,518.063,13.89,0.0,280.551,4.4442,0.0,0.0,0.0,1.0,4.4442,True,2302.3792
-152566#0,60.78,13.89,fuel,preseed,False,1,760.932,13.89,0.0,0.0,4.3758,0.0,0.0,0.0,1.0,4.3758,True,3329.6932
152566#1,45.71,13.89,fuel,preseed,False,1,782.061,13.89,0.0,0.0,3.2909,0.0,0.0,0.0,1.0,3.2909,True,2573.6502
153368#0,341.85,13.89,fuel,preseed,False,0,782.061,13.89,0.0,0.0,24.6112,0.0,0.0,0.0,1.0,24.6112,False,19247.4804
-153369#0,139.26,13.89,fuel,preseed,False,1,782.061,13.89,0.0,0.0,10.0259,0.0,0.0,0.0,1.0,10.0259,True,7840.8779
152566#0,58.27,13.89,fuel,preseed,False,1,782.061,13.89,0.0,0.0,4.1951,0.0,0.0,0.0,1.0,4.1951,True,3280.8269
153369#1,39.39,13.89,fuel,preseed,False,3,574.96,13.89,0.0,134.132,2.8359,0.0,0.0,0.0,1.0,2.8359,True,1630.5028
152567,30.9,13.89,fuel,preseed,False,0,782.061,13.89,0.0,0.0,2.2246,0.0,0.0,0.0,1.0,2.2246,False,1739.7898
-152568,186.21,13.89,fuel,preseed,False,0,782.061,13.89,0.0,0.0,13.406,0.0,0.0,0.0,1.0,13.406,False,10484.3449
-152618#0,1691.67,13.89,fuel,preseed,False,0,782.061,13.89,0.0,0.0,121.7905,0.0,0.0,0.0,1.0,121.7905,False,95247.5797
152618#1,128.85,13.89,fuel,preseed,False,0,782.061,13.89,0.0,0.0,9.2765,0.0,0.0,0.0,1.0,9.2765,False,7254.7546
152568,189.35,13.89,fuel,preseed,False,0,782.061,13.89,0.0,0.0,13.6321,0.0,0.0,0.0,1.0,13.6321,False,10661.1391
-152569,201.06,13.89,fuel,preseed,False,0,782.061,13.89,0.0,0.0,14.4752,0.0,0.0,0.0,1.0,14.4752,False,11320.4575
-153371#0,88.67,13.89,fuel,preseed,False,0,782.061,13.89,0.0,0.0,6.3837,0.0,0.0,0.0,1.0,6.3837,False,4992.4648
152569,200.43,13.89,fuel,preseed,False,0,782.061,13.89,0.0,0.0,14.4298,0.0,0.0,0.0,1.0,14.4298,False,11284.9861
153371#1,268.08,13.89,fuel,preseed,False,0,782.061,13.89,0.0,0.0,19.3002,0.0,0.0,0.0,1.0,19.3002,False,15093.9434
-152570,211.04,13.89,fuel,preseed,False,0,782.061,13.89,0.0,0.0,15.1937,0.0,0.0,0.0,1.0,15.1937,False,11882.3702
-153388#0,9.67,13.89,fuel,preseed,False,0,782.061,13.89,0.0,0.0,0.6962,0.0,0.0,0.0,1.0,0.6962,False,544.4585
152570,210.17,13.89,fuel,preseed,False,0,782.061,13.89,0.0,0.0,15.131,0.0,0.0,0.0,1.0,15.131,False,11833.3858
153388#1,332.64,13.89,fuel,preseed,False,0,782.061,13.89,0.0,0.0,23.9482,0.0,0.0,0.0,1.0,23.9482,False,18728.9217
-152572#0,88.51,13.89,fuel,preseed,False,0,782.061,13.89,0.0,0.0,6.3722,0.0,0.0,0.0,1.0,6.3722,False,4983.4562
-152574#0,323.66,13.89,fuel,preseed,False,0,782.061,13.89,0.0,0.0,23.3017,0.0,0.0,0.0,1.0,23.3017,False,18223.3128
152572#1,8.75,13.89,fuel,preseed,False,1,782.061,13.89,0.0,0.0,0.6299,0.0,0.0,0.0,1.0,0.6299,True,492.6589
152574#1,581.82,13.89,fuel,preseed,False,1,782.061,13.89,0.0,0.0,41.8877,0.0,0.0,0.0,1.0,41.8877,True,32758.7217
-153062#0,66.24,13.89,fuel,preseed,False,0,782.061,13.89,0.0,0.0,4.7689,0.0,0.0,0.0,1.0,4.7689,False,3729.5688
152572#0,91.34,13.89,fuel,preseed,False,0,782.061,13.89,0.0,0.0,6.576,0.0,0.0,0.0,1.0,6.576,False,5142.7961
153062#1,206.98,13.89,fuel,preseed,False,0,782.061,13.89,0.0,0.0,14.9014,0.0,0.0,0.0,1.0,14.9014,False,11653.7765
-152572#4,57.86,13.89,fuel,preseed,False,0,782.061,13.89,0.0,0.0,4.1656,0.0,0.0,0.0,1.0,4.1656,False,3257.7423
-153557,48.28,13.89,fuel,preseed,False,0,782.061,13.89,0.0,0.0,3.4759,0.0,0.0,0.0,1.0,3.4759,False,2718.3512
152572#5,69.27,13.89,fuel,preseed,False,0,782.061,13.89,0.0,0.0,4.987,0.0,0.0,0.0,1.0,4.987,False,3900.1696
-152642#3,11.24,13.89,fuel,preseed,False,0,782.061,13.89,0.0,0.0,0.8092,0.0,0.0,0.0,1.0,0.8092,False,632.8556
152572#4,56.62,13.89,fuel,preseed,False,0,782.061,13.89,0.0,0.0,4.0763,0.0,0.0,0.0,1.0,4.0763,False,3187.9255
-152572#5,75.98,13.89,fuel,preseed,False,0,782.061,13.89,0.0,0.0,5.4701,0.0,0.0,0.0,1.0,5.4701,False,4277.9686
-152639,173.78,13.89,fuel,preseed,False,0,782.061,13.89,0.0,0.0,12.5112,0.0,0.0,0.0,1.0,12.5112,False,9784.4878
152572#6,214.84,13.89,fuel,preseed,False,0,782.061,13.89,0.0,0.0,15.4672,0.0,0.0,0.0,1.0,15.4672,False,12096.3249
-152573,121.41,13.89,fuel,preseed,False,0,782.061,13.89,0.0,0.0,8.7408,0.0,0.0,0.0,1.0,8.7408,False,6835.8537
-153390#0,603.5,13.89,fuel,preseed,False,0,782.061,13.89,0.0,0.0,43.4485,0.0,0.0,0.0,1.0,43.4485,False,33979.3898
153390#1,490.92,13.89,fuel,preseed,False,0,782.061,13.89,0.0,0.0,35.3434,0.0,0.0,0.0,1.0,35.3434,False,27640.6993
152573,110.93,13.89,fuel,preseed,False,0,782.061,13.89,0.0,0.0,7.9863,0.0,0.0,0.0,1.0,7.9863,False,6245.7891
-152624#3,51.85,13.89,fuel,preseed,False,0,782.061,13.89,0.0,0.0,3.7329,0.0,0.0,0.0,1.0,3.7329,False,2919.356
-153388#3,261.59,13.89,fuel,preseed,False,1,782.061,13.89,0.0,0.0,18.833,0.0,0.0,0.0,1.0,18.833,True,14728.5312
152574#0,326.23,13.89,fuel,preseed,False,0,782.061,13.89,0.0,0.0,23.4867,0.0,0.0,0.0,1.0,23.4867,False,18368.0138
153389#0,196.75,13.89,fuel,preseed,False,0,782.061,13.89,0.0,0.0,14.1649,0.0,0.0,0.0,1.0,14.1649,False,11077.7878
-152574#1,587.37,13.89,fuel,preseed,False,1,782.061,13.89,0.0,0.0,42.2873,0.0,0.0,0.0,1.0,42.2873,True,33071.2083
-152575,9.12,13.89,fuel,preseed,False,0,782.061,13.89,0.0,0.0,0.6566,0.0,0.0,0.0,1.0,0.6566,False,513.4914
-152583#0,74.29,13.89,fuel,preseed,False,2,833.589,13.89,0.0,0.0,5.3485,0.0,0.0,0.0,1.0,5.3485,True,4458.4102
152583#1,37.09,13.89,fuel,preseed,False,0,782.061,13.89,0.0,0.0,2.6703,0.0,0.0,0.0,1.0,2.6703,False,2088.3108
-152579#0,42.64,13.89,fuel,preseed,False,2,731.811,13.89,0.0,0.0,3.0698,0.0,0.0,0.0,1.0,3.0698,True,2246.538
152575,16.18,13.89,fuel,preseed,False,2,742.138,13.89,0.0,0.0,1.1649,0.0,0.0,0.0,1.0,1.1649,True,864.4919
152579#1,79.18,13.89,fuel,preseed,False,1,782.061,13.89,0.0,0.0,5.7005,0.0,0.0,0.0,1.0,5.7005,True,4458.141
-152577#0,43.67,13.89,fuel,preseed,False,0,782.061,13.89,0.0,0.0,3.144,0.0,0.0,0.0,1.0,3.144,False,2458.7903
152577#1,47.66,13.89,fuel,preseed,False,0,782.061,13.89,0.0,0.0,3.4312,0.0,0.0,0.0,1.0,3.4312,False,2683.4428
152970#0,66.94,13.89,fuel,preseed,False,0,782.061,13.89,0.0,0.0,4.8193,0.0,0.0,0.0,1.0,4.8193,False,3768.9815
152577#0,45.6,13.89,fuel,preseed,False,0,782.061,13.89,0.0,0.0,3.2829,0.0,0.0,0.0,1.0,3.2829,False,2567.4568
-152577#1,44.86,13.89,fuel,preseed,False,0,782.061,13.89,0.0,0.0,3.2297,0.0,0.0,0.0,1.0,3.2297,False,2525.7919
-152970#1,4.14,13.89,fuel,preseed,False,3,782.061,13.89,0.0,0.0,0.2981,0.0,0.0,0.0,1.0,0.2981,True,233.0981
152577#2,1.25,13.89,fuel,preseed,False,0,782.061,13.89,0.0,0.0,0.09,0.0,0.0,0.0,1.0,0.09,False,70.3798
-152577#2,1.25,13.89,fuel,preseed,False,0,782.061,13.89,0.0,0.0,0.09,0.0,0.0,0.0,1.0,0.09,False,70.3798
152577#3,55.25,13.89,fuel,preseed,False,0,782.061,13.89,0.0,0.0,3.9777,0.0,0.0,0.0,1.0,3.9777,False,3110.7892
-152577#3,49.83,13.89,fuel,preseed,False,3,782.061,13.89,0.0,0.0,3.5875,0.0,0.0,0.0,1.0,3.5875,True,2805.6222
152577#4,8.91,13.89,fuel,preseed,False,0,782.061,13.89,0.0,0.0,0.6415,0.0,0.0,0.0,1.0,0.6415,False,501.6675
-152577#4,8.91,13.89,fuel,preseed,False,3,782.061,13.89,0.0,0.0,0.6415,0.0,0.0,0.0,1.0,0.6415,True,501.6675
152145,81.21,13.89,fuel,preseed,False,1,782.061,13.89,0.0,0.0,5.8467,0.0,0.0,0.0,1.0,5.8467,True,4572.4379
-152579#1,77.4,13.89,fuel,preseed,False,2,812.608,13.89,0.0,0.0,5.5724,0.0,0.0,0.0,1.0,5.5724,True,4528.1424
152348,15.42,13.89,fuel,preseed,False,1,782.061,13.89,0.0,0.0,1.1102,0.0,0.0,0.0,1.0,1.1102,True,868.2058
-152581#0,299.3,13.89,fuel,preseed,False,1,785.109,13.89,0.0,0.0,21.5479,0.0,0.0,0.0,1.0,21.5479,True,16917.4395
152581#1,50.85,13.89,fuel,preseed,False,0,782.061,13.89,0.0,0.0,3.6609,0.0,0.0,0.0,1.0,3.6609,False,2863.0521
152345#1,21.44,13.89,fuel,preseed,False,2,838.281,13.89,0.0,0.0,1.5436,0.0,0.0,0.0,1.0,1.5436,True,1293.9335
152581#0,296.08,13.89,fuel,preseed,False,0,782.061,13.89,0.0,0.0,21.3161,0.0,0.0,0.0,1.0,21.3161,False,16670.4519
-152581#1,50.98,13.89,fuel,preseed,False,1,693.903,13.659,0.0005,0.0,3.7325,0.0,0.0,0.0,1.0,3.7325,True,2589.9751
152581#2,16.8,13.89,fuel,preseed,False,0,782.061,13.89,0.0,0.0,1.2095,0.0,0.0,0.0,1.0,1.2095,False,945.9051
-152581#2,17.19,13.89,fuel,preseed,False,1,804.752,13.89,0.0,0.0,1.2376,0.0,0.0,0.0,1.0,1.2376,True,995.9461
152581#3,26.95,13.89,fuel,preseed,False,0,782.061,13.89,0.0,0.0,1.9402,0.0,0.0,0.0,1.0,1.9402,False,1517.3895
-152581#3,26.95,13.89,fuel,preseed,False,1,667.512,13.89,0.0,0.0,1.9402,0.0,0.0,0.0,1.0,1.9402,True,1295.1366
152581#4,143.76,13.89,fuel,preseed,False,0,782.061,13.89,0.0,0.0,10.3499,0.0,0.0,0.0,1.0,10.3499,False,8094.2454
-152581#5,174.3,13.89,fuel,preseed,False,0,782.061,13.89,0.0,0.0,12.5486,0.0,0.0,0.0,1.0,12.5486,False,9813.7658
152576,64.35,13.89,fuel,ema_unlocked,False,5,1999.053,13.89,0.0,0.0,4.6328,0.0,0.0,0.0,1.0,4.6328,True,9261.2725
152582#0,100.5,13.89,fuel,ema_unlocked,False,3,311.404,13.89,0.0,0.0,7.2354,0.0,0.0,0.0,1.0,7.2354,True,2253.1362
-152582#2,142.72,13.89,fuel,ema_unlocked,False,7,1247.621,13.89,0.0,0.0,10.275,0.0,0.0,0.0,1.0,10.275,True,12819.3314
152582#3,134.25,13.89,fuel,ema_unlocked,False,3,801.682,13.659,0.0006,0.0,9.829,0.0,0.0,0.0,1.0,9.8291,True,7879.7635
-152582#3,127.84,13.89,fuel,ema_unlocked,False,8,538.824,13.89,0.0,0.0,9.2037,0.0,0.0,0.0,1.0,9.2037,True,4959.2019
152582#4,134.95,13.89,fuel,ema_unlocked,False,2,860.902,13.89,0.0,0.0,9.7156,0.0,0.0,0.0,1.0,9.7156,True,8364.203
-152582#4,140.37,13.89,fuel,ema_unlocked,False,9,727.434,13.89,0.0,0.0,10.1058,0.0,0.0,0.0,1.0,10.1058,True,7351.3253
-152587#2,258.41,13.89,fuel,preseed,False,6,808.627,13.89,0.0,0.0,18.604,0.0,0.0,0.0,1.0,18.604,True,15043.7203
152583#0,73.62,13.89,fuel,preseed,False,0,782.061,13.89,0.0,0.0,5.3002,0.0,0.0,0.0,1.0,5.3002,False,4145.0914
152587#3,27.42,13.89,fuel,preseed,False,1,782.061,13.89,0.0,0.0,1.9741,0.0,0.0,0.0,1.0,1.9741,True,1543.8523
-152583#1,24.19,13.89,fuel,preseed,False,0,782.061,13.89,0.0,0.0,1.7415,0.0,0.0,0.0,1.0,1.7415,False,1361.9908
-152584,121.29,13.89,fuel,preseed,False,0,782.061,13.89,0.0,0.0,8.7322,0.0,0.0,0.0,1.0,8.7322,False,6829.0972
-153378#0,28.93,13.89,fuel,preseed,False,1,782.061,13.89,0.0,0.0,2.0828,0.0,0.0,0.0,1.0,2.0828,True,1628.8712
152584,132.25,13.89,fuel,preseed,False,0,782.061,13.89,0.0,0.0,9.5212,0.0,0.0,0.0,1.0,9.5212,False,7446.1877
153378#1,160.42,13.89,fuel,preseed,False,1,782.061,13.89,0.0,0.0,11.5493,0.0,0.0,0.0,1.0,11.5493,True,9032.268
-152587#0,168.85,13.89,fuel,preseed,False,6,699.249,13.89,0.0,8235.104,12.1562,0.0,0.0,0.0,1.0,12.1562,True,8500.2314
152587#1,59.34,13.89,fuel,preseed,False,1,782.061,13.89,0.0,0.0,4.2721,0.0,0.0,0.0,1.0,4.2721,True,3341.0721
-152587#1,59.58,13.89,fuel,preseed,False,6,707.291,13.89,0.0,0.0,4.2894,0.0,0.0,0.0,1.0,4.2894,True,3033.8654
152587#2,257.66,13.89,fuel,preseed,False,1,782.061,13.89,0.0,0.0,18.55,0.0,0.0,0.0,1.0,18.55,True,14507.257
152613,26.75,13.89,fuel,preseed,False,0,782.061,13.89,0.0,0.0,1.9258,0.0,0.0,0.0,1.0,1.9258,False,1506.1287
-152589,180.74,13.89,fuel,preseed,False,1,782.061,13.89,0.0,0.0,13.0122,0.0,0.0,0.0,1.0,13.0122,True,10176.3627
-152590#0,61.29,13.89,fuel,preseed,False,1,782.061,13.89,0.0,0.0,4.4125,0.0,0.0,0.0,1.0,4.4125,True,3450.8646
152590#1,124.27,13.89,fuel,preseed,False,0,782.061,13.89,0.0,0.0,8.9467,0.0,0.0,0.0,1.0,8.9467,False,6996.8828
-153380#4,28.29,13.89,fuel,preseed,False,1,782.061,13.89,0.0,0.0,2.0367,0.0,0.0,0.0,1.0,2.0367,True,1592.8367
153380#5,70.65,13.89,fuel,preseed,False,0,782.061,13.89,0.0,0.0,5.0864,0.0,0.0,0.0,1.0,5.0864,False,3977.8689
153491#0,404.0,13.89,fuel,preseed,False,1,782.061,13.89,0.0,0.0,29.0857,0.0,0.0,0.0,1.0,29.0857,True,22746.7663
-152590#1,129.7,13.89,fuel,preseed,False,2,782.061,13.89,0.0,0.0,9.3377,0.0,0.0,0.0,1.0,9.3377,True,7302.6129
-152593,143.02,13.89,fuel,preseed,False,0,782.061,13.89,0.0,0.0,10.2966,0.0,0.0,0.0,1.0,10.2966,False,8052.5805
152590#2,35.55,13.89,fuel,preseed,False,1,782.061,13.89,0.0,0.0,2.5594,0.0,0.0,0.0,1.0,2.5594,True,2001.6028
-152591#0,7.56,13.89,fuel,preseed,False,0,782.061,13.89,0.0,0.0,0.5443,0.0,0.0,0.0,1.0,0.5443,False,425.6573
152591#1,1.72,13.89,fuel,preseed,False,0,782.061,13.89,0.0,0.0,0.1238,0.0,0.0,0.0,1.0,0.1238,False,96.8427
152591#0,7.56,13.89,fuel,preseed,False,0,782.061,13.89,0.0,0.0,0.5443,0.0,0.0,0.0,1.0,0.5443,False,425.6573
-152591#1,1.72,13.89,fuel,preseed,False,0,782.061,13.89,0.0,0.0,0.1238,0.0,0.0,0.0,1.0,0.1238,False,96.8427
152591#2,6.87,13.89,fuel,preseed,False,0,782.061,13.89,0.0,0.0,0.4946,0.0,0.0,0.0,1.0,0.4946,False,386.8076
152597,81.71,13.89,fuel,preseed,False,0,782.061,13.89,0.0,0.0,5.8826,0.0,0.0,0.0,1.0,5.8826,False,4600.5898
-152591#2,10.64,13.89,fuel,preseed,False,0,782.061,13.89,0.0,0.0,0.766,0.0,0.0,0.0,1.0,0.766,False,599.0733
152591#3,393.87,13.89,fuel,preseed,False,0,782.061,13.89,0.0,0.0,28.3564,0.0,0.0,0.0,1.0,28.3564,False,22176.408
-152591#3,399.72,13.89,fuel,preseed,False,0,782.061,13.659,0.0,0.0,29.2653,0.0,0.0,0.0,1.0,29.2653,False,22887.2397
152591#4,27.18,13.89,fuel,preseed,False,0,782.061,13.89,0.0,0.0,1.9568,0.0,0.0,0.0,1.0,1.9568,False,1530.3394
-152591#4,27.24,13.89,fuel,preseed,False,0,782.061,13.89,0.0,0.0,1.9611,0.0,0.0,0.0,1.0,1.9611,False,1533.7176
152591#5,167.71,13.89,fuel,preseed,False,0,782.061,13.89,0.0,0.0,12.0742,0.0,0.0,0.0,1.0,12.0742,False,9442.7232
152592,42.98,13.89,fuel,preseed,False,0,782.061,13.89,0.0,0.0,3.0943,0.0,0.0,0.0,1.0,3.0943,False,2419.9406
152593,157.0,13.89,fuel,preseed,False,0,782.061,13.89,0.0,0.0,11.3031,0.0,0.0,0.0,1.0,11.3031,False,8839.7087
-152595#0,111.23,13.89,fuel,preseed,False,0,782.061,13.89,0.0,0.0,8.0079,0.0,0.0,0.0,1.0,8.0079,False,6262.6802
-153065#1,27.56,13.89,fuel,preseed,False,0,782.061,13.89,0.0,0.0,1.9842,0.0,0.0,0.0,1.0,1.9842,False,1551.7349
152595#1,41.84,13.89,fuel,preseed,False,0,782.061,13.89,0.0,0.0,3.0122,0.0,0.0,0.0,1.0,3.0122,False,2355.7542
152595#0,95.88,13.89,fuel,preseed,False,0,782.061,13.89,0.0,0.0,6.9028,0.0,0.0,0.0,1.0,6.9028,False,5398.4157
-152595#1,41.31,13.89,fuel,preseed,False,1,882.286,13.89,0.0,0.0,2.9741,0.0,0.0,0.0,1.0,2.9741,True,2623.9924
-152937#3,62.5,13.89,fuel,preseed,False,2,782.061,13.89,0.0,0.0,4.4996,0.0,0.0,0.0,1.0,4.4996,True,3518.9923
152937#4,116.47,13.89,fuel,preseed,False,2,782.061,13.89,0.0,0.0,8.3852,0.0,0.0,0.0,1.0,8.3852,True,6557.7126
-152596,383.51,13.89,fuel,preseed,False,0,782.061,13.89,0.0,0.0,27.6105,0.0,0.0,0.0,1.0,27.6105,False,21593.0999
-153381#5,452.77,13.89,fuel,preseed,False,0,782.061,13.89,0.0,0.0,32.5968,0.0,0.0,0.0,1.0,32.5968,False,25492.7064
153059#0,90.78,13.89,fuel,preseed,False,0,782.061,13.89,0.0,0.0,6.5356,0.0,0.0,0.0,1.0,6.5356,False,5111.266
153381#6,197.49,13.89,fuel,preseed,False,1,782.061,13.89,0.0,0.0,14.2181,0.0,0.0,0.0,1.0,14.2181,True,11119.4527
152596,391.44,13.89,fuel,preseed,False,0,782.061,13.89,0.0,0.0,28.1814,0.0,0.0,0.0,1.0,28.1814,False,22039.5896
-152597,85.88,13.89,fuel,preseed,False,0,782.061,13.89,0.0,0.0,6.1829,0.0,0.0,0.0,1.0,6.1829,False,4835.377
-152598,97.07,13.89,fuel,preseed,False,0,782.061,13.89,0.0,0.0,6.9885,0.0,0.0,0.0,1.0,6.9885,False,5465.4173
-153383#4,82.24,13.89,fuel,preseed,False,1,782.061,13.89,0.0,0.0,5.9208,0.0,0.0,0.0,1.0,5.9208,True,4630.4308
153383#5,11.99,13.89,fuel,preseed,False,0,782.061,13.89,0.0,0.0,0.8632,0.0,0.0,0.0,1.0,0.8632,False,675.0835
152598,88.42,13.89,fuel,preseed,False,0,782.061,13.89,0.0,0.0,6.3657,0.0,0.0,0.0,1.0,6.3657,False,4978.3888
-153023#1,70.32,13.89,fuel,preseed,False,0,782.061,13.89,0.0,0.0,5.0626,0.0,0.0,0.0,1.0,5.0626,False,3959.2886
152599,18.82,13.89,fuel,preseed,False,0,782.061,13.89,0.0,0.0,1.3549,0.0,0.0,0.0,1.0,1.3549,False,1059.639
153023#2,165.77,13.89,fuel,preseed,False,2,595.562,13.89,0.0,0.0,11.9345,0.0,0.0,0.0,1.0,11.9345,True,7107.7295
-152600,66.76,13.89,fuel,preseed,False,0,782.061,13.89,0.0,0.0,4.8063,0.0,0.0,0.0,1.0,4.8063,False,3758.8468
-153023#0,226.65,13.89,fuel,preseed,False,0,782.061,13.89,0.0,0.0,16.3175,0.0,0.0,0.0,1.0,16.3175,False,12761.2737
153023#1,71.32,13.89,fuel,preseed,False,2,587.35,13.89,0.0,0.0,5.1346,0.0,0.0,0.0,1.0,5.1346,True,3015.8237
152600,67.19,13.89,fuel,preseed,False,0,782.061,13.89,0.0,0.0,4.8373,0.0,0.0,0.0,1.0,4.8373,False,3783.0575
-152601,23.68,13.89,fuel,preseed,False,3,782.061,13.89,0.0,0.0,1.7048,0.0,0.0,0.0,1.0,1.7048,True,1333.2758
152601,23.68,13.89,fuel,preseed,False,1,782.061,13.89,0.0,0.0,1.7048,0.0,0.0,0.0,1.0,1.7048,True,1333.2758
152614,3.01,13.89,fuel,preseed,False,3,782.061,13.89,0.0,0.0,0.2167,0.0,0.0,0.0,1.0,0.2167,True,169.4747
-152605#0,119.56,13.89,fuel,ema_unlocked,False,1,611.373,13.89,0.0,0.0,8.6076,0.0,0.0,0.0,1.0,8.6076,True,5262.4764
152605#1,201.86,13.89,fuel,ema_unlocked,False,9,395.344,13.89,0.0,0.0,14.5328,0.0,0.0,0.0,1.0,14.5328,True,5745.4404
-152667#10,123.48,13.89,fuel,ema_unlocked,False,1,1398.056,13.89,0.0,0.0,8.8898,0.0,0.0,0.0,1.0,8.8898,True,12428.51
152652#0,6.51,13.89,fuel,preseed,False,1,787.72,13.89,0.0,0.0,0.4687,0.0,0.0,0.0,1.0,0.4687,True,369.1906
152667#11,114.72,13.89,fuel,ema_unlocked,False,9,780.37,13.89,0.0,0.0,8.2592,0.0,0.0,0.0,1.0,8.2592,True,6445.2167
-152605#1,198.35,13.89,fuel,ema_unlocked,False,1,1065.744,13.89,0.0,0.0,14.2801,0.0,0.0,0.0,1.0,14.2801,True,15218.8853
152605#2,26.09,13.89,fuel,ema_unlocked,False,8,465.363,13.89,0.0,0.0,1.8783,0.0,0.0,0.0,1.0,1.8783,True,874.1059
-152606#0,31.16,13.89,fuel,preseed,False,1,782.061,13.89,0.0,0.0,2.2433,0.0,0.0,0.0,1.0,2.2433,True,1754.4288
152606#1,38.31,13.89,fuel,preseed,False,1,805.298,13.89,0.0,0.0,2.7581,0.0,0.0,0.0,1.0,2.7581,True,2221.0922
152454#4,4.55,13.89,fuel,ema_unlocked,False,2,248.412,13.89,0.0,0.0,0.3276,0.0,0.0,0.0,1.0,0.3276,True,81.3732
152606#0,31.99,13.89,fuel,preseed,False,1,871.874,13.89,0.0,0.0,2.3031,0.0,0.0,0.0,1.0,2.3031,True,2008.0092
-152606#1,30.08,13.89,fuel,preseed,False,1,782.061,13.89,0.0,0.0,2.1656,0.0,0.0,0.0,1.0,2.1656,True,1693.6206
-152617,20.47,13.89,fuel,preseed,False,1,786.578,13.89,0.0,0.0,1.4737,0.0,0.0,0.0,1.0,1.4737,True,1159.1977
152606#2,34.94,13.89,fuel,preseed,False,1,889.759,13.89,0.0,0.0,2.5155,0.0,0.0,0.0,1.0,2.5155,True,2238.1701
-152606#2,31.3,13.89,fuel,preseed,False,1,627.625,13.89,0.0,0.0,2.2534,0.0,0.0,0.0,1.0,2.2534,True,1414.3035
152606#3,43.25,13.89,fuel,preseed,False,1,888.853,13.89,0.0,0.0,3.1138,0.0,0.0,0.0,1.0,3.1138,True,2767.6676
-152606#3,46.62,13.89,fuel,preseed,False,1,656.002,13.89,0.0,0.0,3.3564,0.0,0.0,0.0,1.0,3.3564,True,2201.7852
152606#4,86.26,13.89,fuel,preseed,False,1,830.983,13.931,0.0002,9242.696,6.1921,0.0,0.3981,0.0,4.185,25.9141,True,5145.5451
-152606#4,104.21,13.89,fuel,preseed,False,1,666.294,13.89,0.0,0.0,7.5025,0.0,0.0,0.0,1.0,7.5025,True,4998.8846
152606#5,25.55,13.89,fuel,preseed,False,1,698.453,13.659,0.001,0.0,1.8706,0.0,0.0,0.0,1.0,1.8706,True,1306.5478
-152606#5,19.07,13.89,fuel,preseed,False,1,840.055,13.89,0.0,2913.275,1.3729,0.0,0.763,0.0,7.1038,9.753,True,1153.3362
152606#6,7.89,13.89,fuel,preseed,False,1,714.74,13.89,0.0,0.0,0.568,0.0,0.0,0.0,1.0,0.568,True,405.9971
-152606#6,6.5,13.89,fuel,preseed,False,1,796.311,13.89,0.0,0.0,0.468,0.0,0.0,0.0,1.0,0.468,True,372.6437
-152937#4,112.61,13.89,fuel,preseed,False,2,808.987,13.89,0.0,0.0,8.1073,0.0,0.0,0.0,1.0,8.1073,True,6558.6802
152606#7,13.53,13.89,fuel,preseed,False,1,829.782,13.89,0.0,0.0,0.9741,0.0,0.0,0.0,1.0,0.9741,True,808.2761
-152606#7,14.97,13.89,fuel,preseed,False,3,851.685,13.89,0.0,0.0,1.0778,0.0,0.0,0.0,1.0,1.0778,True,917.9069
-152608,75.23,13.89,fuel,preseed,False,1,782.061,13.89,0.0,0.0,5.4161,0.0,0.0,0.0,1.0,5.4161,True,4235.7407
152606#8,113.29,13.89,fuel,preseed,False,1,863.99,13.659,0.0004,0.0,8.2945,0.0,0.0,0.0,1.0,8.2945,True,7166.3363
-152606#8,109.62,13.89,fuel,preseed,False,4,613.86,13.89,0.0,0.0,7.892,0.0,0.0,0.0,1.0,7.892,True,4844.5893
152606#9,3.33,13.89,fuel,preseed,False,1,755.248,13.89,0.0,0.0,0.2397,0.0,0.0,0.0,1.0,0.2397,True,181.0639
-152607,182.4,13.89,fuel,preseed,False,1,782.061,13.89,0.0,0.0,13.1317,0.0,0.0,0.0,1.0,13.1317,True,10269.8272
152363#3,9.52,13.89,fuel,ema_unlocked,False,7,1327.941,13.89,0.0,0.0,0.6854,0.0,0.0,0.0,1.0,0.6854,True,910.1508
152608,76.46,13.89,fuel,preseed,False,1,782.061,13.89,0.0,0.0,5.5047,0.0,0.0,0.0,1.0,5.5047,True,4304.9944
-152610,44.08,13.89,fuel,preseed,False,1,810.807,13.89,0.0,0.0,3.1735,0.0,0.0,0.0,1.0,3.1735,True,2573.1008
152617,20.47,13.89,fuel,preseed,False,0,782.061,13.89,0.0,0.0,1.4737,0.0,0.0,0.0,1.0,1.4737,False,1152.5404
-152611#0,136.01,13.89,fuel,preseed,False,0,782.061,13.89,0.0,0.0,9.7919,0.0,0.0,0.0,1.0,9.7919,False,7657.8903
-152615#0,121.4,13.89,fuel,preseed,False,2,792.667,13.89,0.0,0.0,8.7401,0.0,0.0,0.0,1.0,8.7401,True,6927.987
152615#1,10.96,13.89,fuel,preseed,False,2,897.604,13.89,0.0,0.0,0.7891,0.0,0.0,0.0,1.0,0.7891,True,708.2607
152611#0,137.57,13.89,fuel,preseed,False,0,782.061,13.89,0.0,0.0,9.9042,0.0,0.0,0.0,1.0,9.9042,False,7745.7244
-152612,21.94,13.89,fuel,preseed,False,0,782.061,13.89,0.0,0.0,1.5796,0.0,0.0,0.0,1.0,1.5796,False,1235.3071
152604,3.24,13.89,fuel,preseed,False,3,782.061,13.89,0.0,0.0,0.2333,0.0,0.0,0.0,1.0,0.2333,True,182.4246
152612,21.94,13.89,fuel,preseed,False,0,782.061,13.89,0.0,0.0,1.5796,0.0,0.0,0.0,1.0,1.5796,False,1235.3071
-152613,30.83,13.89,fuel,preseed,False,0,782.061,13.89,0.0,0.0,2.2196,0.0,0.0,0.0,1.0,2.2196,False,1735.8485
152454#3,14.15,13.89,fuel,ema_unlocked,False,3,961.631,13.784,0.0015,2350.688,1.0266,0.0,0.6906,0.0,6.5247,6.6982,True,987.1954
152615#0,125.27,13.89,fuel,preseed,False,2,844.058,13.89,0.0,0.0,9.0187,0.0,0.0,0.0,1.0,9.0187,True,7612.3218
-152615#1,8.32,13.89,fuel,preseed,False,2,804.257,13.89,0.0,0.0,0.599,0.0,0.0,0.0,1.0,0.599,True,481.7433
152615#2,67.31,13.89,fuel,preseed,False,2,923.007,13.89,0.0,0.0,4.8459,0.0,0.0,0.0,1.0,4.8459,True,4472.8307
-152616,35.99,13.89,fuel,preseed,False,0,782.061,13.89,0.0,0.0,2.5911,0.0,0.0,0.0,1.0,2.5911,False,2026.3765
152534#7,90.47,13.89,fuel,preseed,False,3,810.368,13.89,0.0,0.0,6.5133,0.0,0.0,0.0,1.0,6.5133,True,5278.1855
152616,35.91,13.89,fuel,preseed,False,0,782.061,13.89,0.0,0.0,2.5853,0.0,0.0,0.0,1.0,2.5853,False,2021.8722
-152635,610.78,13.89,fuel,preseed,False,0,782.061,13.89,0.0,0.0,43.9726,0.0,0.0,0.0,1.0,43.9726,False,34389.282
-153490#8,18.68,13.89,fuel,preseed,False,0,782.061,13.89,0.0,0.0,1.3449,0.0,0.0,0.0,1.0,1.3449,False,1051.7564
153490#9,1702.66,13.89,fuel,preseed,False,0,782.061,13.89,0.0,0.0,122.5817,0.0,0.0,0.0,1.0,122.5817,False,95866.3593
-152619,190.11,13.89,fuel,preseed,False,0,782.061,13.89,0.0,0.0,13.6868,0.0,0.0,0.0,1.0,13.6868,False,10703.9301
-153384#1,366.15,13.89,fuel,ema_unlocked,False,3,108.223,13.89,0.0,2891.946,26.3607,0.0,0.0069,0.0,1.0548,27.806,True,2852.8427
152619,197.97,13.89,fuel,preseed,False,0,782.061,13.89,0.0,0.0,14.2527,0.0,0.0,0.0,1.0,14.2527,False,11146.4785
153384#2,467.48,13.89,fuel,preseed,False,5,878.324,13.89,0.0,0.0,33.6559,0.0,0.0,0.0,1.0,33.6559,True,29560.7637
-152620,119.59,13.89,fuel,preseed,False,0,782.061,13.89,0.0,0.0,8.6098,0.0,0.0,0.0,1.0,8.6098,False,6733.3807
-152629,290.33,13.89,fuel,preseed,False,0,782.061,13.89,0.0,0.0,20.9021,0.0,0.0,0.0,1.0,20.9021,False,16346.7046
152620,113.25,13.89,fuel,preseed,False,0,782.061,13.89,0.0,0.0,8.1533,0.0,0.0,0.0,1.0,8.1533,False,6376.4141
153024,121.62,13.89,fuel,preseed,False,0,782.061,13.89,0.0,0.0,8.7559,0.0,0.0,0.0,1.0,8.7559,False,6847.6775
-152621,96.88,13.89,fuel,preseed,False,0,782.061,13.89,0.0,0.0,6.9748,0.0,0.0,0.0,1.0,6.9748,False,5454.7196
-152622,107.94,13.89,fuel,preseed,False,0,782.061,13.89,0.0,0.0,7.7711,0.0,0.0,0.0,1.0,7.7711,False,6077.4405
-153384#0,220.13,13.89,fuel,ema_unlocked,False,3,20.466,13.89,0.0,0.0,15.8481,0.0,0.0,0.0,1.0,15.8481,True,324.3434
152622,124.93,13.89,fuel,preseed,False,0,782.061,13.89,0.0,0.0,8.9942,0.0,0.0,0.0,1.0,8.9942,False,7034.0434
153384#1,359.78,13.89,fuel,preseed,False,5,848.506,13.89,0.0,0.0,25.9021,0.0,0.0,0.0,1.0,25.9021,True,21978.0707
-152623,150.24,13.89,fuel,preseed,False,0,782.061,13.89,0.0,0.0,10.8164,0.0,0.0,0.0,1.0,10.8164,False,8459.0945
-153387#3,423.57,13.89,fuel,preseed,False,0,782.061,13.89,0.0,0.0,30.4946,0.0,0.0,0.0,1.0,30.4946,False,23848.6332
153387#4,131.71,13.89,fuel,preseed,False,0,782.061,13.89,0.0,0.0,9.4824,0.0,0.0,0.0,1.0,9.4824,False,7415.7836
152623,157.78,13.89,fuel,preseed,False,0,782.061,13.89,0.0,0.0,11.3593,0.0,0.0,0.0,1.0,11.3593,False,8883.6257
-152624#0,170.27,13.89,fuel,preseed,False,1,782.061,13.89,0.0,0.0,12.2585,0.0,0.0,0.0,1.0,12.2585,True,9586.8611
-152742,213.63,13.89,fuel,preseed,False,0,782.061,13.89,0.0,0.0,15.3801,0.0,0.0,0.0,1.0,15.3801,False,12028.1973
152624#1,412.92,13.89,fuel,preseed,False,1,782.061,13.89,0.0,43278.126,29.7279,0.0,0.4308,0.0,4.446,132.1707,True,23248.9969
-153424#1,21.61,13.89,fuel,preseed,False,2,782.061,13.89,0.0,0.0,1.5558,0.0,0.0,0.0,1.0,1.5558,True,1216.7268
152624#0,167.63,13.89,fuel,preseed,False,1,782.061,13.89,0.0,19516.826,12.0684,0.0,0.5339,0.0,5.2714,63.6174,True,9438.2189
152732,185.57,13.89,fuel,preseed,False,1,782.061,13.89,0.0,0.0,13.36,0.0,0.0,0.0,1.0,13.36,True,10448.3105
-152624#1,412.74,13.89,fuel,preseed,False,1,782.061,13.89,0.0,0.0,29.7149,0.0,0.0,0.0,1.0,29.7149,True,23238.8622
152624#2,286.88,13.89,fuel,preseed,False,1,782.061,13.89,0.0,0.0,20.6537,0.0,0.0,0.0,1.0,20.6537,True,16152.4562
152977,201.54,13.89,fuel,preseed,False,1,782.061,13.89,0.0,0.0,14.5097,0.0,0.0,0.0,1.0,14.5097,True,11347.4834
-152624#2,293.76,13.89,fuel,preseed,False,0,782.061,13.89,0.0,0.0,21.149,0.0,0.0,0.0,1.0,21.149,False,16539.8269
152624#3,49.96,13.89,fuel,preseed,False,1,782.061,13.89,0.0,0.0,3.5968,0.0,0.0,0.0,1.0,3.5968,True,2812.9417
152641#0,40.23,13.89,fuel,preseed,False,0,782.061,13.89,0.0,0.0,2.8963,0.0,0.0,0.0,1.0,2.8963,False,2265.105
-152625#0,53.31,13.89,fuel,preseed,False,0,782.061,13.89,0.0,0.0,3.838,0.0,0.0,0.0,1.0,3.838,False,3001.5597
152625#1,69.31,13.89,fuel,preseed,False,0,782.061,13.89,0.0,0.0,4.9899,0.0,0.0,0.0,1.0,4.9899,False,3902.4217
153066,181.99,13.89,fuel,preseed,False,0,782.061,13.89,0.0,0.0,13.1022,0.0,0.0,0.0,1.0,13.1022,False,10246.7426
-153389#2,17.03,13.89,fuel,preseed,False,0,782.061,13.89,0.0,0.0,1.2261,0.0,0.0,0.0,1.0,1.2261,False,958.855
152625#0,58.63,13.89,fuel,preseed,False,0,782.061,13.89,0.0,0.0,4.221,0.0,0.0,0.0,1.0,4.221,False,3301.0963
153389#3,223.04,13.89,fuel,preseed,False,0,782.061,13.89,0.0,0.0,16.0576,0.0,0.0,0.0,1.0,16.0576,False,12558.0167
-152625#1,69.93,13.89,fuel,preseed,False,0,782.061,13.89,0.0,0.0,5.0346,0.0,0.0,0.0,1.0,5.0346,False,3937.3301
152626#0,70.36,13.89,fuel,preseed,False,0,782.061,13.89,0.0,0.0,5.0655,0.0,0.0,0.0,1.0,5.0655,False,3961.5408
-152626#1,153.67,13.89,fuel,preseed,False,0,782.061,13.89,0.0,0.0,11.0634,0.0,0.0,0.0,1.0,11.0634,False,8652.2168
152626#2,90.8,13.89,fuel,preseed,False,0,782.061,13.89,0.0,0.0,6.5371,0.0,0.0,0.0,1.0,6.5371,False,5112.392
153025,171.42,13.89,fuel,preseed,False,0,782.061,13.89,0.0,0.0,12.3413,0.0,0.0,0.0,1.0,12.3413,False,9651.6106
-152626#2,88.73,13.89,fuel,preseed,False,0,782.061,13.89,0.0,0.0,6.388,0.0,0.0,0.0,1.0,6.388,False,4995.843
-153490#6,194.8,13.89,fuel,preseed,False,0,782.061,13.89,0.0,0.0,14.0245,0.0,0.0,0.0,1.0,14.0245,False,10967.9952
153490#7,118.81,13.89,fuel,preseed,False,0,782.061,13.89,0.0,0.0,8.5536,0.0,0.0,0.0,1.0,8.5536,False,6689.4636
-152627#0,99.31,13.89,fuel,preseed,False,0,782.061,13.89,0.0,0.0,7.1497,0.0,0.0,0.0,1.0,7.1497,False,5591.538
-153067,91.99,13.89,fuel,preseed,False,0,782.061,13.89,0.0,0.0,6.6228,0.0,0.0,0.0,1.0,6.6228,False,5179.3936
152627#1,197.94,13.89,fuel,preseed,False,0,782.061,13.89,0.0,0.0,14.2505,0.0,0.0,0.0,1.0,14.2505,False,11144.7894
152627#0,92.02,13.89,fuel,preseed,False,0,782.061,13.89,0.0,0.0,6.6249,0.0,0.0,0.0,1.0,6.6249,False,5181.0828
153387#2,9.47,13.89,fuel,ema_unlocked,False,5,196.245,13.89,0.0,1196.01,0.6818,0.0,1.0,0.0,9.0,6.1361,True,133.7971
153486,489.81,13.89,fuel,preseed,False,0,782.061,13.89,0.0,0.0,35.2635,0.0,0.0,0.0,1.0,35.2635,False,27578.202
-152627#1,198.42,13.89,fuel,preseed,False,0,782.061,13.89,0.0,0.0,14.2851,0.0,0.0,0.0,1.0,14.2851,False,11171.8153
-152628#0,463.56,13.89,fuel,ema_unlocked,False,3,146.433,13.89,0.0,0.0,33.3737,0.0,0.0,0.0,1.0,33.3737,True,4887.0056
-153387#4,136.13,13.89,fuel,preseed,False,0,782.061,13.89,0.0,0.0,9.8006,0.0,0.0,0.0,1.0,9.8006,False,7664.6468
152628#1,280.71,13.89,fuel,preseed,False,5,952.695,13.89,0.0,0.0,20.2095,0.0,0.0,0.0,1.0,20.2095,True,19253.4909
153387#5,172.35,13.89,fuel,preseed,False,0,782.061,13.89,0.0,0.0,12.4082,0.0,0.0,0.0,1.0,12.4082,False,9703.9732
-152628#1,285.41,13.89,fuel,ema_unlocked,False,3,248.33,13.89,0.0,0.0,20.5479,0.0,0.0,0.0,1.0,20.5479,True,5102.6619
-153387#2,6.89,13.89,fuel,preseed,False,5,915.51,13.89,0.0,0.0,0.496,0.0,0.0,0.0,1.0,0.496,True,454.1298
153387#3,416.39,13.89,fuel,preseed,False,0,782.061,13.89,0.0,0.0,29.9777,0.0,0.0,0.0,1.0,29.9777,False,23444.3714
152629,290.2,13.89,fuel,preseed,False,0,782.061,13.89,0.0,0.0,20.8927,0.0,0.0,0.0,1.0,20.8927,False,16339.3851
152636,48.06,13.89,fuel,preseed,False,0,782.061,13.89,0.0,0.0,3.46,0.0,0.0,0.0,1.0,3.46,False,2705.9643
152728,130.21,13.89,fuel,preseed,False,0,782.061,13.89,0.0,0.0,9.3744,0.0,0.0,0.0,1.0,9.3744,False,7331.3278
152976,32.32,13.89,fuel,preseed,False,0,782.061,13.89,0.0,0.0,2.3269,0.0,0.0,0.0,1.0,2.3269,False,1819.7413
-152630,372.47,13.89,fuel,preseed,False,0,782.061,13.89,0.0,0.0,26.8157,0.0,0.0,0.0,1.0,26.8157,False,20971.5051
-153490#7,121.19,13.89,fuel,preseed,False,0,782.061,13.89,0.0,0.0,8.725,0.0,0.0,0.0,1.0,8.725,False,6823.4669
153490#8,18.68,13.89,fuel,preseed,False,0,782.061,13.89,0.0,0.0,1.3449,0.0,0.0,0.0,1.0,1.3449,False,1051.7564
152630,361.18,13.89,fuel,preseed,False,0,782.061,13.89,0.0,0.0,26.0029,0.0,0.0,0.0,1.0,26.0029,False,20335.8343
-152631,149.04,13.89,fuel,preseed,False,0,782.061,13.89,0.0,0.0,10.73,0.0,0.0,0.0,1.0,10.73,False,8391.5298
-152634,279.96,13.89,fuel,preseed,False,0,782.061,13.89,0.0,0.0,20.1555,0.0,0.0,0.0,1.0,20.1555,False,15762.8334
-153389#0,191.25,13.89,fuel,preseed,False,0,782.061,13.89,0.0,0.0,13.7689,0.0,0.0,0.0,1.0,13.7689,False,10768.1165
152631,156.96,13.89,fuel,preseed,False,0,782.061,13.89,0.0,0.0,11.3002,0.0,0.0,0.0,1.0,11.3002,False,8837.4565
153389#2,11.58,13.89,fuel,preseed,False,0,782.061,13.89,0.0,0.0,0.8337,0.0,0.0,0.0,1.0,0.8337,False,651.9989
-152632,85.09,13.89,fuel,preseed,False,0,782.061,13.89,0.0,0.0,6.126,0.0,0.0,0.0,1.0,6.126,False,4790.8969
-152976,31.49,13.89,fuel,preseed,False,0,782.061,13.89,0.0,0.0,2.2671,0.0,0.0,0.0,1.0,2.2671,False,1773.0091
152632,74.22,13.89,fuel,preseed,False,0,782.061,13.89,0.0,0.0,5.3434,0.0,0.0,0.0,1.0,5.3434,False,4178.8738
153561,69.67,13.89,fuel,preseed,False,0,782.061,13.89,0.0,0.0,5.0158,0.0,0.0,0.0,1.0,5.0158,False,3922.6911
-152633,244.64,13.89,fuel,preseed,False,0,782.061,13.89,0.0,0.0,17.6127,0.0,0.0,0.0,1.0,17.6127,False,13774.1805
-153387#5,166.09,13.89,fuel,preseed,False,0,782.061,13.89,0.0,0.0,11.9575,0.0,0.0,0.0,1.0,11.9575,False,9351.5109
152633,246.44,13.89,fuel,preseed,False,0,782.061,13.89,0.0,0.0,17.7423,0.0,0.0,0.0,1.0,17.7423,False,13875.5275
153387#6,806.52,13.89,fuel,preseed,False,1,687.89,13.89,0.0,0.0,58.0648,0.0,0.0,0.0,1.0,58.0648,True,39942.1943
152634,266.65,13.89,fuel,preseed,False,0,782.061,13.89,0.0,0.0,19.1973,0.0,0.0,0.0,1.0,19.1973,False,15013.4288
152635,627.75,13.89,fuel,preseed,False,0,782.061,13.89,0.0,0.0,45.1944,0.0,0.0,0.0,1.0,45.1944,False,35344.7588
-152636,50.87,13.89,fuel,preseed,False,0,782.061,13.89,0.0,0.0,3.6623,0.0,0.0,0.0,1.0,3.6623,False,2864.1782
-152637,32.59,13.89,fuel,preseed,False,0,782.061,13.89,0.0,0.0,2.3463,0.0,0.0,0.0,1.0,2.3463,False,1834.9434
-152732,185.14,13.89,fuel,preseed,False,0,782.061,13.89,0.0,0.0,13.329,0.0,0.0,0.0,1.0,13.329,False,10424.0998
153490#0,82.03,13.89,fuel,preseed,False,1,782.061,13.89,0.0,0.0,5.9057,0.0,0.0,0.0,1.0,5.9057,True,4618.607
-153328,32.82,13.89,fuel,preseed,False,0,782.061,13.89,0.0,0.0,2.3629,0.0,0.0,0.0,1.0,2.3629,False,1847.8932
152639,184.91,13.89,fuel,preseed,False,0,782.061,13.89,0.0,0.0,13.3125,0.0,0.0,0.0,1.0,13.3125,False,10411.1499
-152640,172.84,13.89,fuel,preseed,False,0,782.061,13.89,0.0,0.0,12.4435,0.0,0.0,0.0,1.0,12.4435,False,9731.5621
-153490#3,21.66,13.89,fuel,preseed,False,1,793.864,13.89,0.0,0.0,1.5594,0.0,0.0,0.0,1.0,1.5594,True,1237.9477
152640,180.65,13.89,fuel,preseed,False,0,782.061,13.89,0.0,0.0,13.0058,0.0,0.0,0.0,1.0,13.0058,False,10171.2954
153490#4,134.18,13.89,fuel,preseed,False,1,782.061,13.89,0.0,0.0,9.6602,0.0,0.0,0.0,1.0,9.6602,True,7554.8542
-152641#0,49.66,13.89,fuel,preseed,False,0,782.061,13.89,0.0,0.0,3.5752,0.0,0.0,0.0,1.0,3.5752,False,2796.0505
152641#1,60.86,13.89,fuel,preseed,False,0,782.061,13.89,0.0,0.0,4.3816,0.0,0.0,0.0,1.0,4.3816,False,3426.654
152643,49.03,13.89,fuel,preseed,False,0,782.061,13.89,0.0,0.0,3.5299,0.0,0.0,0.0,1.0,3.5299,False,2760.5791
-152641#1,64.81,13.89,fuel,preseed,False,0,782.061,13.89,0.0,0.0,4.6659,0.0,0.0,0.0,1.0,4.6659,False,3649.0543
-152642#0,125.49,13.89,fuel,preseed,False,2,782.061,13.89,0.0,0.0,9.0346,0.0,0.0,0.0,1.0,9.0346,True,7065.5735
152642#1,109.13,13.89,fuel,preseed,False,0,782.061,13.89,0.0,0.0,7.8567,0.0,0.0,0.0,1.0,7.8567,False,6144.4421
-152642#1,120.73,13.89,fuel,preseed,False,0,782.061,13.89,0.0,0.0,8.6919,0.0,0.0,0.0,1.0,8.6919,False,6797.5671
152642#0,110.12,13.89,fuel,preseed,False,0,782.061,13.89,0.0,0.0,7.928,0.0,0.0,0.0,1.0,7.928,False,6200.1829
152642#2,54.35,13.89,fuel,preseed,False,2,782.061,13.89,0.0,0.0,3.9129,0.0,0.0,0.0,1.0,3.9129,True,3060.1157
-152642#2,61.58,13.89,fuel,preseed,False,0,782.061,13.89,0.0,0.0,4.4334,0.0,0.0,0.0,1.0,4.4334,False,3467.1927
152642#3,12.32,13.89,fuel,preseed,False,2,782.061,13.89,0.0,0.0,0.887,0.0,0.0,0.0,1.0,0.887,True,693.6638
153557,54.41,13.89,fuel,preseed,False,0,782.061,13.89,0.0,0.0,3.9172,0.0,0.0,0.0,1.0,3.9172,False,3063.4939
-152643,47.6,13.89,fuel,preseed,False,0,782.061,13.89,0.0,0.0,3.4269,0.0,0.0,0.0,1.0,3.4269,False,2680.0645
-152644,92.62,13.89,fuel,preseed,False,0,782.061,13.89,0.0,0.0,6.6681,0.0,0.0,0.0,1.0,6.6681,False,5214.8651
-153394#0,78.78,13.89,fuel,preseed,False,1,659.467,13.89,0.0,0.0,5.6717,0.0,0.0,0.0,1.0,5.6717,True,3740.3018
153394#1,63.4,13.89,fuel,preseed,False,0,782.061,13.89,0.0,0.0,4.5644,0.0,0.0,0.0,1.0,4.5644,False,3569.6658
152644,73.35,13.89,fuel,preseed,False,0,782.061,13.89,0.0,0.0,5.2808,0.0,0.0,0.0,1.0,5.2808,False,4129.8894
-152645,420.3,13.89,fuel,preseed,False,0,782.061,13.89,0.0,0.0,30.2592,0.0,0.0,0.0,1.0,30.2592,False,23664.5195
152756#1,37.66,13.89,fuel,preseed,False,1,868.534,13.832,0.0006,8790.315,2.7227,0.0,1.0,0.0,9.0,24.5041,True,2364.7356
-152756#0,180.74,13.89,fuel,preseed,False,0,782.061,13.89,0.0,0.0,13.0122,0.0,0.0,0.0,1.0,13.0122,False,10176.3627
-152756#1,40.81,13.89,fuel,preseed,False,0,782.061,13.89,0.0,0.0,2.9381,0.0,0.0,0.0,1.0,2.9381,False,2297.7612
152645,446.22,13.89,fuel,preseed,False,1,794.799,13.89,0.0,0.0,32.1253,0.0,0.0,0.0,1.0,32.1253,True,25533.1298
152756#2,85.1,13.89,fuel,preseed,False,1,778.959,13.89,0.0,0.0,6.1267,0.0,0.0,0.0,1.0,6.1267,True,4772.4545
-152648#0,97.58,13.89,fuel,preseed,False,1,741.677,13.885,0.0004,4206.029,7.0277,0.0,0.0,0.0,1.0,7.0277,True,5212.2519
152648#1,20.38,13.89,fuel,preseed,False,2,774.999,13.89,0.0,0.0,1.4672,0.0,0.0,0.0,1.0,1.4672,True,1137.112
153400,18.41,13.89,fuel,preseed,False,1,839.887,13.89,0.0,0.0,1.3254,0.0,0.0,0.0,1.0,1.3254,True,1113.1978
152647#1,25.55,13.89,fuel,ema_unlocked,False,2,1782.731,13.89,0.0,0.0,1.8395,0.0,0.0,0.0,1.0,1.8395,True,3279.2493
152648#0,99.55,13.89,fuel,preseed,False,3,866.507,13.89,0.0,0.0,7.167,0.0,0.0,0.0,1.0,7.167,True,6210.2777
-152648#1,23.38,13.89,fuel,preseed,False,1,822.794,13.89,0.0,0.0,1.6832,0.0,0.0,0.0,1.0,1.6832,True,1384.9474
152648#2,38.77,13.89,fuel,preseed,False,2,878.889,13.871,0.0005,5428.102,2.795,0.0,0.6048,0.0,5.8387,16.3193,True,2456.5271
-152648#2,38.21,13.89,fuel,preseed,False,2,782.061,13.931,0.001,0.0,2.7428,0.0,0.0,0.0,1.0,2.7428,True,2145.02
152648#3,63.03,13.89,fuel,preseed,False,2,771.869,13.89,0.0,0.0,4.5378,0.0,0.0,0.0,1.0,4.5378,True,3502.5834
-152648#3,60.67,13.89,fuel,preseed,False,1,782.881,13.89,0.0,0.0,4.3679,0.0,0.0,0.0,1.0,4.3679,True,3419.5392
152648#4,8.12,13.89,fuel,preseed,False,2,843.623,13.89,0.0,0.0,0.5846,0.0,0.0,0.0,1.0,0.5846,True,493.1763
-152648#4,8.13,13.89,fuel,preseed,False,1,744.495,13.89,0.0,0.0,0.5853,0.0,0.0,0.0,1.0,0.5853,True,435.7629
152648#5,58.23,13.89,fuel,preseed,False,2,782.834,13.889,0.0006,3986.544,4.1924,0.0,0.1073,0.0,1.8587,7.7925,True,3281.9891
-152648#5,57.43,13.89,fuel,preseed,False,1,768.363,13.89,0.0,0.0,4.1346,0.0,0.0,0.0,1.0,4.1346,True,3176.897
152648#6,135.87,13.89,fuel,preseed,False,2,671.856,13.89,0.0,0.0,9.7819,0.0,0.0,0.0,1.0,9.7819,True,6571.9983
153398#0,6.65,13.89,fuel,preseed,False,3,782.061,13.89,0.0,0.0,0.4788,0.0,0.0,0.0,1.0,0.4788,True,374.4208
-152648#6,137.28,13.89,fuel,preseed,False,1,848.399,13.89,0.0,0.0,9.8834,0.0,0.0,0.0,1.0,9.8834,True,8385.0372
152353#2,2.11,13.89,fuel,preseed,False,0,782.061,13.89,0.0,0.0,0.1519,0.0,0.0,0.0,1.0,0.1519,False,118.8012
-152650#0,11.92,13.89,fuel,preseed,False,5,764.734,13.659,0.0025,0.0,0.8727,0.0,0.0,0.0,1.0,0.8727,True,667.3959
152650#1,57.48,13.89,fuel,preseed,False,2,782.061,13.89,0.0,0.0,4.1382,0.0,0.0,0.0,1.0,4.1382,True,3236.3469
152672#1,4.49,13.89,fuel,ema_unlocked,False,2,1901.47,13.89,0.0,0.0,0.3233,0.0,0.0,0.0,1.0,0.3233,True,614.6579
152688#0,66.54,13.89,fuel,preseed,False,0,782.061,13.89,0.0,0.0,4.7905,0.0,0.0,0.0,1.0,4.7905,False,3746.46
-152650#2,71.21,13.89,fuel,preseed,False,0,782.061,13.89,0.0,0.0,5.1267,0.0,0.0,0.0,1.0,5.1267,False,4009.3991
-152657#2,100.17,13.89,fuel,preseed,False,0,782.061,13.89,0.0,0.0,7.2117,0.0,0.0,0.0,1.0,7.2117,False,5639.9594
-152677#5,42.34,13.89,fuel,preseed,False,5,743.588,13.89,0.0,0.0,3.0482,0.0,0.0,0.0,1.0,3.0482,True,2266.6326
152650#0,11.9,13.89,fuel,ema_unlocked,False,2,1176.724,13.659,0.0016,0.0,0.8713,0.0,0.0,0.0,1.0,0.8713,True,1025.2235
-152650#1,51.55,13.89,fuel,preseed,False,0,782.061,13.89,0.0,0.0,3.7113,0.0,0.0,0.0,1.0,3.7113,False,2902.4649
152650#2,82.21,13.89,fuel,preseed,False,2,782.061,13.89,0.0,0.0,5.9186,0.0,0.0,0.0,1.0,5.9186,True,4628.7417
-152651,40.36,13.89,fuel,preseed,False,1,782.061,13.89,0.0,0.0,2.9057,0.0,0.0,0.0,1.0,2.9057,True,2272.4245
152659,24.86,13.89,fuel,preseed,False,1,733.569,13.89,0.0,0.0,1.7898,0.0,0.0,0.0,1.0,1.7898,True,1312.9248
-152949,20.7,13.89,fuel,preseed,False,1,782.061,13.89,0.0,0.0,1.4903,0.0,0.0,0.0,1.0,1.4903,True,1165.4903
152651,40.36,13.89,fuel,preseed,False,1,814.292,13.89,0.0,0.0,2.9057,0.0,0.0,0.0,1.0,2.9057,True,2366.0771
-152653,83.98,13.89,fuel,preseed,False,1,782.061,13.89,0.0,0.0,6.0461,0.0,0.0,0.0,1.0,6.0461,True,4728.3996
-152667#8,6.69,13.89,fuel,ema_unlocked,False,2,870.389,13.89,0.0,0.0,0.4816,0.0,0.0,0.0,1.0,0.4816,True,419.2152
152667#9,32.04,13.89,fuel,ema_unlocked,False,10,4320.016,13.89,0.0,11092.85,2.3067,0.0,0.0566,0.0,1.4527,3.351,True,9964.9623
-152673,50.83,13.89,fuel,preseed,False,1,782.061,13.89,0.0,0.0,3.6595,0.0,0.0,0.0,1.0,3.6595,True,2861.9261
152653,76.87,13.89,fuel,preseed,False,1,676.315,13.89,0.0,0.0,5.5342,0.0,0.0,0.0,1.0,5.5342,True,3742.8618
-152657#0,5.31,13.89,fuel,preseed,False,0,782.061,13.89,0.0,0.0,0.3823,0.0,0.0,0.0,1.0,0.3823,False,298.9736
152657#1,29.09,13.89,fuel,preseed,False,0,782.061,13.89,0.0,0.0,2.0943,0.0,0.0,0.0,1.0,2.0943,False,1637.8798
152657#0,5.33,13.89,fuel,preseed,False,0,782.061,13.89,0.0,0.0,0.3837,0.0,0.0,0.0,1.0,0.3837,False,300.0997
152667#1,18.97,13.89,fuel,ema_unlocked,False,10,1166.908,13.89,0.0,0.0,1.3657,0.0,0.0,0.0,1.0,1.3657,True,1593.6824
152702#0,6.47,13.89,fuel,ema_unlocked,False,3,314.859,13.89,0.0,0.0,0.4658,0.0,0.0,0.0,1.0,0.4658,True,146.6624
-152657#1,29.09,13.89,fuel,preseed,False,0,782.061,13.89,0.0,0.0,2.0943,0.0,0.0,0.0,1.0,2.0943,False,1637.8798
152657#2,100.04,13.89,fuel,preseed,False,0,782.061,13.89,0.0,0.0,7.2023,0.0,0.0,0.0,1.0,7.2023,False,5632.6399
-152658#0,77.67,13.89,fuel,preseed,False,0,782.061,13.89,0.0,0.0,5.5918,0.0,0.0,0.0,1.0,5.5918,False,4373.1221
152658#1,67.25,13.89,fuel,preseed,False,1,782.061,13.89,0.0,3096.051,4.8416,0.0,0.0,0.0,1.0,4.8416,True,3786.4357
152671,44.63,13.89,fuel,preseed,False,1,782.061,13.89,0.0,0.0,3.2131,0.0,0.0,0.0,1.0,3.2131,True,2512.842
152658#0,80.06,13.89,fuel,preseed,False,0,782.061,13.89,0.0,0.0,5.7639,0.0,0.0,0.0,1.0,5.7639,False,4507.6884
-152658#1,60.65,13.89,fuel,preseed,False,1,782.061,13.89,0.0,0.0,4.3665,0.0,0.0,0.0,1.0,4.3665,True,3414.8301
152534#2,253.91,13.89,fuel,preseed,False,3,742.006,13.89,0.0,0.0,18.2801,0.0,0.0,0.0,1.0,18.2801,True,13563.9113
152535#6,99.64,13.89,fuel,ema_unlocked,False,6,749.413,13.89,0.0,0.0,7.1735,0.0,0.0,0.0,1.0,7.1735,True,5375.9211
-152659,24.05,13.89,fuel,preseed,False,1,782.061,13.89,0.0,0.0,1.7315,0.0,0.0,0.0,1.0,1.7315,True,1354.1082
152673,51.88,13.89,fuel,preseed,False,1,771.273,13.89,0.0,0.0,3.7351,0.0,0.0,0.0,1.0,3.7351,True,2880.7508
-152660#0,121.77,13.89,fuel,preseed,False,3,782.061,13.89,0.0,0.0,8.7667,0.0,0.0,0.0,1.0,8.7667,True,6856.1231
152660#1,10.18,13.89,fuel,preseed,False,2,782.061,13.89,0.0,0.0,0.7329,0.0,0.0,0.0,1.0,0.7329,True,573.1735
-152677#2,29.9,13.89,fuel,preseed,False,4,908.153,13.89,0.0,0.0,2.1526,0.0,0.0,0.0,1.0,2.1526,True,1954.9163
152660#0,121.76,13.89,fuel,preseed,False,2,782.061,13.89,0.0,0.0,8.766,0.0,0.0,0.0,1.0,8.766,True,6855.5601
152677#3,86.66,13.89,fuel,preseed,False,1,891.964,13.89,0.0,0.0,6.239,0.0,0.0,0.0,1.0,6.239,True,5564.9842
-152660#1,11.42,13.89,fuel,preseed,False,3,782.061,13.89,0.0,0.0,0.8222,0.0,0.0,0.0,1.0,0.8222,True,642.9903
-152663,90.8,13.89,fuel,preseed,False,2,782.061,13.89,0.0,0.0,6.5371,0.0,0.0,0.0,1.0,6.5371,True,5112.392
-152661,15.1,13.89,fuel,preseed,False,1,782.061,13.89,0.0,0.0,1.0871,0.0,0.0,0.0,1.0,1.0871,True,850.1885
152949,18.13,13.89,fuel,preseed,False,1,828.214,13.89,0.0,0.0,1.3053,0.0,0.0,0.0,1.0,1.3053,True,1081.0314
-152667#3,80.08,13.89,fuel,ema_unlocked,False,1,646.337,13.89,0.0,0.0,5.7653,0.0,0.0,0.0,1.0,5.7653,True,3726.3266
-152668#2,110.97,13.89,fuel,preseed,False,0,782.061,13.89,0.0,0.0,7.9892,0.0,0.0,0.0,1.0,7.9892,False,6248.0412
152661,11.51,13.89,fuel,preseed,False,0,782.061,13.89,0.0,0.0,0.8287,0.0,0.0,0.0,1.0,0.8287,False,648.0576
152667#4,55.51,13.89,fuel,ema_unlocked,False,10,696.508,13.89,0.0,0.0,3.9964,0.0,0.0,0.0,1.0,3.9964,True,2783.5255
152714,133.94,13.89,fuel,preseed,False,2,817.185,13.89,0.0,0.0,9.6429,0.0,0.0,0.0,1.0,9.6429,True,7880.036
-152662,70.14,13.89,fuel,preseed,False,0,782.061,13.89,0.0,0.0,5.0497,0.0,0.0,0.0,1.0,5.0497,False,3949.1539
152654#2,45.76,13.89,fuel,preseed,False,5,937.818,13.89,0.0,5157.006,3.2945,0.0,0.3346,0.0,3.6766,12.1124,True,3089.6004
152663,90.23,13.89,fuel,preseed,False,3,782.061,13.89,0.0,0.0,6.496,0.0,0.0,0.0,1.0,6.496,True,5080.2988
-152664#0,55.25,13.89,fuel,preseed,False,0,782.061,13.89,0.0,0.0,3.9777,0.0,0.0,0.0,1.0,3.9777,False,3110.7892
152664#1,169.05,13.89,fuel,preseed,False,1,782.061,13.89,0.0,0.0,12.1706,0.0,0.0,0.0,1.0,12.1706,True,9518.1704
152664#0,54.59,13.89,fuel,preseed,False,1,782.061,13.89,0.0,0.0,3.9302,0.0,0.0,0.0,1.0,3.9302,True,3073.6286
-152664#1,166.8,13.89,fuel,preseed,False,0,782.061,13.89,0.0,0.0,12.0086,0.0,0.0,0.0,1.0,12.0086,False,9391.4867
152664#2,48.95,13.89,fuel,preseed,False,1,782.061,13.89,0.0,0.0,3.5241,0.0,0.0,0.0,1.0,3.5241,True,2756.0748
-152664#2,48.92,13.89,fuel,preseed,False,0,782.061,13.89,0.0,0.0,3.522,0.0,0.0,0.0,1.0,3.522,False,2754.3857
152664#3,92.97,13.89,fuel,preseed,False,1,782.061,13.89,0.0,0.0,6.6933,0.0,0.0,0.0,1.0,6.6933,True,5234.5714
-152664#3,92.34,13.89,fuel,preseed,False,0,782.061,13.89,0.0,0.0,6.6479,0.0,0.0,0.0,1.0,6.6479,False,5199.1
152664#4,15.7,13.89,fuel,preseed,False,1,782.061,13.89,0.0,0.0,1.1303,0.0,0.0,0.0,1.0,1.1303,True,883.9709
-152664#4,15.58,13.89,fuel,preseed,False,0,782.061,13.89,0.0,0.0,1.1217,0.0,0.0,0.0,1.0,1.1217,False,877.2144
-152674#1,30.84,13.89,fuel,preseed,False,1,782.061,13.89,0.0,0.0,2.2203,0.0,0.0,0.0,1.0,2.2203,True,1736.4116
152664#5,55.49,13.89,fuel,preseed,False,2,782.061,13.89,0.0,0.0,3.995,0.0,0.0,0.0,1.0,3.995,True,3124.3021
-152664#5,57.65,13.89,fuel,preseed,False,1,782.061,13.89,0.0,0.0,4.1505,0.0,0.0,0.0,1.0,4.1505,True,3245.9185
152664#6,126.35,13.89,fuel,preseed,False,1,758.43,13.89,0.0,0.0,9.0965,0.0,0.0,0.0,1.0,9.0965,True,6899.0376
-152664#6,126.56,13.89,fuel,preseed,False,1,782.061,13.89,0.0,0.0,9.1116,0.0,0.0,0.0,1.0,9.1116,True,7125.8187
-152668#1,22.3,13.89,fuel,preseed,False,1,793.387,13.89,0.0,0.0,1.6055,0.0,0.0,0.0,1.0,1.6055,True,1273.7603
152668#2,112.14,13.89,fuel,preseed,False,1,807.923,13.89,0.0,0.0,8.0734,0.0,0.0,0.0,1.0,8.0734,True,6522.7113
-152665,18.42,13.89,fuel,preseed,False,2,823.545,13.89,0.0,4835.227,1.3261,0.0,1.0,0.0,9.0,11.9352,True,1092.1308
-152775#2,18.94,13.89,fuel,ema_unlocked,False,4,210.786,13.89,0.0,0.0,1.3636,0.0,0.0,0.0,1.0,1.3636,True,287.4218
152775#3,12.25,13.89,fuel,preseed,False,2,594.572,13.89,0.0,0.0,0.8819,0.0,0.0,0.0,1.0,0.8819,True,524.3705
-152666,56.04,13.89,fuel,preseed,False,0,782.061,13.89,0.0,0.0,4.0346,0.0,0.0,0.0,1.0,4.0346,False,3155.2693
-152668#0,17.66,13.89,fuel,preseed,False,1,761.135,13.89,0.0,0.0,1.2714,0.0,0.0,0.0,1.0,1.2714,True,967.7213
152666,56.04,13.89,fuel,preseed,False,0,782.061,13.89,0.0,0.0,4.0346,0.0,0.0,0.0,1.0,4.0346,False,3155.2693
152668#1,22.62,13.89,fuel,preseed,False,1,845.892,13.89,0.0,0.0,1.6285,0.0,0.0,0.0,1.0,1.6285,True,1377.5434
-152667#1,18.97,13.89,fuel,ema_unlocked,False,3,503.71,13.89,0.0,0.0,1.3657,0.0,0.0,0.0,1.0,1.3657,True,687.9328
152667#2,21.2,13.89,fuel,ema_unlocked,False,10,1212.276,13.89,0.0,0.0,1.5263,0.0,0.0,0.0,1.0,1.5263,True,1850.2703
-152667#9,32.04,13.89,fuel,preseed,False,1,782.061,13.89,0.0,0.0,2.3067,0.0,0.0,0.0,1.0,2.3067,True,1803.9762
152667#10,124.36,13.89,fuel,ema_unlocked,False,10,421.582,13.873,0.0002,4238.053,8.964,0.0,0.0607,0.0,1.4858,13.319,True,3779.0523
-152667#2,21.84,13.89,fuel,ema_unlocked,False,3,348.905,13.89,0.0,936.037,1.5724,0.0,0.3531,0.0,3.8249,6.0141,True,548.6022
152667#3,78.92,13.89,fuel,ema_unlocked,False,10,730.676,13.89,0.0,0.0,5.6818,0.0,0.0,0.0,1.0,5.6818,True,4151.5415
-152667#4,55.09,13.89,fuel,ema_unlocked,False,2,393.88,13.89,0.0,0.0,3.9662,0.0,0.0,0.0,1.0,3.9662,True,1562.1936
152667#5,47.05,13.89,fuel,ema_unlocked,False,10,560.276,13.674,0.0013,1956.143,3.4407,0.0,0.0074,0.0,1.0589,3.6434,True,1927.7582
-152667#5,45.19,13.89,fuel,ema_unlocked,False,2,745.154,13.89,0.0,0.0,3.2534,0.0,0.0,0.0,1.0,3.2534,True,2424.2973
152667#6,18.13,13.89,fuel,ema_unlocked,False,10,575.376,13.84,0.001,1009.774,1.31,0.0,0.1698,0.0,2.3587,3.0899,True,753.7442
-152667#6,18.26,13.89,fuel,ema_unlocked,False,2,615.119,13.427,0.0019,0.0,1.3599,0.0,0.0,0.0,1.0,1.36,True,836.5292
152667#7,85.62,13.89,fuel,ema_unlocked,False,10,531.167,13.89,0.0,3188.047,6.1641,0.0,0.0,0.0,1.0,6.1641,True,3274.1898
-152667#7,86.02,13.89,fuel,ema_unlocked,False,2,812.686,13.89,0.0,0.0,6.1929,0.0,0.0,0.0,1.0,6.1929,True,5032.9183
152667#8,6.7,13.89,fuel,ema_unlocked,False,8,140.897,13.89,0.0,0.0,0.4824,0.0,0.0,0.0,1.0,0.4824,True,67.9632
-152677#4,26.89,13.89,fuel,preseed,False,4,556.071,13.89,0.0,0.0,1.9359,0.0,0.0,0.0,1.0,1.9359,True,1076.5109
152668#0,21.87,13.89,fuel,preseed,False,1,860.357,13.89,0.0,0.0,1.5745,0.0,0.0,0.0,1.0,1.5745,True,1354.6444
152677#5,44.55,13.89,fuel,ema_unlocked,False,2,1151.59,13.659,0.0009,0.0,3.2617,0.0,0.0,0.0,1.0,3.2617,True,3756.1462
-152669#0,11.26,13.89,fuel,preseed,False,5,434.305,13.89,0.0,65.487,0.8107,0.0,0.0,0.0,1.0,0.8107,True,352.0719
152669#1,116.28,13.89,fuel,preseed,False,1,782.061,13.89,0.0,0.0,8.3715,0.0,0.0,0.0,1.0,8.3715,True,6547.0148
152670#0,39.88,13.89,fuel,preseed,False,1,782.061,13.89,0.0,0.0,2.8711,0.0,0.0,0.0,1.0,2.8711,True,2245.3986
-152669#1,115.54,13.89,fuel,preseed,False,7,890.813,13.89,0.0,14711.47,8.3182,0.0,0.4927,0.0,4.9414,41.104,True,7409.9702
152363#2,28.69,13.89,fuel,preseed,False,1,782.061,13.89,0.0,0.0,2.0655,0.0,0.0,0.0,1.0,2.0655,True,1615.3582
-152671,44.63,13.89,fuel,preseed,False,1,782.061,13.89,0.0,0.0,3.2131,0.0,0.0,0.0,1.0,3.2131,True,2512.842
-152672#1,4.49,13.89,fuel,preseed,False,2,685.109,13.89,0.0,0.0,0.3233,0.0,0.0,0.0,1.0,0.3233,True,221.4643
152672#2,63.51,13.89,fuel,ema_unlocked,False,2,744.215,13.89,0.0,0.0,4.5724,0.0,0.0,0.0,1.0,4.5724,True,3402.8155
152948#0,43.23,13.89,fuel,preseed,False,0,782.061,13.89,0.0,0.0,3.1123,0.0,0.0,0.0,1.0,3.1123,False,2434.0166
-152674#0,83.36,13.89,fuel,preseed,False,1,782.061,13.89,0.0,0.0,6.0014,0.0,0.0,0.0,1.0,6.0014,True,4693.4912
152674#1,38.52,13.89,fuel,preseed,False,1,782.061,13.89,0.0,0.0,2.7732,0.0,0.0,0.0,1.0,2.7732,True,2168.8253
152674#0,83.36,13.89,fuel,preseed,False,1,782.061,13.89,0.0,0.0,6.0014,0.0,0.0,0.0,1.0,6.0014,True,4693.4912
-152676#0,10.33,13.89,fuel,preseed,False,2,782.061,13.89,0.0,0.0,0.7437,0.0,0.0,0.0,1.0,0.7437,True,581.619
152676#1,103.78,13.89,fuel,preseed,False,1,782.061,13.89,0.0,0.0,7.4716,0.0,0.0,0.0,1.0,7.4716,True,5843.2164
-152677#3,84.16,13.89,fuel,preseed,False,4,384.103,13.836,0.0004,1253.568,6.0826,0.0,0.0,0.0,1.0,6.0826,True,2336.3385
152676#0,13.12,13.89,fuel,preseed,False,1,782.061,13.89,0.0,0.0,0.9446,0.0,0.0,0.0,1.0,0.9446,True,738.7069
152677#4,26.52,13.89,fuel,ema_unlocked,False,1,1413.92,13.89,0.0,0.0,1.9093,0.0,0.0,0.0,1.0,1.9093,True,2699.579
-152676#1,111.49,13.89,fuel,preseed,False,2,782.061,13.89,0.0,0.0,8.0266,0.0,0.0,0.0,1.0,8.0266,True,6277.3193
152676#2,32.65,13.89,fuel,preseed,False,0,782.061,13.89,0.0,0.0,2.3506,0.0,0.0,0.0,1.0,2.3506,False,1838.3216
-152676#3,49.23,13.89,fuel,preseed,False,0,782.061,13.89,0.0,0.0,3.5443,0.0,0.0,0.0,1.0,3.5443,False,2771.8399
152676#4,146.75,13.89,fuel,preseed,False,0,782.061,13.89,0.0,0.0,10.5652,0.0,0.0,0.0,1.0,10.5652,False,8262.594
-152676#4,148.92,13.89,fuel,preseed,False,0,782.061,13.89,0.0,0.0,10.7214,0.0,0.0,0.0,1.0,10.7214,False,8384.7734
-152677#0,146.58,13.89,fuel,preseed,False,4,681.074,13.89,0.0,9409.659,10.5529,0.0,0.1546,0.0,2.2368,23.6049,True,7187.3202
152677#1,73.47,13.89,fuel,preseed,False,1,908.362,13.89,0.0,0.0,5.2894,0.0,0.0,0.0,1.0,5.2894,True,4804.705
152654#0,19.15,13.89,fuel,preseed,False,3,830.278,13.89,0.0,0.0,1.3787,0.0,0.0,0.0,1.0,1.3787,True,1144.6955
152670#4,67.45,13.89,fuel,ema_unlocked,False,1,699.683,13.89,0.0,4931.902,4.856,0.0,0.2258,0.0,2.8062,13.627,True,3397.6697
152677#0,143.91,13.89,fuel,preseed,False,1,852.865,13.89,0.0,0.0,10.3607,0.0,0.0,0.0,1.0,10.3607,True,8836.2719
-152677#1,79.94,13.89,fuel,preseed,False,4,497.473,13.89,0.0,3043.67,5.7552,0.0,0.0315,0.0,1.2523,7.2074,True,2863.0661
152677#2,35.45,13.89,fuel,preseed,False,1,690.797,13.89,0.0,0.0,2.5522,0.0,0.0,0.0,1.0,2.5522,True,1763.0487
-152681,19.86,13.89,fuel,preseed,False,1,827.948,13.89,0.0,0.0,1.4298,0.0,0.0,0.0,1.0,1.4298,True,1183.8045
152649#3,36.29,13.89,fuel,ema_unlocked,False,5,38.759,13.89,0.0,19.828,2.6127,0.0,0.0,0.0,1.0,2.6127,True,101.2647
-153414#2,35.2,13.89,fuel,preseed,False,0,782.061,13.89,0.0,0.0,2.5342,0.0,0.0,0.0,1.0,2.5342,False,1981.8965
152681,20.2,13.89,fuel,preseed,False,0,782.061,13.89,0.0,0.0,1.4543,0.0,0.0,0.0,1.0,1.4543,False,1137.3383
152698,24.71,13.89,fuel,preseed,False,1,831.352,13.89,0.0,0.0,1.779,0.0,0.0,0.0,1.0,1.779,True,1478.9572
-152682#1,86.36,13.89,fuel,preseed,False,0,782.061,13.89,0.0,0.0,6.2174,0.0,0.0,0.0,1.0,6.2174,False,4862.4028
152682#2,57.62,13.89,fuel,preseed,False,0,782.061,13.89,0.0,0.0,4.1483,0.0,0.0,0.0,1.0,4.1483,False,3244.2294
-153415#0,76.75,13.89,fuel,ema_unlocked,False,2,651.709,13.89,0.0,5554.291,5.5256,0.0,0.2712,0.0,3.1696,17.5139,True,3601.0559
152682#1,91.2,13.89,fuel,preseed,False,1,782.061,13.89,0.0,0.0,6.5659,0.0,0.0,0.0,1.0,6.5659,True,5134.9136
153415#1,107.88,13.89,fuel,ema_unlocked,False,4,1212.307,13.89,0.0,0.0,7.7667,0.0,0.0,0.0,1.0,7.7667,True,9415.6703
-152682#2,61.66,13.89,fuel,preseed,False,0,782.061,13.89,0.0,0.0,4.4392,0.0,0.0,0.0,1.0,4.4392,False,3471.6971
-152683,76.88,13.89,fuel,preseed,False,0,782.061,13.89,0.0,0.0,5.5349,0.0,0.0,0.0,1.0,5.5349,False,4328.6421
152647#0,35.08,13.89,fuel,ema_unlocked,False,4,469.458,13.877,0.0006,1910.388,2.5278,0.0,0.3049,0.0,3.4392,8.6939,True,1186.7185
152683,72.19,13.89,fuel,preseed,False,0,782.061,13.89,0.0,0.0,5.1973,0.0,0.0,0.0,1.0,5.1973,False,4064.5769
-152684,9.15,13.89,fuel,preseed,False,2,850.564,13.89,0.0,0.0,0.6587,0.0,0.0,0.0,1.0,0.6587,True,560.3069
152174#1,87.81,13.89,fuel,ema_unlocked,False,7,1214.345,13.89,0.0,0.0,6.3218,0.0,0.0,0.0,1.0,6.3218,True,7676.8623
-152940,61.45,13.89,fuel,preseed,False,2,850.161,13.89,0.0,0.0,4.424,0.0,0.0,0.0,1.0,4.424,True,3761.1533
152684,9.15,13.89,fuel,ema_unlocked,False,5,483.582,13.89,0.0,0.0,0.6587,0.0,0.0,0.0,1.0,0.6587,True,318.5584
-152685#0,104.57,13.89,fuel,preseed,False,0,782.061,13.89,0.0,0.0,7.5284,0.0,0.0,0.0,1.0,7.5284,False,5887.6964
-152693#2,66.07,13.89,fuel,preseed,False,2,782.061,13.89,0.0,0.0,4.7567,0.0,0.0,0.0,1.0,4.7567,True,3719.9972
153418,63.05,13.89,fuel,preseed,False,0,782.061,13.89,0.0,0.0,4.5392,0.0,0.0,0.0,1.0,4.5392,False,3549.9594
-152694#0,100.11,13.89,fuel,preseed,False,0,782.061,13.89,0.0,0.0,7.2073,0.0,0.0,0.0,1.0,7.2073,False,5636.5811
152694#1,37.99,13.89,fuel,preseed,False,0,782.061,13.89,0.0,0.0,2.7351,0.0,0.0,0.0,1.0,2.7351,False,2138.9843
-152685#2,1.28,13.89,fuel,preseed,False,2,782.061,13.89,0.0,0.0,0.0922,0.0,0.0,0.0,1.0,0.0922,True,72.069
-152696,70.81,13.89,fuel,preseed,False,0,782.061,13.89,0.0,0.0,5.0979,0.0,0.0,0.0,1.0,5.0979,False,3986.8775
152685#3,27.94,13.89,fuel,preseed,False,0,782.061,13.89,0.0,0.0,2.0115,0.0,0.0,0.0,1.0,2.0115,False,1573.1303
-152685#3,29.38,13.89,fuel,preseed,False,0,782.061,13.89,0.0,0.0,2.1152,0.0,0.0,0.0,1.0,2.1152,False,1654.2079
152697,68.89,13.89,fuel,preseed,False,0,782.061,13.89,0.0,0.0,4.9597,0.0,0.0,0.0,1.0,4.9597,False,3878.7741
-152686,42.2,13.89,fuel,preseed,False,0,782.061,13.89,0.0,0.0,3.0382,0.0,0.0,0.0,1.0,3.0382,False,2376.0236
152542,29.7,13.89,fuel,ema_unlocked,False,4,2786.134,13.659,0.0008,0.0,2.1745,0.0,0.0,0.0,1.0,2.1745,True,6058.3658
152686,41.46,13.89,fuel,preseed,False,1,782.061,13.89,0.0,0.0,2.9849,0.0,0.0,0.0,1.0,2.9849,True,2334.3587
-152719,125.21,13.89,fuel,preseed,False,0,782.061,13.89,0.0,0.0,9.0144,0.0,0.0,0.0,1.0,9.0144,False,7049.8084
152687,24.03,13.89,fuel,preseed,False,0,782.061,13.89,0.0,0.0,1.73,0.0,0.0,0.0,1.0,1.73,False,1352.9822
-152688#0,66.54,13.89,fuel,preseed,False,0,782.061,13.89,0.0,0.0,4.7905,0.0,0.0,0.0,1.0,4.7905,False,3746.46
-152948#1,18.91,13.89,fuel,preseed,False,1,830.638,13.89,0.0,0.0,1.3614,0.0,0.0,0.0,1.0,1.3614,True,1130.8398
152688#1,51.82,13.89,fuel,preseed,False,0,782.061,13.89,0.0,0.0,3.7307,0.0,0.0,0.0,1.0,3.7307,False,2917.6669
-152688#1,51.83,13.89,fuel,preseed,False,1,799.114,13.89,0.0,0.0,3.7315,0.0,0.0,0.0,1.0,3.7315,True,2981.8638
-152689,14.76,13.89,fuel,preseed,False,1,782.061,13.89,0.0,0.0,1.0626,0.0,0.0,0.0,1.0,1.0626,True,831.0452
-153331#2,83.91,13.89,fuel,ema_unlocked,False,2,309.849,13.89,0.0,0.0,6.041,0.0,0.0,0.0,1.0,6.041,True,1871.8098
-153410#9,82.45,13.89,fuel,preseed,False,1,782.061,13.89,0.0,0.0,5.9359,0.0,0.0,0.0,1.0,5.9359,True,4642.2547
152689,23.63,13.89,fuel,preseed,False,1,782.061,13.89,0.0,0.0,1.7012,0.0,0.0,0.0,1.0,1.7012,True,1330.4606
153331#4,10.02,13.89,fuel,preseed,False,3,782.061,13.89,0.0,0.0,0.7214,0.0,0.0,0.0,1.0,0.7214,True,564.1648
-152690,106.28,13.89,fuel,preseed,False,0,782.061,13.89,0.0,0.0,7.6515,0.0,0.0,0.0,1.0,7.6515,False,5983.9761
-153410#2,68.67,13.89,fuel,preseed,False,3,782.061,13.89,0.0,0.0,4.9438,0.0,0.0,0.0,1.0,4.9438,True,3866.3872
152690,107.74,13.89,fuel,preseed,False,0,782.061,13.89,0.0,0.0,7.7567,0.0,0.0,0.0,1.0,7.7567,False,6066.1797
153410#3,4.48,13.89,fuel,preseed,False,1,782.061,13.89,0.0,0.0,0.3225,0.0,0.0,0.0,1.0,0.3225,True,252.2414
-152691,91.25,13.89,fuel,preseed,False,0,782.061,13.89,0.0,0.0,6.5695,0.0,0.0,0.0,1.0,6.5695,False,5137.7288
-153415#3,134.03,13.89,fuel,preseed,False,3,782.061,13.89,0.0,0.0,9.6494,0.0,0.0,0.0,1.0,9.6494,True,7546.4086
152691,87.31,13.89,fuel,preseed,False,0,782.061,13.89,0.0,0.0,6.2858,0.0,0.0,0.0,1.0,6.2858,False,4915.8915
153415#4,96.71,13.89,fuel,preseed,False,2,908.435,13.89,0.0,0.0,6.9626,0.0,0.0,0.0,1.0,6.9626,True,6325.0391
-152692,64.24,13.89,fuel,preseed,False,0,782.061,13.89,0.0,0.0,4.6249,0.0,0.0,0.0,1.0,4.6249,False,3616.9611
-153410#8,21.2,13.89,fuel,preseed,False,1,782.061,13.89,0.0,0.0,1.5263,0.0,0.0,0.0,1.0,1.5263,True,1193.6422
152692,72.37,13.89,fuel,preseed,False,0,782.061,13.89,0.0,0.0,5.2102,0.0,0.0,0.0,1.0,5.2102,False,4074.7116
153410#9,75.86,13.89,fuel,preseed,False,1,782.061,13.89,0.0,0.0,5.4615,0.0,0.0,0.0,1.0,5.4615,True,4271.2121
-152693#0,4.89,13.89,fuel,preseed,False,0,782.061,13.89,0.0,0.0,0.3521,0.0,0.0,0.0,1.0,0.3521,False,275.326
152693#1,51.4,13.89,fuel,preseed,False,1,782.061,13.89,0.0,0.0,3.7005,0.0,0.0,0.0,1.0,3.7005,True,2894.0193
152693#0,4.85,13.89,fuel,preseed,False,1,782.061,13.89,0.0,0.0,0.3492,0.0,0.0,0.0,1.0,0.3492,True,273.0738
152709#2,44.19,13.89,fuel,preseed,False,0,782.061,13.89,0.0,0.0,3.1814,0.0,0.0,0.0,1.0,3.1814,False,2488.0683
-152694#1,37.99,13.89,fuel,preseed,False,0,782.061,13.89,0.0,0.0,2.7351,0.0,0.0,0.0,1.0,2.7351,False,2138.9843
-152695,113.41,13.89,fuel,preseed,False,0,782.061,13.89,0.0,0.0,8.1649,0.0,0.0,0.0,1.0,8.1649,False,6385.4227
152700,78.76,13.89,fuel,preseed,False,0,782.061,13.89,0.0,0.0,5.6703,0.0,0.0,0.0,1.0,5.6703,False,4434.4934
-152698,24.46,13.89,fuel,preseed,False,0,782.061,13.89,0.0,0.0,1.761,0.0,0.0,0.0,1.0,1.761,False,1377.1928
-152699,80.58,13.89,fuel,preseed,False,0,782.061,13.89,0.0,0.0,5.8013,0.0,0.0,0.0,1.0,5.8013,False,4536.9664
-152700,78.76,13.89,fuel,preseed,False,0,782.061,13.89,0.0,0.0,5.6703,0.0,0.0,0.0,1.0,5.6703,False,4434.4934
-152701#0,36.98,13.89,fuel,ema_unlocked,False,6,475.814,13.89,0.0,0.0,2.6623,0.0,0.0,0.0,1.0,2.6623,True,1266.7833
152701#1,12.49,13.89,fuel,ema_unlocked,False,10,1756.522,13.89,0.0,1401.661,0.8992,0.0,0.0,0.0,1.0,0.8992,True,1579.4787
152767#0,150.41,13.89,fuel,ema_unlocked,False,4,339.401,13.89,0.0,0.0,10.8287,0.0,0.0,0.0,1.0,10.8287,True,3675.2522
152229,28.99,27.78,fuel,ema_unlocked,False,8,1506.364,26.854,0.0006,0.0,1.0795,0.0,0.0,0.0,1.0,1.0795,True,1626.1817
152466#0,116.84,13.89,fuel,preseed,False,0,782.061,13.89,0.0,0.0,8.4118,0.0,0.0,0.0,1.0,8.4118,False,6578.545
152701#0,30.63,13.89,fuel,ema_unlocked,False,10,2046.721,13.89,0.0,0.0,2.2052,0.0,0.0,0.0,1.0,2.2052,True,4513.395
-152701#1,10.96,13.89,fuel,ema_unlocked,False,4,133.52,13.659,0.0025,86.697,0.8024,0.0,0.0,0.0,1.0,0.8024,True,107.1405
152701#2,172.23,13.89,fuel,ema_unlocked,False,10,671.709,13.89,0.0,0.0,12.3996,0.0,0.0,0.0,1.0,12.3996,True,8328.8982
-152701#2,170.6,13.89,fuel,ema_unlocked,False,4,728.202,13.89,0.0,0.0,12.2822,0.0,0.0,0.0,1.0,12.2822,True,8943.9388
-152706#3,15.33,13.89,fuel,ema_unlocked,False,7,2839.991,13.89,0.0,5170.16,1.1037,0.0,0.3247,0.0,3.5979,3.9709,True,3134.4181
152701#3,25.06,13.89,fuel,ema_unlocked,False,10,966.922,13.89,0.0,0.0,1.8042,0.0,0.0,0.0,1.0,1.8042,True,1744.497
152780,98.25,13.89,fuel,ema_unlocked,False,5,91.895,13.89,0.0,0.0,7.0734,0.0,0.0,0.0,1.0,7.0734,True,650.0147
-152701#3,24.69,13.89,fuel,ema_unlocked,False,6,525.889,13.89,0.0,0.0,1.7775,0.0,0.0,0.0,1.0,1.7775,True,934.7872
152701#4,75.06,13.89,fuel,ema_unlocked,False,10,279.122,13.659,0.0005,0.0,5.4955,0.0,0.0,0.0,1.0,5.4955,True,1533.9069
-152701#5,22.63,13.89,fuel,ema_unlocked,False,6,2898.623,13.89,0.0,0.0,1.6292,0.0,0.0,0.0,1.0,1.6292,True,4722.5218
152703,87.49,13.89,fuel,ema_unlocked,False,10,97.936,13.815,0.0009,767.344,6.333,0.0,0.1186,0.0,1.9488,12.3418,True,620.225
-152702#0,6.08,13.89,fuel,ema_unlocked,False,6,699.82,13.89,0.0,0.0,0.4377,0.0,0.0,0.0,1.0,0.4377,True,306.3286
152702#1,46.03,13.89,fuel,ema_unlocked,False,3,363.15,13.659,0.0006,0.0,3.3701,0.0,0.0,0.0,1.0,3.3701,True,1223.8366
-152702#1,46.67,13.89,fuel,ema_unlocked,False,6,1158.08,13.659,0.0006,0.0,3.4169,0.0,0.0,0.0,1.0,3.4169,True,3957.0651
-152775#5,38.65,13.89,fuel,ema_unlocked,False,2,1364.646,13.89,0.0,0.0,2.7826,0.0,0.0,0.0,1.0,2.7826,True,3797.2334
-152939#5,77.4,13.89,fuel,preseed,False,1,782.061,13.89,0.0,0.0,5.5724,0.0,0.0,0.0,1.0,5.5724,True,4357.9201
152713,86.18,13.89,fuel,preseed,False,0,782.061,13.89,0.0,0.0,6.2045,0.0,0.0,0.0,1.0,6.2045,False,4852.2681
-152706#0,12.92,13.89,fuel,ema_unlocked,False,6,416.363,13.89,0.0,0.0,0.9302,0.0,0.0,0.0,1.0,0.9302,True,387.2864
152706#1,17.74,13.89,fuel,ema_unlocked,False,3,804.045,13.89,0.0,0.0,1.2772,0.0,0.0,0.0,1.0,1.2772,True,1026.9089
-152999,34.42,13.89,fuel,ema_unlocked,False,6,1827.929,13.89,0.0,0.0,2.478,0.0,0.0,0.0,1.0,2.478,True,4529.6841
152706#0,12.96,13.89,fuel,ema_unlocked,False,3,342.437,13.89,0.0,0.0,0.933,0.0,0.0,0.0,1.0,0.933,True,319.5094
152998,55.11,13.89,fuel,preseed,False,1,782.061,13.89,0.0,0.0,3.9676,0.0,0.0,0.0,1.0,3.9676,True,3102.9067
-152706#1,17.77,13.89,fuel,ema_unlocked,False,6,1703.837,13.89,0.0,1725.871,1.2793,0.0,0.0,0.0,1.0,1.2793,True,2179.7826
152706#2,16.86,13.89,fuel,preseed,False,3,624.835,13.659,0.0023,0.0,1.2344,0.0,0.0,0.0,1.0,1.2344,True,771.294
152707#0,148.98,13.89,fuel,preseed,False,1,845.671,13.89,0.0,0.0,10.7257,0.0,0.0,0.0,1.0,10.7257,True,9070.4192
152715,53.18,13.89,fuel,preseed,False,1,782.061,13.89,0.0,0.0,3.8287,0.0,0.0,0.0,1.0,3.8287,True,2994.2402
-152706#2,16.08,13.89,fuel,ema_unlocked,False,6,2605.745,13.659,0.0023,0.0,1.1773,0.0,0.0,0.0,1.0,1.1773,True,3067.7147
-152708#1,156.23,13.89,fuel,preseed,False,1,796.267,13.89,0.0,0.0,11.2477,0.0,0.0,0.0,1.0,11.2477,True,8956.1364
152706#3,14.87,13.89,fuel,ema_unlocked,False,2,297.531,13.89,0.0,9830.365,1.0706,0.0,1.0,0.0,9.0,9.635,True,318.5234
-152707#0,149.23,13.89,fuel,preseed,False,4,601.433,13.842,0.0006,3335.635,10.7808,0.0,0.0,0.0,1.0,10.7808,True,6483.9393
152707#1,87.94,13.89,fuel,preseed,False,1,790.91,13.89,0.0,0.0,6.3312,0.0,0.0,0.0,1.0,6.3312,True,5007.3894
-152708#0,222.63,13.89,fuel,preseed,False,1,792.457,13.89,0.0,0.0,16.0281,0.0,0.0,0.0,1.0,16.0281,True,12701.561
152708#1,156.22,13.89,fuel,preseed,False,3,718.044,13.89,0.0,0.0,11.2469,0.0,0.0,0.0,1.0,11.2469,True,8075.7938
-152971#0,222.82,13.89,fuel,preseed,False,3,723.022,13.89,0.0,0.0,16.0418,0.0,0.0,0.0,1.0,16.0418,True,11598.5506
152971#1,33.19,13.89,fuel,preseed,False,1,800.015,13.89,0.0,0.0,2.3895,0.0,0.0,0.0,1.0,2.3895,True,1911.6273
-152710,72.19,13.89,fuel,preseed,False,0,782.061,13.89,0.0,0.0,5.1973,0.0,0.0,0.0,1.0,5.1973,False,4064.5769
152711#3,21.98,13.89,fuel,preseed,False,1,782.061,13.89,0.0,0.0,1.5824,0.0,0.0,0.0,1.0,1.5824,True,1237.5592
152710,69.14,13.89,fuel,preseed,False,0,782.061,13.89,0.0,0.0,4.9777,0.0,0.0,0.0,1.0,4.9777,False,3892.8501
152711#1,6.76,13.89,fuel,preseed,False,1,782.061,13.89,0.0,0.0,0.4867,0.0,0.0,0.0,1.0,0.4867,True,380.6142
152712,52.95,13.89,fuel,preseed,False,2,782.061,13.89,0.0,0.0,3.8121,0.0,0.0,0.0,1.0,3.8121,True,2981.2903
-152713,89.29,13.89,fuel,preseed,False,0,782.061,13.89,0.0,0.0,6.4284,0.0,0.0,0.0,1.0,6.4284,False,5027.3732
-152767#3,77.33,13.89,fuel,ema_unlocked,False,6,1807.621,13.89,0.0,0.0,5.5673,0.0,0.0,0.0,1.0,5.5673,True,10063.597
-152939#4,42.27,13.89,fuel,preseed,False,1,782.061,13.89,0.0,0.0,3.0432,0.0,0.0,0.0,1.0,3.0432,True,2379.9649
152716,72.94,13.89,fuel,preseed,False,6,624.136,13.89,0.0,0.0,5.2513,0.0,0.0,0.0,1.0,5.2513,True,3277.5026
152939#5,76.98,13.89,fuel,preseed,False,0,782.061,13.89,0.0,0.0,5.5421,0.0,0.0,0.0,1.0,5.5421,False,4334.2725
-152717#0,76.3,13.89,fuel,preseed,False,0,782.061,13.89,0.0,0.0,5.4932,0.0,0.0,0.0,1.0,5.4932,False,4295.9858
152717#1,67.01,13.89,fuel,preseed,False,0,782.061,13.89,0.0,0.0,4.8243,0.0,0.0,0.0,1.0,4.8243,False,3772.9228
-153327#6,187.52,13.89,fuel,preseed,False,0,782.061,13.89,0.0,0.0,13.5004,0.0,0.0,0.0,1.0,13.5004,False,10558.103
152717#0,73.82,13.89,fuel,preseed,False,0,782.061,13.89,0.0,0.0,5.3146,0.0,0.0,0.0,1.0,5.3146,False,4156.3522
152721,371.0,13.89,fuel,preseed,False,0,782.061,13.89,0.0,0.0,26.7099,0.0,0.0,0.0,1.0,26.7099,False,20888.7384
152747,301.09,13.89,fuel,preseed,False,0,782.061,13.89,0.0,0.0,21.6767,0.0,0.0,0.0,1.0,21.6767,False,16952.5343
153327#7,82.06,13.89,fuel,preseed,False,2,782.061,13.89,0.0,0.0,5.9078,0.0,0.0,0.0,1.0,5.9078,True,4620.2961
-152717#1,64.31,13.89,fuel,preseed,False,0,782.061,13.89,0.0,0.0,4.6299,0.0,0.0,0.0,1.0,4.6299,False,3620.9023
-152731,37.32,13.89,fuel,preseed,False,0,782.061,13.89,0.0,0.0,2.6868,0.0,0.0,0.0,1.0,2.6868,False,2101.2607
152717#2,265.04,13.89,fuel,preseed,False,0,782.061,13.89,0.0,0.0,19.0814,0.0,0.0,0.0,1.0,19.0814,False,14922.7796
-152717#2,260.59,13.89,fuel,preseed,False,0,782.061,13.89,0.0,0.0,18.761,0.0,0.0,0.0,1.0,18.761,False,14672.2273
-152720#0,43.06,13.89,fuel,preseed,False,0,782.061,13.89,0.0,0.0,3.1001,0.0,0.0,0.0,1.0,3.1001,False,2424.4449
152720#1,208.25,13.89,fuel,preseed,False,0,782.061,13.89,0.0,0.0,14.9928,0.0,0.0,0.0,1.0,14.9928,False,11725.2824
153042#0,35.12,13.89,fuel,preseed,False,0,782.061,13.89,0.0,0.0,2.5284,0.0,0.0,0.0,1.0,2.5284,False,1977.3922
-153423#3,117.85,13.89,fuel,preseed,False,2,835.96,13.89,0.0,0.0,8.4845,0.0,0.0,0.0,1.0,8.4845,True,7092.7208
152720#0,45.24,13.89,fuel,preseed,False,0,782.061,13.89,0.0,0.0,3.257,0.0,0.0,0.0,1.0,3.257,False,2547.1874
153423#4,3.57,13.89,fuel,preseed,False,0,782.061,13.89,0.0,0.0,0.257,0.0,0.0,0.0,1.0,0.257,False,201.0048
-152720#1,214.32,13.89,fuel,preseed,False,0,782.061,13.89,0.0,0.0,15.4298,0.0,0.0,0.0,1.0,15.4298,False,12067.0469
152720#2,128.35,13.89,fuel,preseed,False,0,782.061,13.89,0.0,0.0,9.2405,0.0,0.0,0.0,1.0,9.2405,False,7226.6026
152729#0,71.6,13.89,fuel,preseed,False,0,782.061,13.89,0.0,0.0,5.1548,0.0,0.0,0.0,1.0,5.1548,False,4031.3576
-152721,371.37,13.89,fuel,preseed,False,0,782.061,13.89,0.0,0.0,26.7365,0.0,0.0,0.0,1.0,26.7365,False,20909.5708
-152722,119.44,13.89,fuel,preseed,False,0,782.061,13.89,0.0,0.0,8.599,0.0,0.0,0.0,1.0,8.599,False,6724.9351
-153037,263.29,13.89,fuel,preseed,False,2,782.061,13.89,0.0,0.0,18.9554,0.0,0.0,0.0,1.0,18.9554,True,14824.2478
153327#9,59.63,13.89,fuel,preseed,False,2,782.061,13.89,0.0,0.0,4.293,0.0,0.0,0.0,1.0,4.293,True,3357.4002
-153327#8,3.44,13.89,fuel,preseed,False,0,782.061,13.89,0.0,0.0,0.2477,0.0,0.0,0.0,1.0,0.2477,False,193.6853
152722,114.44,13.89,fuel,preseed,False,0,782.061,13.89,0.0,0.0,8.239,0.0,0.0,0.0,1.0,8.239,False,6443.4157
-152723#0,55.69,13.89,fuel,preseed,False,1,782.061,13.89,0.0,0.0,4.0094,0.0,0.0,0.0,1.0,4.0094,True,3135.5629
-153043#1,14.87,13.89,fuel,preseed,False,0,782.061,13.89,0.0,0.0,1.0706,0.0,0.0,0.0,1.0,1.0706,False,837.2387
152723#1,1.76,13.89,fuel,preseed,False,0,782.061,13.89,0.0,0.0,0.1267,0.0,0.0,0.0,1.0,0.1267,False,99.0948
152723#0,52.96,13.89,fuel,preseed,False,1,782.061,13.89,0.0,0.0,3.8128,0.0,0.0,0.0,1.0,3.8128,True,2981.8533
-152723#1,2.18,13.89,fuel,preseed,False,1,782.061,13.89,0.0,0.0,0.1569,0.0,0.0,0.0,1.0,0.1569,True,122.7425
152736#0,16.19,13.89,fuel,preseed,False,4,891.799,13.89,0.0,5571.853,1.1656,0.0,1.0,0.0,9.0,10.4903,True,1039.4693
153391#0,276.31,13.89,fuel,ema_unlocked,False,5,611.191,13.659,0.0001,0.0,20.2299,0.0,0.0,0.0,1.0,20.2299,True,12364.3203
-152724,47.42,13.89,fuel,preseed,False,0,782.061,13.89,0.0,0.0,3.414,0.0,0.0,0.0,1.0,3.414,False,2669.9298
-152729#1,100.39,13.89,fuel,preseed,False,0,782.061,13.89,0.0,0.0,7.2275,0.0,0.0,0.0,1.0,7.2275,False,5652.3462
152729#2,114.3,13.89,fuel,preseed,False,0,782.061,13.89,0.0,0.0,8.2289,0.0,0.0,0.0,1.0,8.2289,False,6435.5331
152724,46.04,13.89,fuel,preseed,False,0,782.061,13.89,0.0,0.0,3.3146,0.0,0.0,0.0,1.0,3.3146,False,2592.2305
-152725#0,383.72,13.89,fuel,preseed,False,0,782.061,13.89,0.0,0.0,27.6256,0.0,0.0,0.0,1.0,27.6256,False,21604.9237
152725#1,132.79,13.89,fuel,preseed,False,0,782.061,13.89,0.0,0.0,9.5601,0.0,0.0,0.0,1.0,9.5601,False,7476.5918
152725#0,382.01,13.89,fuel,preseed,False,0,782.061,13.89,0.0,0.0,27.5025,0.0,0.0,0.0,1.0,27.5025,False,21508.6441
-152725#2,76.4,13.89,fuel,preseed,False,0,782.061,13.89,0.0,0.0,5.5004,0.0,0.0,0.0,1.0,5.5004,False,4301.6162
152725#3,109.26,13.89,fuel,preseed,False,0,782.061,13.89,0.0,0.0,7.8661,0.0,0.0,0.0,1.0,7.8661,False,6151.7616
-152725#3,111.91,13.89,fuel,preseed,False,0,782.061,13.89,0.0,0.0,8.0569,0.0,0.0,0.0,1.0,8.0569,False,6300.9669
-153421#4,141.37,13.89,fuel,preseed,False,0,782.061,13.89,0.0,0.0,10.1778,0.0,0.0,0.0,1.0,10.1778,False,7959.6791
153423#1,127.78,13.89,fuel,preseed,False,0,782.061,13.89,0.0,0.0,9.1994,0.0,0.0,0.0,1.0,9.1994,False,7194.5094
-152726,106.0,13.89,fuel,preseed,False,0,782.061,13.89,0.0,0.0,7.6314,0.0,0.0,0.0,1.0,7.6314,False,5968.211
-153327#4,211.38,13.89,fuel,preseed,False,0,782.061,13.89,0.0,0.0,15.2181,0.0,0.0,0.0,1.0,15.2181,False,11901.5135
152726,113.05,13.89,fuel,preseed,False,0,782.061,13.89,0.0,0.0,8.1389,0.0,0.0,0.0,1.0,8.1389,False,6365.1533
153327#5,29.5,13.89,fuel,preseed,False,2,782.061,13.89,0.0,0.0,2.1238,0.0,0.0,0.0,1.0,2.1238,True,1660.9644
-152727#0,198.46,13.89,fuel,preseed,False,0,782.061,13.89,0.0,0.0,14.288,0.0,0.0,0.0,1.0,14.288,False,11174.0674
-152746,172.07,13.89,fuel,preseed,False,0,782.061,13.89,0.0,0.0,12.388,0.0,0.0,0.0,1.0,12.388,False,9688.2081
152727#1,78.01,13.89,fuel,preseed,False,0,782.061,13.89,0.0,0.0,5.6163,0.0,0.0,0.0,1.0,5.6163,False,4392.2654
-153327#7,82.27,13.89,fuel,preseed,False,0,782.061,13.89,0.0,0.0,5.923,0.0,0.0,0.0,1.0,5.923,False,4632.12
152727#0,203.38,13.89,fuel,preseed,False,0,782.061,13.89,0.0,0.0,14.6422,0.0,0.0,0.0,1.0,14.6422,False,11451.0825
153327#8,1.63,13.89,fuel,preseed,False,1,782.061,13.89,0.0,0.0,0.1174,0.0,0.0,0.0,1.0,0.1174,True,91.7753
-152727#1,77.79,13.89,fuel,preseed,False,0,782.061,13.89,0.0,0.0,5.6004,0.0,0.0,0.0,1.0,5.6004,False,4379.8786
-152729#0,76.27,13.89,fuel,preseed,False,0,782.061,13.89,0.0,0.0,5.491,0.0,0.0,0.0,1.0,5.491,False,4294.2967
-152730,109.4,13.89,fuel,preseed,False,0,782.061,13.89,0.0,0.0,7.8762,0.0,0.0,0.0,1.0,7.8762,False,6159.6441
152729#1,109.43,13.89,fuel,preseed,False,0,782.061,13.89,0.0,0.0,7.8783,0.0,0.0,0.0,1.0,7.8783,False,6161.3333
-152729#2,101.41,13.89,fuel,preseed,False,0,782.061,13.89,0.0,0.0,7.3009,0.0,0.0,0.0,1.0,7.3009,False,5709.7762
152730,107.35,13.89,fuel,preseed,False,0,782.061,13.89,0.0,0.0,7.7286,0.0,0.0,0.0,1.0,7.7286,False,6044.2212
152731,34.61,13.89,fuel,preseed,False,0,782.061,13.89,0.0,0.0,2.4917,0.0,0.0,0.0,1.0,2.4917,False,1948.6772
-152734#0,42.6,13.89,fuel,preseed,False,4,880.549,13.89,0.0,0.0,3.067,0.0,0.0,0.0,1.0,3.067,True,2700.6036
-152736#2,13.22,13.89,fuel,ema_unlocked,False,5,254.805,13.89,0.0,0.0,0.9518,0.0,0.0,0.0,1.0,0.9518,True,242.514
152734#1,277.62,13.89,fuel,preseed,False,0,782.061,13.89,0.0,0.0,19.987,0.0,0.0,0.0,1.0,19.987,False,15631.0823
-153424#0,91.82,13.89,fuel,preseed,False,4,866.579,13.89,0.0,0.0,6.6105,0.0,0.0,0.0,1.0,6.6105,True,5728.5326
152734#0,41.89,13.89,fuel,ema_unlocked,False,5,655.588,13.89,0.0,0.0,3.0158,0.0,0.0,0.0,1.0,3.0158,True,1977.1462
153424#1,21.61,13.89,fuel,preseed,False,1,782.061,13.89,0.0,0.0,1.5558,0.0,0.0,0.0,1.0,1.5558,True,1216.7268
-152735,38.9,13.89,fuel,preseed,False,0,782.061,13.89,0.0,0.0,2.8006,0.0,0.0,0.0,1.0,2.8006,False,2190.2208
-152736#0,14.3,13.89,fuel,ema_unlocked,False,5,367.09,13.89,0.0,0.0,1.0295,0.0,0.0,0.0,1.0,1.0295,True,377.9252
152736#1,43.72,13.89,fuel,preseed,False,4,873.593,13.89,0.0,0.0,3.1476,0.0,0.0,0.0,1.0,3.1476,True,2749.7099
152748,50.94,13.89,fuel,preseed,False,0,782.061,13.89,0.0,0.0,3.6674,0.0,0.0,0.0,1.0,3.6674,False,2868.1195
-152736#1,36.06,13.89,fuel,ema_unlocked,False,5,605.606,13.89,0.0,0.0,2.5961,0.0,0.0,0.0,1.0,2.5961,True,1572.2223
-152739,258.31,13.89,fuel,preseed,False,0,782.061,13.89,0.0,0.0,18.5968,0.0,0.0,0.0,1.0,18.5968,False,14543.8545
152736#2,16.85,13.89,fuel,preseed,False,4,904.007,13.89,0.0,0.0,1.2131,0.0,0.0,0.0,1.0,1.2131,True,1096.6539
-152737#0,56.07,13.89,fuel,preseed,False,0,782.061,13.89,0.0,0.0,4.0367,0.0,0.0,0.0,1.0,4.0367,False,3156.9584
152737#1,9.86,13.89,fuel,preseed,False,0,782.061,13.89,0.0,0.0,0.7099,0.0,0.0,0.0,1.0,0.7099,False,555.1562
153000,276.59,13.89,fuel,preseed,False,0,782.061,13.89,0.0,0.0,19.9129,0.0,0.0,0.0,1.0,19.9129,False,15573.0893
-152737#1,15.18,13.89,fuel,preseed,False,0,782.061,13.89,0.0,0.0,1.0929,0.0,0.0,0.0,1.0,1.0929,False,854.6929
-152738,39.11,13.89,fuel,preseed,False,0,782.061,13.89,0.0,0.0,2.8157,0.0,0.0,0.0,1.0,2.8157,False,2202.0446
152740,116.83,13.89,fuel,preseed,False,0,782.061,13.89,0.0,0.0,8.4111,0.0,0.0,0.0,1.0,8.4111,False,6577.982
-153043#0,97.88,13.89,fuel,preseed,False,0,782.061,13.89,0.0,0.0,7.0468,0.0,0.0,0.0,1.0,7.0468,False,5511.0235
152741#0,113.29,13.89,fuel,preseed,False,0,782.061,13.89,0.0,0.0,8.1562,0.0,0.0,0.0,1.0,8.1562,False,6378.6662
153043#1,22.31,13.89,fuel,preseed,False,0,782.061,13.89,0.0,0.0,1.6062,0.0,0.0,0.0,1.0,1.6062,False,1256.1395
-152741#1,121.72,13.89,fuel,preseed,False,0,782.061,13.89,0.0,0.0,8.7631,0.0,0.0,0.0,1.0,8.7631,False,6853.3079
152742,201.14,13.89,fuel,preseed,False,0,782.061,13.89,0.0,0.0,14.4809,0.0,0.0,0.0,1.0,14.4809,False,11324.9618
-152743#0,19.89,13.89,fuel,preseed,False,0,782.061,13.89,0.0,0.0,1.432,0.0,0.0,0.0,1.0,1.432,False,1119.8841
152743#1,85.38,13.89,fuel,preseed,False,0,782.061,13.89,0.0,0.0,6.1469,0.0,0.0,0.0,1.0,6.1469,False,4807.225
152930,112.85,13.89,fuel,preseed,False,0,782.061,13.89,0.0,0.0,8.1246,0.0,0.0,0.0,1.0,8.1246,False,6353.8925
-152908#3,19.36,13.89,fuel,preseed,False,0,782.061,13.89,0.0,0.0,1.3938,0.0,0.0,0.0,1.0,1.3938,False,1090.0431
-152929,99.06,13.89,fuel,preseed,False,0,782.061,13.89,0.0,0.0,7.1317,0.0,0.0,0.0,1.0,7.1317,False,5577.4621
152743#0,14.05,13.89,fuel,preseed,False,0,782.061,13.89,0.0,0.0,1.0115,0.0,0.0,0.0,1.0,1.0115,False,791.0695
152908#5,97.81,13.89,fuel,preseed,False,3,682.975,13.89,0.0,0.0,7.0418,0.0,0.0,0.0,1.0,7.0418,True,4809.3452
-152743#1,85.02,13.89,fuel,preseed,False,0,782.061,13.89,0.0,0.0,6.121,0.0,0.0,0.0,1.0,6.121,False,4786.9556
-152744,132.94,13.89,fuel,preseed,False,0,782.061,13.89,0.0,0.0,9.5709,0.0,0.0,0.0,1.0,9.5709,False,7485.0374
-152908#2,31.32,13.89,fuel,preseed,False,0,782.061,13.89,0.0,0.0,2.2549,0.0,0.0,0.0,1.0,2.2549,False,1763.4374
152908#3,19.36,13.89,fuel,preseed,False,3,675.97,13.89,0.0,0.0,1.3938,0.0,0.0,0.0,1.0,1.3938,True,942.1725
153333,128.21,13.89,fuel,preseed,False,0,782.061,13.89,0.0,0.0,9.2304,0.0,0.0,0.0,1.0,9.2304,False,7218.7201
-152908#0,20.12,13.89,fuel,preseed,False,1,782.061,13.89,0.0,0.0,1.4485,0.0,0.0,0.0,1.0,1.4485,True,1132.834
152745,19.89,13.89,fuel,preseed,False,0,782.061,13.89,0.0,0.0,1.432,0.0,0.0,0.0,1.0,1.432,False,1119.8841
152908#1,13.31,13.89,fuel,preseed,False,3,657.956,13.89,0.0,0.0,0.9582,0.0,0.0,0.0,1.0,0.9582,True,630.4823
152929,113.59,13.89,fuel,preseed,False,0,782.061,13.89,0.0,0.0,8.1778,0.0,0.0,0.0,1.0,8.1778,False,6395.5574
152746,151.76,13.89,fuel,preseed,False,0,782.061,13.89,0.0,0.0,10.9258,0.0,0.0,0.0,1.0,10.9258,False,8544.6764
-152747,309.86,13.89,fuel,preseed,False,0,782.061,13.89,0.0,0.0,22.3081,0.0,0.0,0.0,1.0,22.3081,False,17446.3193
-152748,53.81,13.89,fuel,preseed,False,0,782.061,13.89,0.0,0.0,3.874,0.0,0.0,0.0,1.0,3.874,False,3029.7116
152749,138.15,13.89,fuel,preseed,False,0,782.061,13.89,0.0,0.0,9.946,0.0,0.0,0.0,1.0,9.946,False,7778.3806
-152750#0,148.07,13.89,fuel,preseed,False,0,782.061,13.89,0.0,0.0,10.6602,0.0,0.0,0.0,1.0,10.6602,False,8336.9151
152750#1,141.22,13.89,fuel,preseed,False,0,782.061,13.89,0.0,0.0,10.167,0.0,0.0,0.0,1.0,10.167,False,7951.2335
153569#0,533.98,13.89,fuel,preseed,False,0,782.061,13.89,0.0,0.0,38.4435,0.0,0.0,0.0,1.0,38.4435,False,30065.1443
-152750#2,157.63,13.89,fuel,preseed,False,0,782.061,13.89,0.0,0.0,11.3485,0.0,0.0,0.0,1.0,11.3485,False,8875.1801
-153567,222.23,13.89,fuel,preseed,False,0,782.061,13.89,0.0,0.0,15.9993,0.0,0.0,0.0,1.0,15.9993,False,12512.4106
152750#0,144.24,13.89,fuel,preseed,False,0,782.061,13.89,0.0,0.0,10.3844,0.0,0.0,0.0,1.0,10.3844,False,8121.2712
152750#4,100.97,13.89,fuel,preseed,False,0,782.061,13.89,0.0,0.0,7.2693,0.0,0.0,0.0,1.0,7.2693,False,5685.0025
-152750#4,101.29,13.89,fuel,preseed,False,0,782.061,13.89,0.0,0.0,7.2923,0.0,0.0,0.0,1.0,7.2923,False,5703.0197
152750#5,301.38,13.89,fuel,preseed,False,0,782.061,13.89,0.0,0.0,21.6976,0.0,0.0,0.0,1.0,21.6976,False,16968.8625
153570,67.66,13.89,fuel,preseed,False,0,782.061,13.89,0.0,0.0,4.8711,0.0,0.0,0.0,1.0,4.8711,False,3809.5203
152751#0,60.46,13.89,fuel,preseed,False,0,782.061,13.89,0.0,0.0,4.3528,0.0,0.0,0.0,1.0,4.3528,False,3404.1324
-152751#2,1.68,13.89,fuel,preseed,False,0,782.061,13.89,0.0,0.0,0.121,0.0,0.0,0.0,1.0,0.121,False,94.5905
-153435#1,49.21,13.89,fuel,ema_unlocked,False,1,1791.188,13.659,0.001,0.0,3.6029,0.0,0.0,0.0,1.0,3.6029,True,6453.4425
153435#2,20.33,13.89,fuel,preseed,False,2,665.976,13.89,0.0,0.0,1.4636,0.0,0.0,0.0,1.0,1.4636,True,974.7513
-152752,112.06,13.89,fuel,preseed,False,0,782.061,13.89,0.0,0.0,8.0677,0.0,0.0,0.0,1.0,8.0677,False,6309.4125
-153451#1,314.7,13.89,fuel,ema_unlocked,False,4,1063.747,13.659,0.0002,0.0,23.0406,0.0,0.0,0.0,1.0,23.0406,True,24509.3738
153451#2,41.59,13.89,fuel,ema_unlocked,False,8,165.008,13.89,0.0,0.0,2.9942,0.0,0.0,0.0,1.0,2.9942,True,494.0737
152752,115.44,13.89,fuel,preseed,False,0,782.061,13.89,0.0,0.0,8.311,0.0,0.0,0.0,1.0,8.311,False,6499.7196
-152753,120.51,13.89,fuel,preseed,False,1,824.485,13.89,0.0,0.0,8.676,0.0,0.0,0.0,1.0,8.676,True,7153.2541
-152912#6,11.51,13.89,fuel,preseed,False,0,782.061,13.89,0.0,0.0,0.8287,0.0,0.0,0.0,1.0,0.8287,False,648.0576
152753,120.51,13.89,fuel,preseed,False,1,805.161,13.89,0.0,0.0,8.676,0.0,0.0,0.0,1.0,8.676,True,6985.5939
152912#8,81.86,13.89,fuel,preseed,False,1,838.293,13.89,0.0,0.0,5.8934,0.0,0.0,0.0,1.0,5.8934,True,4940.4388
-152754,97.89,13.89,fuel,preseed,False,0,782.061,13.89,0.0,0.0,7.0475,0.0,0.0,0.0,1.0,7.0475,False,5511.5865
-153456#1,35.24,13.89,fuel,ema_unlocked,False,3,4477.001,13.89,0.0,0.0,2.5371,0.0,0.0,0.0,1.0,2.5371,True,11358.4956
152754,98.05,13.89,fuel,preseed,False,0,782.061,13.89,0.0,0.0,7.059,0.0,0.0,0.0,1.0,7.059,False,5520.5951
153456#2,409.16,13.89,fuel,preseed,False,2,558.872,13.89,0.0,0.0,29.4572,0.0,0.0,0.0,1.0,29.4572,True,16462.7834
-152755,130.93,13.89,fuel,preseed,False,0,782.061,13.89,0.0,0.0,9.4262,0.0,0.0,0.0,1.0,9.4262,False,7371.8666
-153435#0,201.57,13.89,fuel,ema_unlocked,False,1,1198.433,13.89,0.0,0.0,14.5119,0.0,0.0,0.0,1.0,14.5119,True,17391.5128
152755,120.91,13.89,fuel,preseed,False,0,782.061,13.89,0.0,0.0,8.7048,0.0,0.0,0.0,1.0,8.7048,False,6807.7018
153435#1,48.72,13.89,fuel,preseed,False,4,634.85,13.89,0.0,0.0,3.5076,0.0,0.0,0.0,1.0,3.5076,True,2226.7735
152756#0,181.41,13.89,fuel,preseed,False,0,782.061,13.89,0.0,0.0,13.0605,0.0,0.0,0.0,1.0,13.0605,False,10214.0863
-152757,366.71,13.89,fuel,preseed,False,0,782.061,13.89,0.0,0.0,26.401,0.0,0.0,0.0,1.0,26.401,False,20647.1947
-153001#2,302.69,13.89,fuel,preseed,False,0,782.061,13.89,0.0,0.0,21.7919,0.0,0.0,0.0,1.0,21.7919,False,17042.6205
153001#3,1154.22,13.89,fuel,preseed,False,0,782.061,13.89,0.0,0.0,83.0972,0.0,0.0,0.0,1.0,83.0972,False,64987.061
152757,364.01,13.89,fuel,preseed,False,0,782.061,13.89,0.0,0.0,26.2066,0.0,0.0,0.0,1.0,26.2066,False,20495.1743
-152760,51.77,13.89,fuel,preseed,False,1,782.061,13.89,0.0,0.0,3.7271,0.0,0.0,0.0,1.0,3.7271,True,2914.8517
-152774,2.34,13.89,fuel,preseed,False,1,782.061,13.89,0.0,0.0,0.1685,0.0,0.0,0.0,1.0,0.1685,True,131.7511
152799,26.9,13.89,fuel,preseed,False,2,728.673,13.89,0.0,0.0,1.9366,0.0,0.0,0.0,1.0,1.9366,True,1411.1814
-152763,87.57,13.89,fuel,ema_unlocked,False,3,201.039,13.89,0.0,0.0,6.3045,0.0,0.0,0.0,1.0,6.3045,True,1267.4601
-152772,2.14,13.89,fuel,preseed,False,0,782.061,13.89,0.0,0.0,0.1541,0.0,0.0,0.0,1.0,0.1541,False,120.4903
152760,62.64,13.89,fuel,preseed,False,2,916.015,13.89,0.0,0.0,4.5097,0.0,0.0,0.0,1.0,4.5097,True,4130.9714
152763,87.35,13.89,fuel,preseed,False,2,825.043,13.89,0.0,0.0,6.2887,0.0,0.0,0.0,1.0,6.2887,True,5188.4456
152776,74.13,13.89,fuel,ema_unlocked,False,4,375.28,13.89,0.0,0.0,5.3369,0.0,0.0,0.0,1.0,5.3369,True,2002.8463
152860,109.6,13.89,fuel,preseed,False,4,782.061,13.89,0.0,0.0,7.8906,0.0,0.0,0.0,1.0,7.8906,True,6170.9049
-152766#0,44.18,13.89,fuel,preseed,False,2,782.061,13.89,0.0,0.0,3.1807,0.0,0.0,0.0,1.0,3.1807,True,2487.5053
152766#1,31.24,13.89,fuel,preseed,False,1,782.061,13.89,0.0,0.0,2.2491,0.0,0.0,0.0,1.0,2.2491,True,1758.9331
152766#0,44.11,13.89,fuel,preseed,False,1,782.061,13.89,0.0,0.0,3.1757,0.0,0.0,0.0,1.0,3.1757,True,2483.564
152960#7,48.51,13.89,fuel,ema_unlocked,False,4,786.933,13.89,0.0,0.0,3.4924,0.0,0.0,0.0,1.0,3.4924,True,2748.3177
-152766#1,31.26,13.89,fuel,preseed,False,0,782.061,13.89,0.0,0.0,2.2505,0.0,0.0,0.0,1.0,2.2505,False,1760.0592
-152805#2,12.9,13.89,fuel,preseed,False,0,782.061,13.89,0.0,0.0,0.9287,0.0,0.0,0.0,1.0,0.9287,False,726.32
152784#0,24.67,13.89,fuel,preseed,False,1,782.061,13.89,0.0,0.0,1.7761,0.0,0.0,0.0,1.0,1.7761,True,1389.0166
-152767#0,142.73,13.89,fuel,ema_unlocked,False,4,1121.082,13.659,0.0003,0.0,10.4499,0.0,0.0,0.0,1.0,10.4499,True,11715.2006
152767#1,106.54,13.89,fuel,ema_unlocked,False,4,343.231,13.89,0.0,0.0,7.6703,0.0,0.0,0.0,1.0,7.6703,True,2632.6741
-152767#1,104.43,13.89,fuel,ema_unlocked,False,4,1287.511,13.89,0.0,0.0,7.5184,0.0,0.0,0.0,1.0,7.5184,True,9679.9714
-152780,100.55,13.89,fuel,ema_unlocked,False,5,1523.92,13.89,0.0,0.0,7.239,0.0,0.0,0.0,1.0,7.239,True,11031.6873
152767#2,37.46,13.89,fuel,ema_unlocked,False,8,1116.223,13.89,0.0,6877.575,2.6969,0.0,0.6423,0.0,6.1386,16.5552,True,3010.3455
-152769,163.95,13.89,fuel,preseed,False,2,810.201,13.89,0.0,0.0,11.8035,0.0,0.0,0.0,1.0,11.8035,True,9563.1761
152771,160.04,13.89,fuel,preseed,False,2,812.736,13.89,0.0,0.0,11.522,0.0,0.0,0.0,1.0,11.522,True,9364.3104
152946,37.8,13.89,fuel,preseed,False,2,817.562,13.659,0.001,0.0,2.7675,0.0,0.0,0.0,1.0,2.7675,True,2262.6098
-152773,35.93,13.89,fuel,preseed,False,1,782.061,13.89,0.0,0.0,2.5868,0.0,0.0,0.0,1.0,2.5868,True,2022.9983
152772,2.12,13.89,fuel,preseed,False,1,782.061,13.89,0.0,0.0,0.1526,0.0,0.0,0.0,1.0,0.1526,True,119.3642
-152859,27.3,13.89,fuel,preseed,False,0,782.061,13.89,0.0,0.0,1.9654,0.0,0.0,0.0,1.0,1.9654,False,1537.0958
152773,35.64,13.89,fuel,preseed,False,3,782.061,13.89,0.0,4578.53,2.5659,0.0,0.6408,0.0,6.1266,15.7201,True,2006.6702
152774,1.57,13.89,fuel,preseed,False,1,782.061,13.89,0.0,0.0,0.113,0.0,0.0,0.0,1.0,0.113,True,88.3971
152770,182.28,13.89,fuel,preseed,False,0,782.061,13.89,0.0,0.0,13.1231,0.0,0.0,0.0,1.0,13.1231,False,10263.0707
152775#0,91.79,13.89,fuel,ema_unlocked,False,10,1288.524,13.668,0.0003,11269.725,6.7157,0.0,0.1512,0.0,2.2094,14.8378,True,8653.336
152810#0,189.41,13.89,fuel,ema_unlocked,False,3,112.164,13.89,0.0,0.0,13.6364,0.0,0.0,0.0,1.0,13.6364,True,1529.5162
-152775#3,17.52,13.89,fuel,ema_unlocked,False,2,1918.97,13.89,0.0,0.0,1.2613,0.0,0.0,0.0,1.0,1.2613,True,2420.472
152775#4,30.77,13.89,fuel,ema_unlocked,False,6,2140.113,13.89,0.0,0.0,2.2153,0.0,0.0,0.0,1.0,2.2153,True,4740.9118
-152775#4,24.54,13.89,fuel,ema_unlocked,False,2,164.184,13.89,0.0,0.0,1.7667,0.0,0.0,0.0,1.0,1.7667,True,290.0711
152775#5,41.6,13.89,fuel,ema_unlocked,False,6,512.334,13.89,0.0,0.0,2.995,0.0,0.0,0.0,1.0,2.995,True,1534.4196
-152776,61.54,13.89,fuel,ema_unlocked,False,6,1112.983,13.89,0.0,5507.043,4.4305,0.0,0.0584,0.0,1.4672,6.5004,True,4931.098
152817#0,315.06,13.89,fuel,ema_unlocked,False,4,232.481,13.89,0.0,7650.556,22.6825,0.0,0.2254,0.0,2.8033,63.5859,True,5273.2435
-152777,398.1,13.89,fuel,ema_unlocked,False,4,796.304,13.877,0.0,28664.074,28.6869,0.0,0.1274,0.0,2.0192,57.9248,True,22843.5044
152382,36.35,13.89,fuel,preseed,False,2,870.559,13.89,0.0,0.0,2.617,0.0,0.0,0.0,1.0,2.617,True,2278.2436
152384,13.03,13.89,fuel,ema_unlocked,False,2,80.122,13.89,0.0,0.0,0.9381,0.0,0.0,0.0,1.0,0.9381,True,75.1616
152777,402.13,13.89,fuel,preseed,False,2,740.968,13.89,0.0,0.0,28.951,0.0,0.0,0.0,1.0,28.951,True,21451.8112
-152778,67.48,13.89,fuel,preseed,False,0,782.061,13.89,0.0,0.0,4.8582,0.0,0.0,0.0,1.0,4.8582,False,3799.3856
-153549#0,63.5,13.89,fuel,preseed,False,1,782.061,13.89,0.0,0.0,4.5716,0.0,0.0,0.0,1.0,4.5716,True,3575.2962
152778,76.15,13.89,fuel,preseed,False,0,782.061,13.89,0.0,0.0,5.4824,0.0,0.0,0.0,1.0,5.4824,False,4287.5402
153549#1,52.12,13.89,fuel,preseed,False,0,782.061,13.89,0.0,0.0,3.7523,0.0,0.0,0.0,1.0,3.7523,False,2934.5581
-152782,129.85,13.89,fuel,preseed,False,3,863.813,13.89,0.0,7863.483,9.3485,0.0,0.0,0.0,1.0,9.3485,True,8075.3173
153552#2,13.15,13.89,fuel,ema_unlocked,False,5,985.864,13.89,0.0,0.0,0.9467,0.0,0.0,0.0,1.0,0.9467,True,933.3414
-152801,15.63,13.89,fuel,preseed,False,2,860.721,13.659,0.0025,0.0,1.1443,0.0,0.0,0.0,1.0,1.1444,True,984.9591
152782,136.81,13.89,fuel,preseed,False,1,782.061,13.89,0.0,0.0,9.8495,0.0,0.0,0.0,1.0,9.8495,True,7702.9334
-152783#0,25.44,13.89,fuel,preseed,False,0,782.061,13.89,0.0,0.0,1.8315,0.0,0.0,0.0,1.0,1.8315,False,1432.3706
152783#1,27.2,13.89,fuel,preseed,False,0,782.061,13.89,0.0,0.0,1.9582,0.0,0.0,0.0,1.0,1.9582,False,1531.4655
152798,16.31,13.89,fuel,preseed,False,0,782.061,13.89,0.0,0.0,1.1742,0.0,0.0,0.0,1.0,1.1742,False,918.3162
-152805#1,17.97,13.89,fuel,preseed,False,0,782.061,13.89,0.0,0.0,1.2937,0.0,0.0,0.0,1.0,1.2937,False,1011.7807
152783#0,25.44,13.89,fuel,preseed,False,0,782.061,13.89,0.0,0.0,1.8315,0.0,0.0,0.0,1.0,1.8315,False,1432.3706
152805#2,12.9,13.89,fuel,preseed,False,0,782.061,13.89,0.0,0.0,0.9287,0.0,0.0,0.0,1.0,0.9287,False,726.32
-152784#0,24.67,13.89,fuel,preseed,False,0,782.061,13.89,0.0,0.0,1.7761,0.0,0.0,0.0,1.0,1.7761,False,1389.0166
-152798,16.31,13.89,fuel,preseed,False,0,782.061,13.89,0.0,0.0,1.1742,0.0,0.0,0.0,1.0,1.1742,False,918.3162
152784#1,29.91,13.89,fuel,preseed,False,1,782.061,13.89,0.0,0.0,2.1533,0.0,0.0,0.0,1.0,2.1533,True,1684.049
-152786,21.09,13.89,fuel,preseed,False,0,782.061,13.89,0.0,0.0,1.5184,0.0,0.0,0.0,1.0,1.5184,False,1187.4488
152786,20.61,13.89,fuel,preseed,False,0,782.061,13.89,0.0,0.0,1.4838,0.0,0.0,0.0,1.0,1.4838,False,1160.4229
152795#1,192.91,13.89,fuel,preseed,False,0,782.061,13.89,0.0,0.0,13.8884,0.0,0.0,0.0,1.0,13.8884,False,10861.5809
152808,59.54,13.89,fuel,preseed,False,5,450.788,13.89,0.0,0.0,4.2865,0.0,0.0,0.0,1.0,4.2865,True,1932.318
152824#0,28.34,13.89,fuel,ema_unlocked,False,5,1774.688,13.89,0.0,0.0,2.0403,0.0,0.0,0.0,1.0,2.0403,True,3620.9259
-152787#0,103.29,13.89,fuel,preseed,False,0,782.061,13.89,0.0,0.0,7.4363,0.0,0.0,0.0,1.0,7.4363,False,5815.6275
152787#1,158.85,13.89,fuel,preseed,False,2,782.061,13.89,0.0,0.0,11.4363,0.0,0.0,0.0,1.0,11.4363,True,8943.8709
152934,5.43,13.89,fuel,preseed,False,0,782.061,13.89,0.0,0.0,0.3909,0.0,0.0,0.0,1.0,0.3909,False,305.7301
-152810#2,40.52,13.89,fuel,ema_unlocked,False,10,2079.837,13.799,0.0007,10055.359,2.9365,0.0,0.3232,0.0,3.5855,10.5291,True,6107.5362
152787#0,108.38,13.89,fuel,preseed,False,2,782.061,13.89,0.0,0.0,7.8027,0.0,0.0,0.0,1.0,7.8027,True,6102.2142
152820,233.34,13.89,fuel,ema_unlocked,False,5,785.048,13.89,0.0,0.0,16.7991,0.0,0.0,0.0,1.0,16.7991,True,13188.1353
-152788,100.36,13.89,fuel,preseed,False,1,782.061,13.89,0.0,0.0,7.2253,0.0,0.0,0.0,1.0,7.2253,True,5650.6571
152806,8.23,13.89,fuel,preseed,False,1,782.061,13.89,0.0,0.0,0.5925,0.0,0.0,0.0,1.0,0.5925,True,463.3809
-152868,46.58,13.89,fuel,preseed,False,1,782.061,13.89,0.0,0.0,3.3535,0.0,0.0,0.0,1.0,3.3535,True,2622.6346
152935,87.41,13.89,fuel,preseed,False,1,782.061,13.89,0.0,0.0,6.293,0.0,0.0,0.0,1.0,6.293,True,4921.5219
152387,29.99,13.89,fuel,preseed,False,1,782.061,13.89,0.0,0.0,2.1591,0.0,0.0,0.0,1.0,2.1591,True,1688.5533
152468,7.18,13.89,fuel,ema_unlocked,False,2,625.522,13.89,0.0,0.0,0.5169,0.0,0.0,0.0,1.0,0.5169,True,323.3437
152789#0,56.96,13.89,fuel,preseed,False,3,782.061,13.89,0.0,0.0,4.1008,0.0,0.0,0.0,1.0,4.1008,True,3207.0688
-152789#1,237.67,13.89,fuel,preseed,False,2,782.061,13.89,0.0,0.0,17.1109,0.0,0.0,0.0,1.0,17.1109,True,13381.7425
152789#2,38.21,13.89,fuel,preseed,False,0,782.061,13.89,0.0,0.0,2.7509,0.0,0.0,0.0,1.0,2.7509,False,2151.3711
152828,64.34,13.89,fuel,preseed,False,0,782.061,13.89,0.0,0.0,4.6321,0.0,0.0,0.0,1.0,4.6321,False,3622.5914
-152789#4,69.32,13.89,fuel,preseed,False,0,782.061,13.89,0.0,0.0,4.9906,0.0,0.0,0.0,1.0,4.9906,False,3902.9848
-152934,5.42,13.89,fuel,preseed,False,0,782.061,13.89,0.0,0.0,0.3902,0.0,0.0,0.0,1.0,0.3902,False,305.167
153548#0,159.35,13.89,fuel,preseed,False,0,782.061,13.89,0.0,0.0,11.4723,0.0,0.0,0.0,1.0,11.4723,False,8972.0228
-152790,31.4,13.89,fuel,preseed,False,1,782.061,13.89,0.0,0.0,2.2606,0.0,0.0,0.0,1.0,2.2606,True,1767.9417
-152812#3,14.79,13.89,fuel,preseed,False,4,782.061,13.89,0.0,0.0,1.0648,0.0,0.0,0.0,1.0,1.0648,True,832.7343
152812#4,6.89,13.89,fuel,preseed,False,1,729.709,13.89,0.0,0.0,0.496,0.0,0.0,0.0,1.0,0.496,True,361.965
152829,30.95,13.89,fuel,preseed,False,0,782.061,13.89,0.0,0.0,2.2282,0.0,0.0,0.0,1.0,2.2282,False,1742.605
-152792#0,70.49,13.89,fuel,preseed,False,0,782.061,13.89,0.0,0.0,5.0749,0.0,0.0,0.0,1.0,5.0749,False,3968.8603
152792#1,54.02,13.89,fuel,preseed,False,2,520.648,13.89,0.0,0.0,3.8891,0.0,0.0,0.0,1.0,3.8891,True,2024.8676
-152823#3,122.49,13.89,fuel,preseed,False,0,782.061,13.89,0.0,0.0,8.8186,0.0,0.0,0.0,1.0,8.8186,False,6896.6619
152792#0,64.49,13.89,fuel,preseed,False,2,707.608,13.89,0.0,0.0,4.6429,0.0,0.0,0.0,1.0,4.6429,True,3285.3576
-152792#1,53.82,13.89,fuel,preseed,False,0,782.061,13.89,0.0,0.0,3.8747,0.0,0.0,0.0,1.0,3.8747,False,3030.2747
-152832#0,34.23,13.89,fuel,ema_unlocked,False,4,656.686,13.89,0.0,0.0,2.4644,0.0,0.0,0.0,1.0,2.4644,True,1618.3137
152832#1,99.51,13.89,fuel,preseed,False,2,782.061,13.89,0.0,0.0,7.1641,0.0,0.0,0.0,1.0,7.1641,True,5602.7988
-152795#1,189.97,13.89,fuel,ema_unlocked,False,9,445.544,13.659,0.0001,0.0,13.9086,0.0,0.0,0.0,1.0,13.9086,True,6196.8751
-152969#3,5.86,13.89,fuel,preseed,False,3,1102.969,13.89,0.0,0.0,0.4219,0.0,0.0,0.0,1.0,0.4219,True,465.3274
152987#0,109.21,13.89,fuel,preseed,False,1,702.532,13.89,0.0,0.0,7.8625,0.0,0.0,0.0,1.0,7.8625,True,5523.6507
-152796#0,33.11,13.89,fuel,preseed,False,1,670.372,13.89,0.0,0.0,2.3837,0.0,0.0,0.0,1.0,2.3837,True,1597.9849
152796#1,48.89,13.89,fuel,preseed,False,2,747.052,13.89,0.0,0.0,3.5198,0.0,0.0,0.0,1.0,3.5198,True,2629.4709
152796#0,34.56,13.89,fuel,preseed,False,2,865.184,13.89,0.0,0.0,2.4881,0.0,0.0,0.0,1.0,2.4881,True,2152.6822
-152796#1,53.36,13.89,fuel,preseed,False,1,686.379,13.89,0.0,0.0,3.8416,0.0,0.0,0.0,1.0,3.8416,True,2636.8014
-153549#1,51.86,13.89,fuel,preseed,False,1,782.061,13.89,0.0,0.0,3.7336,0.0,0.0,0.0,1.0,3.7336,True,2919.9191
153549#2,40.3,13.89,fuel,preseed,False,2,804.312,13.89,0.0,0.0,2.9014,0.0,0.0,0.0,1.0,2.9014,True,2333.6045
-152797#0,62.18,13.89,fuel,preseed,False,0,782.061,13.89,0.0,0.0,4.4766,0.0,0.0,0.0,1.0,4.4766,False,3500.9751
-152828,64.34,13.89,fuel,preseed,False,0,782.061,13.89,0.0,0.0,4.6321,0.0,0.0,0.0,1.0,4.6321,False,3622.5914
152797#1,61.42,13.89,fuel,preseed,False,0,782.061,13.89,0.0,0.0,4.4219,0.0,0.0,0.0,1.0,4.4219,False,3458.1841
152797#0,62.18,13.89,fuel,preseed,False,0,782.061,13.89,0.0,0.0,4.4766,0.0,0.0,0.0,1.0,4.4766,False,3500.9751
-152797#1,61.42,13.89,fuel,preseed,False,0,782.061,13.89,0.0,0.0,4.4219,0.0,0.0,0.0,1.0,4.4219,False,3458.1841
-152799,26.9,13.89,fuel,preseed,False,1,782.061,13.89,0.0,0.0,1.9366,0.0,0.0,0.0,1.0,1.9366,True,1514.5743
152803,19.66,13.89,fuel,preseed,False,2,775.185,13.89,0.0,0.0,1.4154,0.0,0.0,0.0,1.0,1.4154,True,1097.2027
-152814#8,24.68,13.89,fuel,ema_unlocked,False,2,620.978,13.89,0.0,0.0,1.7768,0.0,0.0,0.0,1.0,1.7768,True,1103.3649
152801,14.93,13.89,fuel,preseed,False,1,782.061,13.89,0.0,0.0,1.0749,0.0,0.0,0.0,1.0,1.0749,True,840.6169
152814#9,23.85,13.89,fuel,ema_unlocked,False,9,667.4,13.89,0.0,0.0,1.7171,0.0,0.0,0.0,1.0,1.7171,True,1145.967
-152803,19.66,13.89,fuel,preseed,False,1,782.061,13.89,0.0,0.0,1.4154,0.0,0.0,0.0,1.0,1.4154,True,1106.9342
-152806,8.22,13.89,fuel,preseed,False,1,782.061,13.89,0.0,0.0,0.5918,0.0,0.0,0.0,1.0,0.5918,True,462.8179
-152865,26.34,13.89,fuel,preseed,False,2,771.889,13.89,0.0,0.0,1.8963,0.0,0.0,0.0,1.0,1.8963,True,1463.7541
-152804,132.96,13.89,fuel,preseed,False,1,782.061,13.89,0.0,0.0,9.5724,0.0,0.0,0.0,1.0,9.5724,True,7486.1635
-152810#0,192.65,13.89,fuel,ema_unlocked,False,10,1579.939,13.437,0.0005,23149.95,14.3377,0.0,0.011,0.0,1.0878,15.5967,True,22652.6795
152810#1,125.1,13.89,fuel,ema_unlocked,False,2,98.922,13.89,0.0,0.0,9.0065,0.0,0.0,0.0,1.0,9.0065,True,890.9423
-152939#0,131.96,13.89,fuel,preseed,False,4,782.061,13.89,0.0,0.0,9.5004,0.0,0.0,0.0,1.0,9.5004,True,7429.8596
152939#1,16.17,13.89,fuel,preseed,False,0,782.061,13.89,0.0,0.0,1.1641,0.0,0.0,0.0,1.0,1.1641,False,910.4337
-152805#0,96.68,13.89,fuel,preseed,False,3,782.061,13.89,0.0,0.0,6.9604,0.0,0.0,0.0,1.0,6.9604,True,5443.4588
-152831#1,65.77,13.89,fuel,preseed,False,5,606.638,13.89,0.0,0.0,4.7351,0.0,0.0,0.0,1.0,4.7351,True,2872.4684
152805#1,17.97,13.89,fuel,preseed,False,0,782.061,13.89,0.0,0.0,1.2937,0.0,0.0,0.0,1.0,1.2937,False,1011.7807
152831#2,78.88,13.89,fuel,ema_unlocked,False,3,905.557,13.89,0.0,0.0,5.6789,0.0,0.0,0.0,1.0,5.6789,True,5142.5721
152805#0,96.58,13.89,fuel,preseed,False,0,782.061,13.89,0.0,0.0,6.9532,0.0,0.0,0.0,1.0,6.9532,False,5437.8284
152960#2,11.67,13.89,fuel,ema_unlocked,False,6,692.659,13.89,0.0,0.0,0.8402,0.0,0.0,0.0,1.0,0.8402,True,581.9531
-152807,68.8,13.89,fuel,preseed,False,2,890.247,13.89,0.0,0.0,4.9532,0.0,0.0,0.0,1.0,4.9532,True,4409.5723
-152945#1,68.5,13.89,fuel,preseed,False,3,766.578,13.89,0.0,0.0,4.9316,0.0,0.0,0.0,1.0,4.9316,True,3780.4615
152945#2,60.02,13.89,fuel,ema_unlocked,False,7,543.953,13.89,0.0,0.0,4.3211,0.0,0.0,0.0,1.0,4.3211,True,2350.4721
-152814#9,22.38,13.89,fuel,ema_unlocked,False,2,552.46,13.89,0.0,0.0,1.6112,0.0,0.0,0.0,1.0,1.6112,True,890.1404
152807,69.31,13.89,fuel,preseed,False,2,783.274,13.89,0.0,0.0,4.9899,0.0,0.0,0.0,1.0,4.9899,True,3908.4735
152814#10,107.91,13.89,fuel,ema_unlocked,False,10,188.536,13.89,0.0,0.0,7.7689,0.0,0.0,0.0,1.0,7.7689,True,1464.7195
-152809,41.43,13.89,fuel,preseed,False,0,782.061,13.89,0.0,0.0,2.9827,0.0,0.0,0.0,1.0,2.9827,False,2332.6696
-152821#1,13.92,13.89,fuel,ema_unlocked,False,2,577.069,13.659,0.0017,0.0,1.0191,0.0,0.0,0.0,1.0,1.0192,True,588.117
152821#2,43.51,13.89,fuel,preseed,False,2,782.061,13.89,0.0,0.0,3.1325,0.0,0.0,0.0,1.0,3.1325,True,2449.7817
152809,40.46,13.89,fuel,preseed,False,0,782.061,13.89,0.0,0.0,2.9129,0.0,0.0,0.0,1.0,2.9129,False,2278.0549
152824#1,62.27,13.89,fuel,ema_unlocked,False,5,232.614,13.89,0.0,0.0,4.4831,0.0,0.0,0.0,1.0,4.4831,True,1042.8296
-152810#1,126.63,13.89,fuel,ema_unlocked,False,10,1982.271,13.659,0.0001,19325.573,9.2711,0.0,0.0258,0.0,1.2063,11.1834,True,18377.9309
152810#2,41.32,13.89,fuel,ema_unlocked,False,3,397.342,13.89,0.0,1966.363,2.9748,0.0,0.3318,0.0,3.6543,10.8708,True,1182.0142
-152811,58.79,13.89,fuel,preseed,False,2,841.231,13.89,0.0,0.0,4.2325,0.0,0.0,0.0,1.0,4.2325,True,3560.5465
152816#5,153.6,13.89,fuel,ema_unlocked,False,10,702.305,13.89,0.0,0.0,11.0583,0.0,0.0,0.0,1.0,11.0583,True,7766.315
-152812#0,170.96,13.89,fuel,preseed,False,4,782.061,13.89,0.0,0.0,12.3081,0.0,0.0,0.0,1.0,12.3081,True,9625.7108
152812#1,55.76,13.89,fuel,preseed,False,1,651.003,13.89,0.0,0.0,4.0144,0.0,0.0,0.0,1.0,4.0144,True,2613.3862
-153441#0,157.93,13.89,fuel,preseed,False,2,782.061,13.89,0.0,0.0,11.3701,0.0,0.0,0.0,1.0,11.3701,True,8892.0713
153441#1,38.91,13.89,fuel,preseed,False,4,782.061,13.89,0.0,0.0,2.8013,0.0,0.0,0.0,1.0,2.8013,True,2190.7839
153443,166.59,13.89,fuel,preseed,False,1,782.355,13.89,0.0,0.0,11.9935,0.0,0.0,0.0,1.0,11.9935,True,9383.1875
153447,101.17,13.89,fuel,preseed,False,0,782.061,13.89,0.0,0.0,7.2837,0.0,0.0,0.0,1.0,7.2837,False,5696.2632
-152812#1,57.62,13.89,fuel,preseed,False,4,782.061,13.89,0.0,0.0,4.1483,0.0,0.0,0.0,1.0,4.1483,True,3244.2294
152812#2,88.74,13.89,fuel,preseed,False,1,813.104,13.89,0.0,0.0,6.3888,0.0,0.0,0.0,1.0,6.3888,True,5194.7328
-152812#2,76.75,13.89,fuel,preseed,False,4,782.061,13.89,0.0,0.0,5.5256,0.0,0.0,0.0,1.0,5.5256,True,4321.3226
152812#3,14.79,13.89,fuel,preseed,False,1,782.061,13.89,0.0,0.0,1.0648,0.0,0.0,0.0,1.0,1.0648,True,832.7343
-152812#4,6.89,13.89,fuel,preseed,False,4,782.061,13.89,0.0,0.0,0.496,0.0,0.0,0.0,1.0,0.496,True,387.9337
-153437,152.44,13.89,fuel,preseed,False,0,782.061,13.89,0.0,0.0,10.9748,0.0,0.0,0.0,1.0,10.9748,False,8582.963
152812#5,84.66,13.89,fuel,preseed,False,1,745.112,13.89,0.0,0.0,6.095,0.0,0.0,0.0,1.0,6.095,True,4541.4825
-152812#5,94.56,13.89,fuel,preseed,False,4,782.061,13.89,0.0,0.0,6.8078,0.0,0.0,0.0,1.0,6.8078,True,5324.0946
-152814#7,45.91,13.89,fuel,ema_unlocked,False,2,1010.661,13.906,0.0009,3792.114,3.3015,0.0,0.0682,0.0,1.546,5.104,True,3336.6719
152814#8,21.02,13.89,fuel,ema_unlocked,False,8,365.419,13.89,0.0,603.624,1.5133,0.0,0.0458,0.0,1.3662,2.0675,True,552.9955
-152814#0,149.27,13.89,fuel,ema_unlocked,False,4,1154.084,13.89,0.0,0.0,10.7466,0.0,0.0,0.0,1.0,10.7466,True,12402.4568
-152896,54.59,13.89,fuel,preseed,False,0,782.061,13.89,0.0,0.0,3.9302,0.0,0.0,0.0,1.0,3.9302,False,3073.6286
152814#1,27.1,13.89,fuel,ema_unlocked,False,8,425.451,13.89,0.0,1274.789,1.951,0.0,0.2679,0.0,3.143,6.1321,True,830.0744
152814#0,165.87,13.89,fuel,ema_unlocked,False,8,800.083,13.89,0.0,0.0,11.9417,0.0,0.0,0.0,1.0,11.9417,True,9554.336
152989,83.85,13.89,fuel,ema_unlocked,False,4,1340.73,13.89,0.0,0.0,6.0367,0.0,0.0,0.0,1.0,6.0367,True,8093.6057
-152814#1,28.48,13.89,fuel,ema_unlocked,False,3,597.605,13.89,0.0,0.0,2.0504,0.0,0.0,0.0,1.0,2.0504,True,1225.326
152896,40.34,13.89,fuel,preseed,False,1,805.673,13.89,0.0,0.0,2.9042,0.0,0.0,0.0,1.0,2.9042,True,2339.8739
152814#2,150.22,13.89,fuel,ema_unlocked,False,7,320.945,13.89,0.0,0.0,10.815,0.0,0.0,0.0,1.0,10.815,True,3471.0095
-152814#10,119.18,13.89,fuel,ema_unlocked,False,5,1219.256,13.839,0.0002,11713.54,8.612,0.0,0.0578,0.0,1.4622,12.5923,True,10500.2897
-152945#2,56.94,13.89,fuel,preseed,False,5,878.891,13.89,0.0,0.0,4.0994,0.0,0.0,0.0,1.0,4.0994,True,3602.8854
152814#11,129.73,13.89,fuel,ema_unlocked,False,10,341.141,13.659,0.0002,0.0,9.4981,0.0,0.0,0.0,1.0,9.4981,True,3240.1994
-152814#11,100.12,13.89,fuel,ema_unlocked,False,6,1170.082,13.89,0.0,0.0,7.2081,0.0,0.0,0.0,1.0,7.2081,True,8434.0275
-152814#2,155.67,13.89,fuel,ema_unlocked,False,3,1383.318,13.89,0.0,0.0,11.2073,0.0,0.0,0.0,1.0,11.2073,True,15503.3244
-152836#6,111.3,13.89,fuel,preseed,False,1,782.061,13.659,0.0002,0.0,8.1488,0.0,0.0,0.0,1.0,8.1488,True,6372.8354
152814#3,108.5,13.89,fuel,ema_unlocked,False,7,415.317,13.89,0.0,0.0,7.8114,0.0,0.0,0.0,1.0,7.8114,True,3244.1957
-152814#3,109.33,13.89,fuel,ema_unlocked,False,2,1068.105,13.89,0.0,0.0,7.8711,0.0,0.0,0.0,1.0,7.8711,True,8407.1965
152814#4,161.69,13.89,fuel,ema_unlocked,False,7,450.455,13.89,0.0,5676.137,11.6407,0.0,0.0412,0.0,1.3299,15.4814,True,5243.6321
-152814#4,163.38,13.89,fuel,ema_unlocked,False,2,977.122,13.89,0.0,0.0,11.7624,0.0,0.0,0.0,1.0,11.7624,True,11493.3209
152814#5,26.69,13.89,fuel,ema_unlocked,False,7,97.939,13.89,0.0,307.252,1.9215,0.0,0.3163,0.0,3.5306,6.7841,True,188.1932
-152814#5,25.01,13.89,fuel,ema_unlocked,False,2,1463.764,13.89,0.0,2934.991,1.8006,0.0,0.0568,0.0,1.4543,2.6187,True,2635.6186
152814#6,125.43,13.89,fuel,ema_unlocked,False,7,255.42,13.89,0.0,3000.242,9.0302,0.0,0.1504,0.0,2.2031,19.8946,True,2306.4999
-152814#6,121.83,13.89,fuel,ema_unlocked,False,2,1261.694,13.89,0.0,0.0,8.7711,0.0,0.0,0.0,1.0,8.7711,True,11066.3917
152814#7,41.27,13.89,fuel,ema_unlocked,False,7,414.886,13.89,0.0,0.0,2.9712,0.0,0.0,0.0,1.0,2.9712,True,1232.7117
-152817#0,314.05,13.89,fuel,ema_unlocked,False,6,1192.41,13.89,0.0,0.0,22.6098,0.0,0.0,0.0,1.0,22.6098,True,26960.1445
152817#1,10.36,13.89,fuel,ema_unlocked,False,4,401.599,13.89,0.0,492.26,0.7459,0.0,0.3217,0.0,3.5736,2.6654,True,299.5365
-152817#1,10.36,13.89,fuel,ema_unlocked,False,6,490.275,13.89,0.0,0.0,0.7459,0.0,0.0,0.0,1.0,0.7459,True,365.6763
152817#2,270.6,13.89,fuel,ema_unlocked,False,4,274.438,13.89,0.0,0.0,19.4816,0.0,0.0,0.0,1.0,19.4816,True,5346.5067
-152817#2,273.0,13.89,fuel,ema_unlocked,False,6,1130.624,13.89,0.0,24967.08,19.6544,0.0,0.0618,0.0,1.4942,29.367,True,22221.7589
152817#3,31.42,13.89,fuel,ema_unlocked,False,4,141.904,13.89,0.0,0.0,2.2621,0.0,0.0,0.0,1.0,2.2621,True,320.9963
-152817#3,32.26,13.89,fuel,ema_unlocked,False,6,1752.222,13.78,0.0011,7501.877,2.3412,0.0,0.4144,0.0,4.3149,10.1019,True,4102.2247
152959#5,2.6,13.89,fuel,ema_unlocked,False,4,649.153,13.659,0.0092,0.0,0.1904,0.0,0.0,0.0,1.0,0.1904,True,123.5711
-152821#0,45.99,13.89,fuel,ema_unlocked,False,2,165.725,13.659,0.0006,0.0,3.3671,0.0,0.0,0.0,1.0,3.3671,True,558.0167
152821#1,13.92,13.89,fuel,preseed,False,2,782.061,13.89,0.0,0.0,1.0022,0.0,0.0,0.0,1.0,1.0022,True,783.75
152826,197.92,13.89,fuel,preseed,False,1,787.297,13.89,0.0,0.0,14.2491,0.0,0.0,0.0,1.0,14.2491,True,11218.2716
152821#0,44.56,13.89,fuel,ema_unlocked,False,3,1342.589,13.89,0.0,0.0,3.2081,0.0,0.0,0.0,1.0,3.2081,True,4307.1116
-152821#2,42.2,13.89,fuel,ema_unlocked,False,2,1740.436,13.89,0.0,0.0,3.0382,0.0,0.0,0.0,1.0,3.0382,True,5287.7185
152959#4,6.71,13.89,fuel,ema_unlocked,False,5,493.269,13.89,0.0,1468.045,0.4831,0.0,1.0,0.0,9.0,4.3477,True,238.2891
-152822,60.59,13.89,fuel,preseed,False,0,782.061,13.89,0.0,0.0,4.3621,0.0,0.0,0.0,1.0,4.3621,False,3411.4519
-152843#0,258.7,13.89,fuel,preseed,False,0,782.061,13.89,0.0,0.0,18.6249,0.0,0.0,0.0,1.0,18.6249,False,14565.813
152843#2,126.83,13.89,fuel,preseed,False,0,782.061,13.89,0.0,0.0,9.131,0.0,0.0,0.0,1.0,9.131,False,7141.0207
153063#0,29.59,13.89,fuel,preseed,False,0,782.061,13.89,0.0,0.0,2.1303,0.0,0.0,0.0,1.0,2.1303,False,1666.0317
152822,59.8,13.89,fuel,preseed,False,0,782.061,13.89,0.0,0.0,4.3053,0.0,0.0,0.0,1.0,4.3053,False,3366.9718
-152823#0,9.82,13.89,fuel,preseed,False,1,692.577,13.89,0.0,0.0,0.707,0.0,0.0,0.0,1.0,0.707,True,489.6402
152823#1,128.41,13.89,fuel,preseed,False,0,782.061,13.89,0.0,0.0,9.2448,0.0,0.0,0.0,1.0,9.2448,False,7229.9809
-152832#3,7.89,13.89,fuel,ema_unlocked,False,3,891.336,13.89,0.0,1546.055,0.568,0.0,1.0,0.0,9.0,5.1123,True,506.3099
152823#0,9.82,13.89,fuel,preseed,False,0,782.061,13.89,0.0,0.0,0.707,0.0,0.0,0.0,1.0,0.707,False,552.9041
152832#4,111.45,13.89,fuel,preseed,False,2,782.061,13.89,0.0,0.0,8.0238,0.0,0.0,0.0,1.0,8.0238,True,6275.0671
-152823#1,127.66,13.89,fuel,preseed,False,1,786.372,13.89,0.0,0.0,9.1908,0.0,0.0,0.0,1.0,9.1908,True,7227.3803
152823#2,32.81,13.89,fuel,preseed,False,0,782.061,13.89,0.0,0.0,2.3621,0.0,0.0,0.0,1.0,2.3621,False,1847.3302
-152823#2,28.13,13.89,fuel,preseed,False,1,809.623,13.89,0.0,0.0,2.0252,0.0,0.0,0.0,1.0,2.0252,True,1639.6471
152823#3,105.81,13.89,fuel,preseed,False,0,782.061,13.89,0.0,0.0,7.6177,0.0,0.0,0.0,1.0,7.6177,False,5957.5132
-152825#0,109.57,13.89,fuel,preseed,False,1,782.061,13.89,0.0,0.0,7.8884,0.0,0.0,0.0,1.0,7.8884,True,6169.2158
152825#1,45.2,13.89,fuel,preseed,False,2,814.474,13.89,0.0,0.0,3.2541,0.0,0.0,0.0,1.0,3.2541,True,2650.4115
-153549#2,41.97,13.89,fuel,preseed,False,1,782.061,13.89,0.0,0.0,3.0216,0.0,0.0,0.0,1.0,3.0216,True,2363.0737
152825#0,110.55,13.89,fuel,preseed,False,2,714.038,13.89,0.0,0.0,7.959,0.0,0.0,0.0,1.0,7.959,True,5682.9993
-152825#1,42.18,13.89,fuel,preseed,False,1,782.061,13.89,0.0,0.0,3.0367,0.0,0.0,0.0,1.0,3.0367,True,2374.8975
-153273#2,78.98,13.89,fuel,preseed,False,1,805.717,13.89,0.0,0.0,5.6861,0.0,0.0,0.0,1.0,5.6861,True,4581.3929
152960#10,5.71,13.89,fuel,ema_unlocked,False,4,699.871,13.89,0.0,0.0,0.4111,0.0,0.0,0.0,1.0,0.4111,True,287.7079
-152830#0,127.07,13.89,fuel,preseed,False,2,782.061,13.89,0.0,0.0,9.1483,0.0,0.0,0.0,1.0,9.1483,True,7154.5337
152830#1,41.86,13.89,fuel,preseed,False,0,782.061,13.89,0.0,0.0,3.0137,0.0,0.0,0.0,1.0,3.0137,False,2356.8803
-153441#1,31.72,13.89,fuel,preseed,False,2,782.061,13.659,0.0025,0.0,2.3224,0.0,0.0,0.0,1.0,2.3224,True,1816.2295
153441#2,231.29,13.89,fuel,preseed,False,3,782.061,13.89,0.0,0.0,16.6515,0.0,0.0,0.0,1.0,16.6515,True,13022.5237
153446,123.15,13.89,fuel,preseed,False,0,782.061,13.89,0.0,0.0,8.8661,0.0,0.0,0.0,1.0,8.8661,False,6933.8225
-152830#1,43.39,13.89,fuel,preseed,False,1,782.061,13.89,0.0,0.0,3.1238,0.0,0.0,0.0,1.0,3.1238,True,2443.0252
152830#2,75.86,13.89,fuel,preseed,False,0,782.061,13.89,0.0,0.0,5.4615,0.0,0.0,0.0,1.0,5.4615,False,4271.2121
-152830#2,80.1,13.89,fuel,preseed,False,1,782.061,13.89,0.0,0.0,5.7667,0.0,0.0,0.0,1.0,5.7667,True,4509.9406
-152836#4,86.41,13.89,fuel,preseed,False,2,858.716,13.89,0.0,0.0,6.221,0.0,0.0,0.0,1.0,6.221,True,5342.0945
152836#5,87.72,13.89,fuel,preseed,False,1,673.869,13.89,0.0,0.0,6.3153,0.0,0.0,0.0,1.0,6.3153,True,4255.7085
152816#4,94.08,13.89,fuel,ema_unlocked,False,10,794.389,13.659,0.0005,0.0,6.888,0.0,0.0,0.0,1.0,6.888,True,5471.7652
152831#0,44.56,13.89,fuel,ema_unlocked,False,2,1862.616,13.89,0.0,10486.593,3.2081,0.0,0.3775,0.0,4.0199,12.896,True,5975.389
-152987#1,12.3,13.89,fuel,ema_unlocked,False,4,638.386,13.89,0.0,0.0,0.8855,0.0,0.0,0.0,1.0,0.8855,True,565.3097
152832#0,31.41,13.89,fuel,preseed,False,1,782.061,13.89,0.0,0.0,2.2613,0.0,0.0,0.0,1.0,2.2613,True,1768.5048
152987#2,115.72,13.89,fuel,preseed,False,1,660.967,13.89,0.0,0.0,8.3312,0.0,0.0,0.0,1.0,8.3312,True,5506.6266
-152832#1,101.75,13.89,fuel,ema_unlocked,False,3,836.539,13.89,0.0,0.0,7.3254,0.0,0.0,0.0,1.0,7.3254,True,6127.9912
152832#2,106.13,13.89,fuel,preseed,False,2,782.061,13.89,0.0,0.0,7.6407,0.0,0.0,0.0,1.0,7.6407,True,5975.5305
-152832#2,125.54,13.89,fuel,ema_unlocked,False,3,968.427,13.89,0.0,0.0,9.0382,0.0,0.0,0.0,1.0,9.0382,True,8752.7907
152832#3,12.92,13.89,fuel,preseed,False,0,782.061,13.89,0.0,0.0,0.9302,0.0,0.0,0.0,1.0,0.9302,False,727.4461
-152832#4,109.22,13.89,fuel,ema_unlocked,False,6,126.685,13.89,0.0,0.0,7.8632,0.0,0.0,0.0,1.0,7.8632,True,996.1535
152832#5,154.0,13.89,fuel,preseed,False,1,782.061,13.89,0.0,0.0,11.0871,0.0,0.0,0.0,1.0,11.0871,True,8670.7971
-152832#5,164.41,13.89,fuel,ema_unlocked,False,5,312.64,13.659,0.0,0.0,12.0372,0.0,0.0,0.0,1.0,12.0372,True,3763.3088
152832#6,51.36,13.89,fuel,preseed,False,1,782.061,13.89,0.0,0.0,3.6976,0.0,0.0,0.0,1.0,3.6976,True,2891.7671
-152832#6,43.52,13.89,fuel,ema_unlocked,False,5,1512.484,13.89,0.0,0.0,3.1332,0.0,0.0,0.0,1.0,3.1332,True,4738.8988
-152870#3,117.19,13.89,fuel,ema_unlocked,False,9,457.017,13.89,0.0002,4066.351,8.4371,0.0,0.0273,0.0,1.2183,10.279,True,3855.9154
152870#4,226.58,13.89,fuel,preseed,False,4,774.32,13.89,0.0,0.0,16.3125,0.0,0.0,0.0,1.0,16.3125,True,12631.064
-152833#0,125.74,13.89,fuel,preseed,False,0,782.061,13.89,0.0,0.0,9.0526,0.0,0.0,0.0,1.0,9.0526,False,7079.6495
152833#1,49.2,13.89,fuel,preseed,False,0,782.061,13.89,0.0,0.0,3.5421,0.0,0.0,0.0,1.0,3.5421,False,2770.1508
152833#0,123.62,13.89,fuel,preseed,False,0,782.061,13.89,0.0,0.0,8.8999,0.0,0.0,0.0,1.0,8.8999,False,6960.2853
-152833#1,49.86,13.89,fuel,preseed,False,0,782.061,13.89,0.0,0.0,3.5896,0.0,0.0,0.0,1.0,3.5896,False,2807.3113
-152835#0,25.85,13.89,fuel,preseed,False,0,782.061,13.89,0.0,0.0,1.8611,0.0,0.0,0.0,1.0,1.8611,False,1455.4552
152835#1,451.02,13.89,fuel,preseed,False,0,782.061,13.89,0.0,0.0,32.4708,0.0,0.0,0.0,1.0,32.4708,False,25394.1746
-152834,273.97,13.89,fuel,preseed,False,0,782.061,13.89,0.0,0.0,19.7243,0.0,0.0,0.0,1.0,19.7243,False,15425.5732
-153327#13,24.53,13.89,fuel,preseed,False,0,782.061,13.89,0.0,0.0,1.766,0.0,0.0,0.0,1.0,1.766,False,1381.1341
152834,266.28,13.89,fuel,preseed,False,0,782.061,13.89,0.0,0.0,19.1706,0.0,0.0,0.0,1.0,19.1706,False,14992.5964
153327#14,49.8,13.89,fuel,preseed,False,0,782.061,13.89,0.0,0.0,3.5853,0.0,0.0,0.0,1.0,3.5853,False,2803.9331
-153335#6,191.38,13.89,fuel,preseed,False,3,782.061,13.89,0.0,0.0,13.7783,0.0,0.0,0.0,1.0,13.7783,True,10775.436
152835#0,25.47,13.89,fuel,preseed,False,0,782.061,13.89,0.0,0.0,1.8337,0.0,0.0,0.0,1.0,1.8337,False,1434.0597
153335#7,624.49,13.89,fuel,preseed,False,0,782.061,13.89,0.0,0.0,44.9597,0.0,0.0,0.0,1.0,44.9597,False,35161.2082
-152835#1,449.31,13.89,fuel,preseed,False,0,782.061,13.89,0.0,0.0,32.3477,0.0,0.0,0.0,1.0,32.3477,False,25297.895
-153071#0,41.69,13.89,fuel,preseed,False,0,782.061,13.89,0.0,0.0,3.0014,0.0,0.0,0.0,1.0,3.0014,False,2347.3086
153071#1,78.86,13.89,fuel,preseed,False,0,782.061,13.89,0.0,0.0,5.6775,0.0,0.0,0.0,1.0,5.6775,False,4440.1237
-152836#0,98.94,13.89,fuel,preseed,False,2,845.91,13.89,0.0,0.0,7.1231,0.0,0.0,0.0,1.0,7.1231,True,6025.5067
152836#1,12.35,13.89,fuel,preseed,False,0,782.061,13.89,0.0,0.0,0.8891,0.0,0.0,0.0,1.0,0.8891,False,695.3529
-153444#4,174.73,13.89,fuel,preseed,False,3,865.661,13.89,0.0,0.0,12.5796,0.0,0.0,0.0,1.0,12.5796,True,10889.631
152836#0,107.51,13.89,fuel,preseed,False,1,782.061,13.89,0.0,0.0,7.7401,0.0,0.0,0.0,1.0,7.7401,True,6053.2298
153444#5,24.59,13.89,fuel,preseed,False,1,782.061,13.89,0.0,0.0,1.7703,0.0,0.0,0.0,1.0,1.7703,True,1384.5123
-152836#3,137.91,13.89,fuel,preseed,False,2,813.235,13.89,0.0,0.0,9.9287,0.0,0.0,0.0,1.0,9.9287,True,8074.3898
152836#4,78.8,13.89,fuel,preseed,False,2,782.061,13.89,0.0,0.0,5.6731,0.0,0.0,0.0,1.0,5.6731,True,4436.7455
-152836#5,96.67,13.89,fuel,preseed,False,1,782.061,13.89,0.0,0.0,6.9597,0.0,0.0,0.0,1.0,6.9597,True,5442.8958
152836#6,116.87,13.89,fuel,preseed,False,1,714.852,13.89,0.0,0.0,8.414,0.0,0.0,0.0,1.0,8.414,True,6014.7435
-152837,242.15,13.89,fuel,preseed,False,0,782.061,13.89,0.0,0.0,17.4334,0.0,0.0,0.0,1.0,17.4334,False,13633.9838
-153335#5,69.0,13.89,fuel,preseed,False,3,782.061,13.89,0.0,0.0,4.9676,0.0,0.0,0.0,1.0,4.9676,True,3884.9675
152837,244.31,13.89,fuel,preseed,False,0,782.061,13.89,0.0,0.0,17.5889,0.0,0.0,0.0,1.0,17.5889,False,13755.6002
153335#6,221.03,13.89,fuel,preseed,False,0,782.061,13.89,0.0,0.0,15.9129,0.0,0.0,0.0,1.0,15.9129,False,12444.8459
-152839,121.34,13.89,fuel,preseed,False,0,782.061,13.89,0.0,0.0,8.7358,0.0,0.0,0.0,1.0,8.7358,False,6831.9124
-152979#0,179.79,13.89,fuel,preseed,False,0,782.061,13.89,0.0,0.0,12.9438,0.0,0.0,0.0,1.0,12.9438,False,10122.8741
152839,119.78,13.89,fuel,preseed,False,0,782.061,13.89,0.0,0.0,8.6235,0.0,0.0,0.0,1.0,8.6235,False,6744.0784
-152840,6.31,13.89,fuel,preseed,False,0,782.061,13.89,0.0,0.0,0.4543,0.0,0.0,0.0,1.0,0.4543,False,355.2775
-153427#7,38.49,13.89,fuel,preseed,False,3,933.522,13.89,0.0,0.0,2.7711,0.0,0.0,0.0,1.0,2.7711,True,2586.8436
152841#0,206.07,13.89,fuel,preseed,False,0,782.061,13.89,0.0,0.0,14.8359,0.0,0.0,0.0,1.0,14.8359,False,11602.5399
-152841#1,302.06,13.89,fuel,preseed,False,1,741.021,13.89,0.0,0.0,21.7466,0.0,0.0,0.0,1.0,21.7466,True,16114.6688
-153427#5,93.13,13.89,fuel,preseed,False,2,801.634,13.89,0.0,0.0,6.7048,0.0,0.0,0.0,1.0,6.7048,True,5374.813
153427#6,108.47,13.89,fuel,preseed,False,0,782.061,13.89,0.0,0.0,7.8092,0.0,0.0,0.0,1.0,7.8092,False,6107.2815
-152842,315.43,13.89,fuel,preseed,False,2,800.256,13.89,0.0,0.0,22.7091,0.0,0.0,0.0,1.0,22.7091,True,18173.129
-153427#4,211.95,13.89,fuel,preseed,False,0,782.061,13.89,0.0,0.0,15.2592,0.0,0.0,0.0,1.0,15.2592,False,11933.6067
153427#5,88.71,13.89,fuel,preseed,False,0,782.061,13.89,0.0,0.0,6.3866,0.0,0.0,0.0,1.0,6.3866,False,4994.7169
152842,320.14,13.89,fuel,preseed,False,0,782.061,13.89,0.0,0.0,23.0482,0.0,0.0,0.0,1.0,23.0482,False,18025.1232
152843#0,265.4,13.89,fuel,preseed,False,0,782.061,13.89,0.0,0.0,19.1073,0.0,0.0,0.0,1.0,19.1073,False,14943.049
-152843#2,127.95,13.89,fuel,preseed,False,0,782.061,13.89,0.0,0.0,9.2117,0.0,0.0,0.0,1.0,9.2117,False,7204.0811
-153427#2,232.55,13.89,fuel,preseed,False,0,782.061,13.89,0.0,0.0,16.7423,0.0,0.0,0.0,1.0,16.7423,False,13093.4666
153427#3,85.67,13.89,fuel,preseed,False,0,782.061,13.89,0.0,0.0,6.1677,0.0,0.0,0.0,1.0,6.1677,False,4823.5531
-152844,77.11,13.89,fuel,preseed,False,0,782.061,13.89,0.0,0.0,5.5515,0.0,0.0,0.0,1.0,5.5515,False,4341.592
-152845,88.62,13.89,fuel,preseed,False,0,782.061,13.89,0.0,0.0,6.3801,0.0,0.0,0.0,1.0,6.3801,False,4989.6496
-153427#6,104.24,13.89,fuel,preseed,False,3,826.087,13.89,0.0,0.0,7.5047,0.0,0.0,0.0,1.0,7.5047,True,6199.5149
152961,82.95,13.89,fuel,preseed,False,0,782.061,13.89,0.0,0.0,5.9719,0.0,0.0,0.0,1.0,5.9719,False,4670.4066
153427#7,41.83,13.89,fuel,preseed,False,0,782.061,13.89,0.0,0.0,3.0115,0.0,0.0,0.0,1.0,3.0115,False,2355.1912
-152846,238.87,13.89,fuel,preseed,False,0,782.061,13.89,0.0,0.0,17.1973,0.0,0.0,0.0,1.0,17.1973,False,13449.3071
-152854#0,25.83,13.89,fuel,preseed,False,0,782.061,13.89,0.0,0.0,1.8596,0.0,0.0,0.0,1.0,1.8596,False,1454.3291
152854#1,71.4,13.89,fuel,preseed,False,2,782.061,13.89,0.0,0.0,5.1404,0.0,0.0,0.0,1.0,5.1404,True,4020.0968
152846,228.72,13.89,fuel,preseed,False,0,782.061,13.89,0.0,0.0,16.4665,0.0,0.0,0.0,1.0,16.4665,False,12877.8228
-152847,465.66,13.89,fuel,preseed,False,0,782.061,13.89,0.0,0.0,33.5248,0.0,0.0,0.0,1.0,33.5248,False,26218.4634
-153456#3,25.61,13.89,fuel,ema_unlocked,False,4,5600.401,13.89,0.0,0.0,1.8438,0.0,0.0,0.0,1.0,1.8438,True,10325.8644
152847,454.99,13.89,fuel,preseed,False,0,782.061,13.89,0.0,0.0,32.7567,0.0,0.0,0.0,1.0,32.7567,False,25617.701
152852,100.44,13.89,fuel,preseed,False,0,782.061,13.89,0.0,0.0,7.2311,0.0,0.0,0.0,1.0,7.2311,False,5655.1614
153456#4,366.06,13.89,fuel,ema_unlocked,False,2,20.034,13.659,0.0002,0.0,26.8009,0.0,0.0,0.0,1.0,26.8009,True,536.9285
-152848,143.44,13.89,fuel,preseed,False,0,782.061,13.89,0.0,0.0,10.3269,0.0,0.0,0.0,1.0,10.3269,False,8076.2281
-152851#0,93.49,13.89,fuel,preseed,False,0,782.061,13.89,0.0,0.0,6.7307,0.0,0.0,0.0,1.0,6.7307,False,5263.8495
152848,137.25,13.89,fuel,preseed,False,0,782.061,13.89,0.0,0.0,9.8812,0.0,0.0,0.0,1.0,9.8812,False,7727.7071
152851#1,102.98,13.89,fuel,preseed,False,0,782.061,13.89,0.0,0.0,7.414,0.0,0.0,0.0,1.0,7.414,False,5798.1733
-152849,105.77,13.89,fuel,preseed,False,0,782.061,13.89,0.0,0.0,7.6148,0.0,0.0,0.0,1.0,7.6148,False,5955.2611
-153007#0,676.01,13.89,fuel,preseed,False,0,782.061,13.89,0.0,0.0,48.6688,0.0,0.0,0.0,1.0,48.6688,False,38061.9839
152849,119.49,13.89,fuel,preseed,False,0,782.061,13.89,0.0,0.0,8.6026,0.0,0.0,0.0,1.0,8.6026,False,6727.7503
153007#2,97.52,13.89,fuel,preseed,False,1,782.061,13.89,0.0,0.0,7.0209,0.0,0.0,0.0,1.0,7.0209,True,5490.7541
153052,160.73,13.89,fuel,preseed,False,0,782.061,13.89,0.0,0.0,11.5716,0.0,0.0,0.0,1.0,11.5716,False,9049.7222
-152850,82.77,13.89,fuel,preseed,False,0,782.061,13.89,0.0,0.0,5.959,0.0,0.0,0.0,1.0,5.959,False,4660.2719
-153007#3,150.68,13.89,fuel,preseed,False,0,782.061,13.89,0.0,0.0,10.8481,0.0,0.0,0.0,1.0,10.8481,False,8483.8682
153007#4,42.5,13.89,fuel,preseed,False,1,782.061,13.89,0.0,0.0,3.0598,0.0,0.0,0.0,1.0,3.0598,True,2392.9148
152850,82.36,13.89,fuel,preseed,False,0,782.061,13.89,0.0,0.0,5.9294,0.0,0.0,0.0,1.0,5.9294,False,4637.1873
152851#0,96.89,13.89,fuel,preseed,False,0,782.061,13.89,0.0,0.0,6.9755,0.0,0.0,0.0,1.0,6.9755,False,5455.2826
-152851#1,106.74,13.89,fuel,preseed,False,0,782.061,13.89,0.0,0.0,7.6847,0.0,0.0,0.0,1.0,7.6847,False,6009.8758
152851#2,203.77,13.89,fuel,preseed,False,0,782.061,13.89,0.0,0.0,14.6703,0.0,0.0,0.0,1.0,14.6703,False,11473.041
152981,465.36,13.89,fuel,preseed,False,0,782.061,13.89,0.0,0.0,33.5032,0.0,0.0,0.0,1.0,33.5032,False,26201.5722
-152851#2,199.41,13.89,fuel,preseed,False,0,782.061,13.89,0.0,0.0,14.3564,0.0,0.0,0.0,1.0,14.3564,False,11227.5561
-152931#1,190.74,13.89,fuel,preseed,False,1,782.061,13.89,0.0,0.0,13.7322,0.0,0.0,0.0,1.0,13.7322,True,10739.4015
152931#2,46.01,13.89,fuel,preseed,False,0,782.061,13.89,0.0,0.0,3.3125,0.0,0.0,0.0,1.0,3.3125,False,2590.5414
-152852,113.08,13.89,fuel,preseed,False,0,782.061,13.89,0.0,0.0,8.1411,0.0,0.0,0.0,1.0,8.1411,False,6366.8424
-152853,131.53,13.89,fuel,preseed,False,0,782.061,13.89,0.0,0.0,9.4694,0.0,0.0,0.0,1.0,9.4694,False,7405.6489
-153007#2,97.59,13.89,fuel,preseed,False,0,782.061,13.89,0.0,0.0,7.0259,0.0,0.0,0.0,1.0,7.0259,False,5494.6954
152853,129.14,13.89,fuel,preseed,False,0,782.061,13.89,0.0,0.0,9.2973,0.0,0.0,0.0,1.0,9.2973,False,7271.0827
153007#3,148.74,13.89,fuel,preseed,False,1,782.061,13.89,0.0,0.0,10.7084,0.0,0.0,0.0,1.0,10.7084,True,8374.6387
-153456#5,148.29,13.89,fuel,ema_unlocked,False,4,1973.801,13.85,0.0003,24172.039,10.7072,0.0,0.0719,0.0,1.575,16.8643,True,21133.8007
152854#0,26.85,13.89,fuel,preseed,False,2,782.061,13.89,0.0,0.0,1.933,0.0,0.0,0.0,1.0,1.933,True,1511.7591
153456#6,51.7,13.89,fuel,ema_unlocked,False,2,36.463,13.89,0.0,226.209,3.7221,0.0,0.3334,0.0,3.667,13.6489,True,135.719
-152854#1,66.82,13.89,fuel,preseed,False,0,782.061,13.89,0.0,0.0,4.8107,0.0,0.0,0.0,1.0,4.8107,False,3762.2251
-152856,265.45,13.89,fuel,preseed,False,0,782.061,13.89,0.0,0.0,19.1109,0.0,0.0,0.0,1.0,19.1109,False,14945.8642
-152911#0,27.14,13.89,fuel,preseed,False,0,782.061,13.89,0.0,0.0,1.9539,0.0,0.0,0.0,1.0,1.9539,False,1528.0872
152856,265.49,13.89,fuel,preseed,False,0,782.061,13.89,0.0,0.0,19.1138,0.0,0.0,0.0,1.0,19.1138,False,14948.1163
152911#1,415.31,13.89,fuel,preseed,False,0,782.061,13.89,0.0,0.0,29.8999,0.0,0.0,0.0,1.0,29.8999,False,23383.5632
-152857,63.98,13.89,fuel,preseed,False,1,808.411,13.89,0.0,0.0,4.6062,0.0,0.0,0.0,1.0,4.6062,True,3723.6941
152137#3,5.39,13.89,fuel,ema_unlocked,False,3,1565.651,13.89,0.0,2170.084,0.388,0.0,1.0,0.0,9.0,3.4924,True,607.5493
-152876,75.1,13.89,fuel,preseed,False,0,782.061,13.89,0.0,0.0,5.4068,0.0,0.0,0.0,1.0,5.4068,False,4228.4212
152859,27.32,13.89,fuel,preseed,False,2,782.061,13.89,0.0,0.0,1.9669,0.0,0.0,0.0,1.0,1.9669,True,1538.2219
-152860,109.93,13.89,fuel,preseed,False,1,744.685,13.89,0.0,0.0,7.9143,0.0,0.0,0.0,1.0,7.9143,True,5893.6816
152862,71.22,13.89,fuel,preseed,False,4,782.061,13.89,0.0,0.0,5.1274,0.0,0.0,0.0,1.0,5.1274,True,4009.9621
-152861,71.61,13.89,fuel,preseed,False,1,760.362,13.89,0.0,0.0,5.1555,0.0,0.0,0.0,1.0,5.1555,True,3920.053
-152889,79.95,13.89,fuel,preseed,False,4,782.061,13.89,0.0,5202.137,5.7559,0.0,0.0778,0.0,1.6226,9.3395,True,4501.495
-152863,90.7,13.89,fuel,preseed,False,1,782.061,13.89,0.0,0.0,6.5299,0.0,0.0,0.0,1.0,6.5299,True,5106.7616
152868,50.26,13.89,fuel,preseed,False,1,782.061,13.89,0.0,0.0,3.6184,0.0,0.0,0.0,1.0,3.6184,True,2829.8329
-152869,9.59,13.89,fuel,preseed,False,0,782.061,13.89,0.0,0.0,0.6904,0.0,0.0,0.0,1.0,0.6904,False,539.9542
152863,83.56,13.89,fuel,preseed,False,1,782.061,13.89,0.0,0.0,6.0158,0.0,0.0,0.0,1.0,6.0158,True,4704.752
-152864,6.32,13.89,fuel,preseed,False,0,782.061,13.89,0.0,0.0,0.455,0.0,0.0,0.0,1.0,0.455,False,355.8405
-152947,9.69,13.89,fuel,preseed,False,1,782.061,13.789,0.0035,0.0,0.7027,0.0,0.0,0.0,1.0,0.7027,True,549.578
152865,26.5,13.89,fuel,preseed,False,2,782.061,13.89,0.0,0.0,1.9078,0.0,0.0,0.0,1.0,1.9078,True,1492.0527
152866,17.84,13.89,fuel,preseed,False,0,782.061,13.89,0.0,0.0,1.2844,0.0,0.0,0.0,1.0,1.2844,False,1004.4612
152885,17.5,13.89,fuel,preseed,False,3,782.061,13.89,0.0,1051.704,1.2599,0.0,0.0337,0.0,1.2695,1.5994,True,985.3178
152889,80.44,13.89,fuel,preseed,False,1,782.061,13.89,0.0,0.0,5.7912,0.0,0.0,0.0,1.0,5.7912,True,4529.0839
-152867,8.11,13.89,fuel,preseed,False,0,782.061,13.89,0.0,0.0,0.5839,0.0,0.0,0.0,1.0,0.5839,False,456.6244
152867,8.76,13.89,fuel,preseed,False,1,782.061,13.89,0.0,0.0,0.6307,0.0,0.0,0.0,1.0,0.6307,True,493.222
152888,4.58,13.89,fuel,preseed,False,2,767.649,13.89,0.0,0.0,0.3297,0.0,0.0,0.0,1.0,0.3297,True,253.1196
152947,9.69,13.89,fuel,preseed,False,0,782.061,13.89,0.0,0.0,0.6976,0.0,0.0,0.0,1.0,0.6976,False,545.5846
-152877,9.82,13.89,fuel,preseed,False,0,782.061,13.89,0.0,0.0,0.707,0.0,0.0,0.0,1.0,0.707,False,552.9041
152869,9.77,13.89,fuel,preseed,False,1,782.061,13.89,0.0,0.0,0.7034,0.0,0.0,0.0,1.0,0.7034,True,550.0889
-152870#0,82.61,13.89,fuel,ema_unlocked,False,7,138.599,13.89,0.0,0.0,5.9474,0.0,0.0,0.0,1.0,5.9474,True,824.3074
152870#1,56.8,13.89,fuel,ema_unlocked,False,4,303.958,13.89,0.0,0.0,4.0893,0.0,0.0,0.0,1.0,4.0893,True,1242.9682
152870#0,83.55,13.89,fuel,ema_unlocked,False,5,2105.592,13.89,0.0,0.0,6.0151,0.0,0.0,0.0,1.0,6.0151,True,12665.3869
153552#3,16.42,13.89,fuel,ema_unlocked,False,7,759.028,13.89,0.0,0.0,1.1821,0.0,0.0,0.0,1.0,1.1821,True,897.2817
-152870#1,55.98,13.89,fuel,ema_unlocked,False,8,1461.606,13.89,0.0,8199.378,4.0302,0.0,0.196,0.0,2.5678,10.3486,True,5890.6214
152870#2,42.16,13.89,fuel,preseed,False,3,787.98,13.89,0.0,0.0,3.0353,0.0,0.0,0.0,1.0,3.0353,True,2391.7383
-152870#2,44.05,13.89,fuel,ema_unlocked,False,9,375.906,13.89,0.0,0.0,3.1713,0.0,0.0,0.0,1.0,3.1713,True,1192.1273
152870#3,116.43,13.89,fuel,preseed,False,3,783.216,13.89,0.0,0.0,8.3823,0.0,0.0,0.0,1.0,8.3823,True,6565.1451
-152870#4,221.94,13.89,fuel,ema_unlocked,False,9,593.688,13.877,0.0006,9749.122,15.9932,0.0,0.0134,0.0,1.1071,17.7057,True,9494.9451
152870#5,181.0,13.89,fuel,preseed,False,4,662.306,13.89,0.0,0.0,13.031,0.0,0.0,0.0,1.0,13.031,True,8630.4848
-152871,27.37,13.89,fuel,preseed,False,0,782.061,13.89,0.0,0.0,1.9705,0.0,0.0,0.0,1.0,1.9705,False,1541.0371
-152872,100.86,13.89,fuel,preseed,False,0,782.061,13.89,0.0,0.0,7.2613,0.0,0.0,0.0,1.0,7.2613,False,5678.809
-153559#4,26.02,13.89,fuel,preseed,False,0,782.061,13.89,0.0,0.0,1.8733,0.0,0.0,0.0,1.0,1.8733,False,1465.0269
152872,90.52,13.89,fuel,preseed,False,0,782.061,13.89,0.0,0.0,6.5169,0.0,0.0,0.0,1.0,6.5169,False,5096.6269
-152873#0,24.86,13.89,fuel,preseed,False,1,782.866,13.89,0.0,0.0,1.7898,0.0,0.0,0.0,1.0,1.7898,True,1401.155
-152894#1,12.26,13.89,fuel,preseed,False,1,782.995,13.89,0.0,0.0,0.8826,0.0,0.0,0.0,1.0,0.8826,True,691.1102
152873#1,69.45,13.89,fuel,preseed,False,1,782.061,13.89,0.0,0.0,5.0,0.0,0.0,0.0,1.0,5.0,True,3910.3043
-152886#1,215.15,13.89,fuel,preseed,False,0,782.061,13.89,0.0,0.0,15.4896,0.0,0.0,0.0,1.0,15.4896,False,12113.7791
152873#0,26.67,13.89,fuel,preseed,False,2,681.818,13.89,0.0,0.0,1.9201,0.0,0.0,0.0,1.0,1.9201,True,1309.1489
152983,98.06,13.89,fuel,preseed,False,1,703.528,13.89,0.0,0.0,7.0598,0.0,0.0,0.0,1.0,7.0598,True,4966.7364
-152888,4.58,13.89,fuel,preseed,False,0,782.061,13.89,0.0,0.0,0.3297,0.0,0.0,0.0,1.0,0.3297,False,257.8718
152876,75.48,13.89,fuel,preseed,False,2,894.947,13.89,0.0,0.0,5.4341,0.0,0.0,0.0,1.0,5.4341,True,4863.2561
-152880#2,10.77,13.89,fuel,preseed,False,0,782.061,13.89,0.0,0.0,0.7754,0.0,0.0,0.0,1.0,0.7754,False,606.3928
152877,10.77,13.89,fuel,preseed,False,1,782.061,13.89,0.0,0.0,0.7754,0.0,0.0,0.0,1.0,0.7754,True,606.3928
-152878,51.17,13.89,fuel,preseed,False,3,824.999,13.781,0.0015,9265.773,3.713,0.0,1.0,0.0,9.0,33.4174,True,3063.2577
-153559#3,134.51,13.89,fuel,preseed,False,1,799.362,13.89,0.0,0.0,9.6839,0.0,0.0,0.0,1.0,9.6839,True,7740.9799
153559#4,26.02,13.89,fuel,preseed,False,0,782.061,13.89,0.0,0.0,1.8733,0.0,0.0,0.0,1.0,1.8733,False,1465.0269
-152883#0,108.29,13.89,fuel,preseed,False,2,782.061,13.89,0.0,6348.147,7.7963,0.0,0.0206,0.0,1.1647,9.08,True,6097.1468
152878,50.99,13.89,fuel,preseed,False,1,814.603,13.89,0.0,0.0,3.671,0.0,0.0,0.0,1.0,3.671,True,2990.398
152883#1,31.14,13.89,fuel,ema_unlocked,False,4,522.215,13.89,0.0,0.0,2.2419,0.0,0.0,0.0,1.0,2.2419,True,1170.7546
-152880#0,56.85,13.89,fuel,preseed,False,1,782.061,13.89,0.0,0.0,4.0929,0.0,0.0,0.0,1.0,4.0929,True,3200.8754
152880#1,4.33,13.89,fuel,preseed,False,1,782.061,13.89,0.0,0.0,0.3117,0.0,0.0,0.0,1.0,0.3117,True,243.7958
-152882,48.8,13.89,fuel,preseed,False,1,782.061,13.89,0.0,0.0,3.5133,0.0,0.0,0.0,1.0,3.5133,True,2747.6292
152942,57.1,13.89,fuel,preseed,False,1,782.061,13.89,0.0,0.0,4.1109,0.0,0.0,0.0,1.0,4.1109,True,3214.9514
-152880#1,6.79,13.89,fuel,preseed,False,0,782.061,13.89,0.0,0.0,0.4888,0.0,0.0,0.0,1.0,0.4888,False,382.3033
152880#2,10.77,13.89,fuel,preseed,False,1,782.061,13.89,0.0,0.0,0.7754,0.0,0.0,0.0,1.0,0.7754,True,606.3928
-152881,39.77,13.89,fuel,preseed,False,1,782.061,13.89,0.0,0.0,2.8632,0.0,0.0,0.0,1.0,2.8632,True,2239.2052
152882,47.02,13.89,fuel,preseed,False,1,782.061,13.89,0.0,0.0,3.3852,0.0,0.0,0.0,1.0,3.3852,True,2647.4083
-152884#1,47.35,13.89,fuel,preseed,False,1,782.061,13.89,0.0,0.0,3.4089,0.0,0.0,0.0,1.0,3.4089,True,2665.9886
152881,35.15,13.89,fuel,preseed,False,0,782.061,13.89,0.0,0.0,2.5306,0.0,0.0,0.0,1.0,2.5306,False,1979.0813
152883#0,106.1,13.89,fuel,preseed,False,2,669.304,13.89,0.0,0.0,7.6386,0.0,0.0,0.0,1.0,7.6386,True,5112.5398
152975#1,10.03,13.89,fuel,ema_unlocked,False,5,3569.024,13.89,0.0,0.0,0.7221,0.0,0.0,0.0,1.0,0.7221,True,2577.2005
-152883#1,31.14,13.89,fuel,preseed,False,1,886.437,13.89,0.0,0.0,2.2419,0.0,0.0,0.0,1.0,2.2419,True,1987.3031
152883#2,4.72,13.89,fuel,preseed,False,3,576.744,13.89,0.0,0.0,0.3398,0.0,0.0,0.0,1.0,0.3398,True,195.9849
-152883#2,7.71,13.89,fuel,preseed,False,1,814.546,13.89,0.0,0.0,0.5551,0.0,0.0,0.0,1.0,0.5551,True,452.1345
152874#5,1.54,13.89,fuel,ema_unlocked,False,4,426.459,13.89,0.0,0.0,0.1109,0.0,0.0,0.0,1.0,0.1109,True,47.282
-152885,17.5,13.89,fuel,preseed,False,1,782.061,13.89,0.0,0.0,1.2599,0.0,0.0,0.0,1.0,1.2599,True,985.3178
152884#0,25.11,13.89,fuel,preseed,False,3,782.061,13.89,0.0,0.0,1.8078,0.0,0.0,0.0,1.0,1.8078,True,1413.7904
-152886#0,132.53,13.89,fuel,preseed,False,3,787.316,13.89,0.0,0.0,9.5414,0.0,0.0,0.0,1.0,9.5414,True,7512.0986
152886#1,205.47,13.89,fuel,preseed,False,0,782.061,13.89,0.0,0.0,14.7927,0.0,0.0,0.0,1.0,14.7927,False,11568.7576
152966#0,23.35,13.89,fuel,preseed,False,0,782.061,13.659,0.0017,0.0,1.7096,0.0,0.0,0.0,1.0,1.7096,False,1336.9785
152886#0,126.75,13.89,fuel,preseed,False,0,782.061,13.89,0.0,0.0,9.1253,0.0,0.0,0.0,1.0,9.1253,False,7136.5164
152975#4,12.36,13.89,fuel,preseed,False,3,924.981,13.89,0.0,0.0,0.8898,0.0,0.0,0.0,1.0,0.8898,True,823.093
-152887#0,69.91,13.89,fuel,preseed,False,2,764.97,13.89,0.0,0.0,5.0331,0.0,0.0,0.0,1.0,5.0331,True,3850.185
152887#1,19.34,13.89,fuel,preseed,False,1,775.259,13.89,0.0,0.0,1.3924,0.0,0.0,0.0,1.0,1.3924,True,1079.4469
152898#0,22.71,13.89,fuel,preseed,False,3,885.624,13.89,0.0,0.0,1.635,0.0,0.0,0.0,1.0,1.635,True,1447.985
152974,71.63,13.89,fuel,preseed,False,1,825.355,13.89,0.0,0.0,5.1569,0.0,0.0,0.0,1.0,5.1569,True,4256.3125
153560,24.94,13.89,fuel,preseed,False,1,837.528,13.89,0.0,0.0,1.7955,0.0,0.0,0.0,1.0,1.7955,True,1503.8122
-152887#1,20.09,13.89,fuel,preseed,False,2,712.322,13.89,0.0,0.0,1.4464,0.0,0.0,0.0,1.0,1.4464,True,1030.2769
-153558,229.74,13.89,fuel,ema_unlocked,False,4,629.903,13.89,0.0,0.0,16.54,0.0,0.0,0.0,1.0,16.54,True,10418.5616
152887#2,16.28,13.89,fuel,preseed,False,0,782.061,13.89,0.0,0.0,1.1721,0.0,0.0,0.0,1.0,1.1721,False,916.6271
-152887#2,6.95,13.89,fuel,preseed,False,3,782.061,13.89,0.0,0.0,0.5004,0.0,0.0,0.0,1.0,0.5004,True,391.3119
-152900#0,80.56,13.89,fuel,preseed,False,3,782.061,13.89,0.0,0.0,5.7999,0.0,0.0,0.0,1.0,5.7999,True,4535.8403
152900#1,56.03,13.89,fuel,preseed,False,5,621.605,13.89,0.0,0.0,4.0338,0.0,0.0,0.0,1.0,4.0338,True,2507.4541
-152890,79.4,13.89,fuel,preseed,False,0,782.061,13.89,0.0,0.0,5.7163,0.0,0.0,0.0,1.0,5.7163,False,4470.5278
-152901#0,119.56,13.89,fuel,ema_unlocked,False,4,328.25,13.659,0.0002,4180.656,8.7535,0.0,0.2275,0.0,2.8199,24.6842,True,2873.346
152890,83.34,13.89,fuel,preseed,False,0,782.061,13.89,0.0,0.0,6.0,0.0,0.0,0.0,1.0,6.0,False,4692.3651
152901#1,110.7,13.89,fuel,ema_unlocked,False,5,1395.299,13.89,0.0,11788.895,7.9698,0.0,0.0301,0.0,1.2405,9.8868,True,11120.1993
-152891#0,194.07,13.89,fuel,preseed,False,2,782.061,13.89,0.0,0.0,13.9719,0.0,0.0,0.0,1.0,13.9719,True,10926.8934
152891#1,34.23,13.89,fuel,preseed,False,1,782.061,13.89,0.0,563.025,2.4644,0.0,0.0,0.0,1.0,2.4644,True,1927.2817
-152891#1,30.18,13.89,fuel,preseed,False,2,782.061,13.89,0.0,0.0,2.1728,0.0,0.0,0.0,1.0,2.1728,True,1699.251
152399#0,18.34,13.89,fuel,ema_unlocked,False,3,458.391,13.513,0.0042,2407.491,1.3573,0.0,1.0,0.0,9.0,12.2153,True,622.1541
-152892#0,30.39,13.89,fuel,preseed,False,2,782.061,13.89,0.0,0.0,2.1879,0.0,0.0,0.0,1.0,2.1879,True,1711.0748
152892#1,174.5,13.89,fuel,preseed,False,1,782.061,13.89,0.0,0.0,12.563,0.0,0.0,0.0,1.0,12.563,True,9825.0265
-152893#0,50.54,13.89,fuel,preseed,False,0,782.061,13.89,0.0,0.0,3.6386,0.0,0.0,0.0,1.0,3.6386,False,2845.5979
152893#1,9.33,13.89,fuel,preseed,False,0,782.061,13.89,0.0,0.0,0.6717,0.0,0.0,0.0,1.0,0.6717,False,525.3152
153643,45.13,13.89,fuel,preseed,False,0,782.061,13.89,0.0,0.0,3.2491,0.0,0.0,0.0,1.0,3.2491,False,2540.994
-153453#1,168.93,13.89,fuel,preseed,False,0,782.061,13.89,0.0,0.0,12.162,0.0,0.0,0.0,1.0,12.162,False,9511.4139
153450,37.2,13.89,fuel,preseed,False,0,782.061,13.89,0.0,0.0,2.6782,0.0,0.0,0.0,1.0,2.6782,False,2094.5042
153453#2,58.22,13.89,fuel,preseed,False,0,782.061,13.89,0.0,0.0,4.1915,0.0,0.0,0.0,1.0,4.1915,False,3278.0117
-152893#1,9.33,13.89,fuel,preseed,False,0,782.061,13.89,0.0,0.0,0.6717,0.0,0.0,0.0,1.0,0.6717,False,525.3152
-153476#2,32.76,13.89,fuel,preseed,False,3,782.061,13.89,0.0,0.0,2.3585,0.0,0.0,0.0,1.0,2.3585,True,1844.515
153476#3,16.14,13.89,fuel,ema_unlocked,False,6,771.417,13.89,0.0015,781.83,1.162,0.0,0.0,0.0,1.0,1.162,True,896.4051
-152894#0,141.05,13.89,fuel,preseed,False,1,817.999,13.89,0.0,0.0,10.1548,0.0,0.0,0.0,1.0,10.1548,True,8306.6099
152894#1,11.75,13.89,fuel,preseed,False,0,782.061,13.89,0.0,0.0,0.8459,0.0,0.0,0.0,1.0,0.8459,False,661.5706
152911#0,27.21,13.89,fuel,preseed,False,0,782.061,13.89,0.0,0.0,1.959,0.0,0.0,0.0,1.0,1.959,False,1532.0285
152894#0,143.78,13.89,fuel,preseed,False,0,782.061,13.89,0.0,0.0,10.3513,0.0,0.0,0.0,1.0,10.3513,False,8095.3714
-152895#0,51.85,13.89,fuel,preseed,False,0,782.061,13.89,0.0,0.0,3.7329,0.0,0.0,0.0,1.0,3.7329,False,2919.356
-153476#0,40.38,13.89,fuel,preseed,False,4,948.853,13.89,0.0,1248.156,2.9071,0.0,0.0,0.0,1.0,2.9071,True,2758.4363
152895#1,4.46,13.89,fuel,preseed,False,1,782.061,13.89,0.0,0.0,0.3211,0.0,0.0,0.0,1.0,0.3211,True,251.1153
153476#1,42.56,13.89,fuel,ema_unlocked,False,6,1217.414,13.89,0.0,0.0,3.0641,0.0,0.0,0.0,1.0,3.0641,True,3730.2479
152895#0,50.23,13.89,fuel,preseed,False,0,782.061,13.89,0.0,0.0,3.6163,0.0,0.0,0.0,1.0,3.6163,False,2828.1437
-152897#0,25.94,13.89,fuel,preseed,False,0,782.061,13.89,0.0,0.0,1.8675,0.0,0.0,0.0,1.0,1.8675,False,1460.5226
152897#1,9.2,13.89,fuel,preseed,False,0,782.061,13.89,0.0,0.0,0.6623,0.0,0.0,0.0,1.0,0.6623,False,517.9957
-152902#7,1.24,13.89,fuel,preseed,False,0,782.061,13.89,0.0,0.0,0.0893,0.0,0.0,0.0,1.0,0.0893,False,69.8168
152897#0,22.62,13.89,fuel,preseed,False,0,782.061,13.89,0.0,0.0,1.6285,0.0,0.0,0.0,1.0,1.6285,False,1273.5937
152902#8,34.2,13.89,fuel,preseed,False,0,782.061,13.89,0.0,0.0,2.4622,0.0,0.0,0.0,1.0,2.4622,False,1925.5926
-152897#1,9.2,13.89,fuel,preseed,False,0,782.061,13.89,0.0,0.0,0.6623,0.0,0.0,0.0,1.0,0.6623,False,517.9957
152897#2,45.74,13.89,fuel,preseed,False,0,782.061,13.89,0.0,0.0,3.293,0.0,0.0,0.0,1.0,3.293,False,2575.3393
-152897#2,46.72,13.89,fuel,preseed,False,0,782.061,13.89,0.0,0.0,3.3636,0.0,0.0,0.0,1.0,3.3636,False,2630.5171
-152898#0,22.71,13.89,fuel,preseed,False,1,764.443,13.89,0.0,0.0,1.635,0.0,0.0,0.0,1.0,1.635,True,1249.8556
-153559#2,42.09,13.89,fuel,preseed,False,1,782.061,13.89,0.0,0.0,3.0302,0.0,0.0,0.0,1.0,3.0302,True,2369.8302
152898#1,104.46,13.89,fuel,preseed,False,3,810.206,13.659,0.0002,0.0,7.648,0.0,0.0,0.0,1.0,7.648,True,6196.4434
153559#3,134.47,13.89,fuel,preseed,False,3,786.691,13.89,0.0,0.0,9.6811,0.0,0.0,0.0,1.0,9.6811,True,7616.0101
-152898#1,114.03,13.89,fuel,preseed,False,2,692.515,13.89,0.0,0.0,8.2095,0.0,0.0,0.0,1.0,8.2095,True,5685.2064
152898#2,180.99,13.89,fuel,ema_unlocked,False,3,828.091,13.659,0.0002,13756.466,13.2511,0.0,0.1268,0.0,2.0146,26.6958,True,10973.111
-152899#0,67.62,13.89,fuel,ema_unlocked,False,4,153.774,13.89,0.0,0.0,4.8683,0.0,0.0,0.0,1.0,4.8683,True,748.6082
152899#1,178.56,13.89,fuel,ema_unlocked,False,10,1412.069,13.89,0.0,0.0,12.8553,0.0,0.0,0.0,1.0,12.8553,True,18152.5637
152402#0,7.81,13.89,fuel,ema_unlocked,False,4,307.076,13.89,0.0,1305.791,0.5623,0.0,1.0,0.0,9.0,5.0605,True,172.6612
152899#0,62.92,13.89,fuel,ema_unlocked,False,10,1801.288,13.82,0.0006,11528.596,4.5527,0.0,0.2029,0.0,2.6232,11.9426,True,8200.7609
-152899#1,178.79,13.89,fuel,ema_unlocked,False,4,267.798,13.89,0.0,0.0,12.8719,0.0,0.0,0.0,1.0,12.8719,True,3447.0558
152899#2,185.02,13.89,fuel,ema_unlocked,False,10,1378.71,13.908,0.0004,18179.461,13.3034,0.0,0.0,0.0,1.0,13.3034,True,18341.5777
153006#0,447.5,13.89,fuel,preseed,False,2,834.604,13.89,0.0,0.0,32.2174,0.0,0.0,0.0,1.0,32.2174,True,26888.7925
152900#0,83.88,13.89,fuel,preseed,False,5,898.594,13.89,0.0,0.0,6.0389,0.0,0.0,0.0,1.0,6.0389,True,5426.4972
152975#3,12.67,13.89,fuel,preseed,False,4,782.061,13.659,0.003,0.0,0.9276,0.0,0.0,0.0,1.0,0.9276,True,725.4611
-152900#1,57.26,13.89,fuel,preseed,False,5,782.061,13.89,0.0,0.0,4.1224,0.0,0.0,0.0,1.0,4.1224,True,3223.96
152982#4,8.98,13.89,fuel,ema_unlocked,False,7,88.317,13.89,0.0,641.59,0.6465,0.0,1.0,0.0,9.0,5.8186,True,57.0977
152901#0,120.88,13.89,fuel,ema_unlocked,False,5,1538.781,13.89,0.0,0.0,8.7027,0.0,0.0,0.0,1.0,8.7027,True,13391.4902
-152901#1,117.73,13.89,fuel,ema_unlocked,False,4,150.881,13.89,0.0,0.0,8.4759,0.0,0.0,0.0,1.0,8.4759,True,1278.8456
152320,1741.47,27.78,fuel,ema_unlocked,False,1,1491.736,27.78,0.0,0.0,62.6879,0.0,0.0,0.0,1.0,62.6879,True,93513.8292
152988,83.94,13.89,fuel,ema_unlocked,False,8,827.005,13.89,0.0,7252.265,6.0432,0.0,0.2256,0.0,2.8044,16.9477,True,4997.753
-152902#0,101.75,13.89,fuel,preseed,False,0,782.061,13.89,0.0,0.0,7.3254,0.0,0.0,0.0,1.0,7.3254,False,5728.9195
152902#1,28.58,13.89,fuel,preseed,False,0,782.061,13.89,0.0,0.0,2.0576,0.0,0.0,0.0,1.0,2.0576,False,1609.1648
152902#0,103.71,13.89,fuel,preseed,False,0,782.061,13.89,0.0,0.0,7.4665,0.0,0.0,0.0,1.0,7.4665,False,5839.2751
-152902#1,26.7,13.89,fuel,preseed,False,0,782.061,13.89,0.0,0.0,1.9222,0.0,0.0,0.0,1.0,1.9222,False,1503.3135
152902#2,95.11,13.89,fuel,preseed,False,0,782.061,13.89,0.0,0.0,6.8474,0.0,0.0,0.0,1.0,6.8474,False,5355.0617
-152902#2,98.08,13.89,fuel,preseed,False,0,782.061,13.89,0.0,0.0,7.0612,0.0,0.0,0.0,1.0,7.0612,False,5522.2843
152902#3,62.4,13.89,fuel,preseed,False,0,782.061,13.89,0.0,0.0,4.4924,0.0,0.0,0.0,1.0,4.4924,False,3513.3619
-152902#3,62.12,13.89,fuel,preseed,False,0,782.061,13.89,0.0,0.0,4.4723,0.0,0.0,0.0,1.0,4.4723,False,3497.5968
152902#4,15.0,13.89,fuel,preseed,False,0,782.061,13.89,0.0,0.0,1.0799,0.0,0.0,0.0,1.0,1.0799,False,844.5582
-152902#4,15.0,13.89,fuel,preseed,False,0,782.061,13.89,0.0,0.0,1.0799,0.0,0.0,0.0,1.0,1.0799,False,844.5582
152902#5,39.38,13.89,fuel,preseed,False,0,782.061,13.89,0.0,0.0,2.8351,0.0,0.0,0.0,1.0,2.8351,False,2217.2467
-152902#5,40.97,13.89,fuel,preseed,False,0,782.061,13.89,0.0,0.0,2.9496,0.0,0.0,0.0,1.0,2.9496,False,2306.7698
152902#6,74.69,13.89,fuel,preseed,False,0,782.061,13.89,0.0,0.0,5.3772,0.0,0.0,0.0,1.0,5.3772,False,4205.3366
-152902#6,71.39,13.89,fuel,preseed,False,0,782.061,13.89,0.0,0.0,5.1397,0.0,0.0,0.0,1.0,5.1397,False,4019.5338
152902#7,1.24,13.89,fuel,preseed,False,0,782.061,13.89,0.0,0.0,0.0893,0.0,0.0,0.0,1.0,0.0893,False,69.8168
-152902#8,34.52,13.89,fuel,preseed,False,0,782.061,13.89,0.0,0.0,2.4852,0.0,0.0,0.0,1.0,2.4852,False,1943.6098
-152903,3311.94,13.89,fuel,preseed,False,1,782.061,13.89,0.0,0.0,238.4406,0.0,0.0,0.0,1.0,238.4406,True,186475.0625
-153477#0,123.44,13.89,fuel,ema_unlocked,False,10,459.767,13.89,0.0,0.0,8.887,0.0,0.0,0.0,1.0,8.887,True,4085.9394
153477#1,657.61,13.89,fuel,ema_unlocked,False,9,1064.184,13.387,0.0004,57108.332,49.1213,0.0,0.0462,0.0,1.3699,67.2919,True,52274.153
-153458#0,1634.36,13.89,fuel,ema_unlocked,False,4,1290.069,13.89,0.0,0.0,117.6645,0.0,0.0,0.0,1.0,117.6645,True,151795.3073
152903,3303.9,13.89,fuel,preseed,False,1,704.642,13.659,0.0,49088.59,241.8933,0.0,0.0,0.0,1.0,241.8933,True,170448.2378
153458#1,273.67,13.89,fuel,ema_unlocked,False,1,286.12,13.89,0.0,0.0,19.7027,0.0,0.0,0.0,1.0,19.7027,True,5637.3282
-152904#0,65.77,13.89,fuel,preseed,False,0,782.061,13.89,0.0,0.0,4.7351,0.0,0.0,0.0,1.0,4.7351,False,3703.106
-153455#1,74.56,13.89,fuel,preseed,False,0,782.061,13.89,0.0,0.0,5.3679,0.0,0.0,0.0,1.0,5.3679,False,4198.0171
152904#1,5.23,13.89,fuel,preseed,False,1,801.845,13.89,0.0,0.0,0.3765,0.0,0.0,0.0,1.0,0.3765,True,301.9187
-152904#1,5.23,13.89,fuel,preseed,False,0,782.061,13.89,0.0,0.0,0.3765,0.0,0.0,0.0,1.0,0.3765,False,294.4693
152904#2,205.73,13.89,fuel,preseed,False,0,782.061,13.89,0.0,0.0,14.8114,0.0,0.0,0.0,1.0,14.8114,False,11583.3966
152906,82.81,13.89,fuel,preseed,False,1,827.081,13.659,0.0,0.0,6.0629,0.0,0.0,0.0,1.0,6.0629,True,5014.4998
-152904#2,198.82,13.89,fuel,preseed,False,0,782.061,13.89,0.0,0.0,14.3139,0.0,0.0,0.0,1.0,14.3139,False,11194.3368
-152905,100.11,13.89,fuel,preseed,False,0,782.061,13.89,0.0,0.0,7.2073,0.0,0.0,0.0,1.0,7.2073,False,5636.5811
-153454#0,50.6,13.89,fuel,preseed,False,0,782.061,13.89,0.0,0.0,3.6429,0.0,0.0,0.0,1.0,3.6429,False,2848.9762
152905,96.76,13.89,fuel,preseed,False,0,782.061,13.89,0.0,0.0,6.9662,0.0,0.0,0.0,1.0,6.9662,False,5447.9631
153454#1,324.73,13.89,fuel,preseed,False,1,832.883,13.89,0.0,0.0,23.3787,0.0,0.0,0.0,1.0,23.3787,True,19471.7147
-152906,84.2,13.89,fuel,preseed,False,0,782.061,13.89,0.0,0.0,6.0619,0.0,0.0,0.0,1.0,6.0619,False,4740.7864
-152907,104.01,13.89,fuel,preseed,False,0,782.061,13.89,0.0,0.0,7.4881,0.0,0.0,0.0,1.0,7.4881,False,5856.1663
-153455#0,99.56,13.89,fuel,preseed,False,0,782.061,13.89,0.0,0.0,7.1677,0.0,0.0,0.0,1.0,7.1677,False,5605.614
152907,90.1,13.89,fuel,preseed,False,0,782.061,13.89,0.0,0.0,6.4867,0.0,0.0,0.0,1.0,6.4867,False,5072.9793
153455#1,83.04,13.89,fuel,preseed,False,0,782.061,13.89,0.0,0.0,5.9784,0.0,0.0,0.0,1.0,5.9784,False,4675.4739
-153433#0,427.94,13.89,fuel,preseed,False,1,692.837,13.89,0.0,0.0,30.8092,0.0,0.0,0.0,1.0,30.8092,True,21345.7632
152908#0,24.44,13.89,fuel,preseed,False,3,792.183,13.89,0.0,0.0,1.7595,0.0,0.0,0.0,1.0,1.7595,True,1393.8766
153433#1,102.51,13.89,fuel,ema_unlocked,False,6,384.597,13.845,0.0004,3538.375,7.4041,0.0,0.1213,0.0,1.9703,14.5885,True,2847.6063
-152908#1,13.79,13.89,fuel,preseed,False,0,782.061,13.89,0.0,0.0,0.9928,0.0,0.0,0.0,1.0,0.9928,False,776.4305
152908#2,27.94,13.89,fuel,preseed,False,3,825.364,13.89,0.0,0.0,2.0115,0.0,0.0,0.0,1.0,2.0115,True,1660.2346
153482#0,1.62,13.89,fuel,preseed,False,0,782.061,13.89,0.0,0.0,0.1166,0.0,0.0,0.0,1.0,0.1166,False,91.2123
-152908#5,99.93,13.89,fuel,preseed,False,0,782.061,13.89,0.0,0.0,7.1944,0.0,0.0,0.0,1.0,7.1944,False,5626.4464
-153427#11,102.34,13.89,fuel,preseed,False,3,828.593,13.89,0.0,0.0,7.3679,0.0,0.0,0.0,1.0,7.3679,True,6104.9799
152908#6,611.22,13.89,fuel,preseed,False,0,782.061,13.89,0.0,0.0,44.0043,0.0,0.0,0.0,1.0,44.0043,False,34414.0557
153427#12,44.31,13.89,fuel,preseed,False,0,782.061,13.89,0.0,0.0,3.1901,0.0,0.0,0.0,1.0,3.1901,False,2494.8248
-152909,261.37,13.89,fuel,preseed,False,0,782.061,13.89,0.0,0.0,18.8171,0.0,0.0,0.0,1.0,18.8171,False,14716.1443
-153476#13,251.39,13.89,fuel,ema_unlocked,False,6,360.89,13.925,0.0001,6223.319,18.0526,0.0,0.0,0.0,1.0,18.0526,True,6514.9961
153462#0,145.72,13.89,fuel,preseed,False,0,782.061,13.89,0.0,0.0,10.491,0.0,0.0,0.0,1.0,10.491,False,8204.601
153476#14,3.72,13.89,fuel,ema_unlocked,False,9,751.443,13.89,0.0,0.0,0.2678,0.0,0.0,0.0,1.0,0.2678,True,201.2503
152909,270.64,13.89,fuel,preseed,False,1,782.061,13.89,0.0,0.0,19.4845,0.0,0.0,0.0,1.0,19.4845,True,15238.0813
-152910,35.53,13.89,fuel,preseed,False,0,782.061,13.89,0.0,0.0,2.558,0.0,0.0,0.0,1.0,2.558,False,2000.4768
-153462#4,47.61,13.89,fuel,preseed,False,0,782.061,13.89,0.0,0.0,3.4276,0.0,0.0,0.0,1.0,3.4276,False,2680.6276
152910,37.93,13.89,fuel,preseed,False,0,782.061,13.89,0.0,0.0,2.7307,0.0,0.0,0.0,1.0,2.7307,False,2135.6061
153462#5,51.74,13.89,fuel,preseed,False,0,782.061,13.89,0.0,0.0,3.725,0.0,0.0,0.0,1.0,3.725,False,2913.1626
-152911#1,404.31,13.89,fuel,preseed,False,0,782.061,13.89,0.0,0.0,29.108,0.0,0.0,0.0,1.0,29.108,False,22764.2205
-152912#0,40.6,13.89,fuel,preseed,False,0,782.061,13.89,0.0,0.0,2.923,0.0,0.0,0.0,1.0,2.923,False,2285.9374
152912#1,37.18,13.89,fuel,preseed,False,0,782.061,13.89,0.0,0.0,2.6767,0.0,0.0,0.0,1.0,2.6767,False,2093.3781
-153009#1,51.65,13.89,fuel,preseed,False,0,782.061,13.89,0.0,0.0,3.7185,0.0,0.0,0.0,1.0,3.7185,False,2908.0952
153009#0,42.28,13.89,fuel,preseed,False,0,782.061,13.89,0.0,0.0,3.0439,0.0,0.0,0.0,1.0,3.0439,False,2380.5279
152912#0,42.1,13.89,fuel,preseed,False,0,782.061,13.89,0.0,0.0,3.031,0.0,0.0,0.0,1.0,3.031,False,2370.3932
-152912#1,40.09,13.89,fuel,preseed,False,0,782.061,13.89,0.0,0.0,2.8862,0.0,0.0,0.0,1.0,2.8862,False,2257.2224
152912#2,143.8,13.89,fuel,preseed,False,0,782.061,13.89,0.0,0.0,10.3528,0.0,0.0,0.0,1.0,10.3528,False,8096.4975
-152912#2,147.19,13.89,fuel,preseed,False,0,782.061,13.89,0.0,0.0,10.5968,0.0,0.0,0.0,1.0,10.5968,False,8287.3677
152912#3,4.27,13.89,fuel,preseed,False,0,782.061,13.89,0.0,0.0,0.3074,0.0,0.0,0.0,1.0,0.3074,False,240.4176
-152912#3,4.27,13.89,fuel,preseed,False,0,782.061,13.89,0.0,0.0,0.3074,0.0,0.0,0.0,1.0,0.3074,False,240.4176
152912#4,174.99,13.89,fuel,preseed,False,0,782.061,13.89,0.0,0.0,12.5983,0.0,0.0,0.0,1.0,12.5983,False,9852.6154
-152912#4,175.22,13.89,fuel,preseed,False,0,782.061,13.89,0.0,0.0,12.6148,0.0,0.0,0.0,1.0,12.6148,False,9865.5653
152912#5,30.67,13.89,fuel,preseed,False,0,782.061,13.89,0.0,0.0,2.2081,0.0,0.0,0.0,1.0,2.2081,False,1726.8399
-152912#5,27.35,13.89,fuel,preseed,False,0,782.061,13.89,0.0,0.0,1.969,0.0,0.0,0.0,1.0,1.969,False,1539.911
152912#6,11.51,13.89,fuel,preseed,False,0,782.061,13.89,0.0,0.0,0.8287,0.0,0.0,0.0,1.0,0.8287,False,648.0576
-152912#8,87.97,13.89,fuel,preseed,False,1,866.87,13.89,0.0,0.0,6.3333,0.0,0.0,0.0,1.0,6.3333,True,5490.1763
152982#1,5.71,13.89,fuel,ema_unlocked,False,1,2341.615,13.89,0.0,0.0,0.4111,0.0,0.0,0.0,1.0,0.4111,True,962.6077
-152913#0,96.22,13.89,fuel,preseed,False,0,782.061,13.89,0.0,0.0,6.9273,0.0,0.0,0.0,1.0,6.9273,False,5417.559
152913#1,48.43,13.89,fuel,preseed,False,0,782.061,13.89,0.0,0.0,3.4867,0.0,0.0,0.0,1.0,3.4867,False,2726.7968
153566,38.52,13.89,fuel,preseed,False,0,782.061,13.89,0.0,0.0,2.7732,0.0,0.0,0.0,1.0,2.7732,False,2168.8253
-153479#3,7.47,13.89,fuel,preseed,False,0,782.061,13.89,0.0,0.0,0.5378,0.0,0.0,0.0,1.0,0.5378,False,420.59
152913#0,92.62,13.89,fuel,preseed,False,0,782.061,13.89,0.0,0.0,6.6681,0.0,0.0,0.0,1.0,6.6681,False,5214.8651
153479#5,107.33,13.89,fuel,preseed,False,1,782.061,13.89,0.0,0.0,7.7271,0.0,0.0,0.0,1.0,7.7271,True,6043.0951
-152913#2,28.64,13.89,fuel,preseed,False,0,782.061,13.89,0.0,0.0,2.0619,0.0,0.0,0.0,1.0,2.0619,False,1612.543
-152914,89.28,13.89,fuel,preseed,False,0,782.061,13.89,0.0,0.0,6.4276,0.0,0.0,0.0,1.0,6.4276,False,5026.8101
-153465#0,66.66,13.89,fuel,preseed,False,0,782.061,13.89,0.0,0.0,4.7991,0.0,0.0,0.0,1.0,4.7991,False,3753.2164
152914,85.21,13.89,fuel,preseed,False,0,782.061,13.89,0.0,0.0,6.1346,0.0,0.0,0.0,1.0,6.1346,False,4797.6534
153465#1,32.67,13.89,fuel,preseed,False,0,782.061,13.89,0.0,0.0,2.3521,0.0,0.0,0.0,1.0,2.3521,False,1839.4477
152924,542.5,13.89,fuel,preseed,False,0,782.061,13.89,0.0,0.0,39.0569,0.0,0.0,0.0,1.0,39.0569,False,30544.8533
-152916#0,301.39,13.89,fuel,preseed,False,0,782.061,13.89,0.0,0.0,21.6983,0.0,0.0,0.0,1.0,21.6983,False,16969.4255
152921#1,126.68,13.89,fuel,preseed,False,0,782.061,13.89,0.0,0.0,9.1202,0.0,0.0,0.0,1.0,9.1202,False,7132.5751
152916#0,302.76,13.89,fuel,preseed,False,0,782.061,13.89,0.0,0.0,21.797,0.0,0.0,0.0,1.0,21.797,False,17046.5618
-152917,99.56,13.89,fuel,preseed,False,0,782.061,13.89,0.0,0.0,7.1677,0.0,0.0,0.0,1.0,7.1677,False,5605.614
152918,102.15,13.89,fuel,preseed,False,0,782.061,13.89,0.0,0.0,7.3542,0.0,0.0,0.0,1.0,7.3542,False,5751.441
152917,103.04,13.89,fuel,preseed,False,0,782.061,13.89,0.0,0.0,7.4183,0.0,0.0,0.0,1.0,7.4183,False,5801.5515
-152918,99.55,13.89,fuel,preseed,False,0,782.061,13.89,0.0,0.0,7.167,0.0,0.0,0.0,1.0,7.167,False,5605.051
-153468#1,18.35,13.89,fuel,preseed,False,0,782.061,13.89,0.0,0.0,1.3211,0.0,0.0,0.0,1.0,1.3211,False,1033.1761
153468#2,227.03,13.89,fuel,preseed,False,0,782.061,13.89,0.0,0.0,16.3449,0.0,0.0,0.0,1.0,16.3449,False,12782.6692
-152919#0,53.03,13.89,fuel,preseed,False,0,782.061,13.89,0.0,0.0,3.8179,0.0,0.0,0.0,1.0,3.8179,False,2985.7946
-152922,4.13,13.89,fuel,preseed,False,0,782.061,13.89,0.0,0.0,0.2973,0.0,0.0,0.0,1.0,0.2973,False,232.535
152919#1,86.17,13.89,fuel,preseed,False,0,782.061,13.89,0.0,0.0,6.2037,0.0,0.0,0.0,1.0,6.2037,False,4851.7051
-153476#20,145.5,13.89,fuel,ema_unlocked,False,7,473.159,13.89,0.0,0.0,10.4752,0.0,0.0,0.0,1.0,10.4752,True,4956.4142
152919#0,51.86,13.89,fuel,preseed,False,0,782.061,13.89,0.0,0.0,3.7336,0.0,0.0,0.0,1.0,3.7336,False,2919.9191
153476#22,50.91,13.89,fuel,ema_unlocked,False,10,731.582,13.89,0.0,0.0,3.6652,0.0,0.0,0.0,1.0,3.6652,True,2681.4156
-152919#1,86.75,13.89,fuel,preseed,False,0,782.061,13.89,0.0,0.0,6.2455,0.0,0.0,0.0,1.0,6.2455,False,4884.3613
-152920#0,14.54,13.89,fuel,preseed,False,0,782.061,13.89,0.0,0.0,1.0468,0.0,0.0,0.0,1.0,1.0468,False,818.6584
152920#1,304.5,13.89,fuel,preseed,False,1,782.061,13.89,0.0,0.0,21.9222,0.0,0.0,0.0,1.0,21.9222,True,17144.5306
152920#0,14.54,13.89,fuel,preseed,False,1,782.061,13.89,0.0,0.0,1.0468,0.0,0.0,0.0,1.0,1.0468,True,818.6584
-152920#1,300.14,13.89,fuel,preseed,False,1,782.061,13.89,0.0,0.0,21.6084,0.0,0.0,0.0,1.0,21.6084,True,16899.0457
152920#2,170.51,13.89,fuel,preseed,False,1,782.061,13.89,0.0,0.0,12.2757,0.0,0.0,0.0,1.0,12.2757,True,9600.3741
153473#0,269.91,13.89,fuel,preseed,False,0,782.061,13.89,0.0,0.0,19.432,0.0,0.0,0.0,1.0,19.432,False,15196.9795
-152920#2,172.1,13.89,fuel,preseed,False,1,782.061,13.89,0.0,0.0,12.3902,0.0,0.0,0.0,1.0,12.3902,True,9689.8972
-153470,182.27,13.89,fuel,preseed,False,0,782.061,13.89,0.0,0.0,13.1224,0.0,0.0,0.0,1.0,13.1224,False,10262.5077
153010#0,70.79,13.89,fuel,preseed,False,0,782.061,13.89,0.0,0.0,5.0965,0.0,0.0,0.0,1.0,5.0965,False,3985.7515
-153010#0,66.44,13.89,fuel,preseed,False,1,782.061,13.89,0.0,0.0,4.7833,0.0,0.0,0.0,1.0,4.7833,True,3740.8296
152922,4.13,13.89,fuel,preseed,False,0,782.061,13.89,0.0,0.0,0.2973,0.0,0.0,0.0,1.0,0.2973,False,232.535
153010#1,68.09,13.89,fuel,preseed,False,0,782.061,13.89,0.0,0.0,4.9021,0.0,0.0,0.0,1.0,4.9021,False,3833.731
-152923,61.79,13.89,fuel,preseed,False,0,782.061,13.89,0.0,0.0,4.4485,0.0,0.0,0.0,1.0,4.4485,False,3479.0166
-153469#0,12.94,13.89,fuel,preseed,False,0,782.061,13.89,0.0,0.0,0.9316,0.0,0.0,0.0,1.0,0.9316,False,728.5722
153469#1,135.74,13.89,fuel,preseed,False,0,782.061,13.89,0.0,0.0,9.7725,0.0,0.0,0.0,1.0,9.7725,False,7642.6883
152923,68.68,13.89,fuel,preseed,False,0,782.061,13.89,0.0,0.0,4.9446,0.0,0.0,0.0,1.0,4.9446,False,3866.9503
-152925,131.33,13.89,fuel,preseed,False,0,782.061,13.89,0.0,0.0,9.455,0.0,0.0,0.0,1.0,9.455,False,7394.3882
-152926,53.97,13.89,fuel,preseed,False,0,782.061,13.89,0.0,0.0,3.8855,0.0,0.0,0.0,1.0,3.8855,False,3038.7202
-153475#1,26.43,13.89,fuel,preseed,False,0,782.061,13.89,0.0,0.0,1.9028,0.0,0.0,0.0,1.0,1.9028,False,1488.1115
153475#2,119.58,13.89,fuel,preseed,False,0,782.061,13.89,0.0,0.0,8.6091,0.0,0.0,0.0,1.0,8.6091,False,6732.8176
152926,56.57,13.89,fuel,preseed,False,0,782.061,13.89,0.0,0.0,4.0727,0.0,0.0,0.0,1.0,4.0727,False,3185.1103
-152930,112.19,13.89,fuel,preseed,False,0,782.061,13.89,0.0,0.0,8.077,0.0,0.0,0.0,1.0,8.077,False,6316.732
-152931#0,369.53,13.89,fuel,preseed,False,0,782.061,13.89,0.0,0.0,26.604,0.0,0.0,0.0,1.0,26.604,False,20805.9717
152931#1,197.52,13.89,fuel,preseed,False,0,782.061,13.89,0.0,0.0,14.2203,0.0,0.0,0.0,1.0,14.2203,False,11121.1418
153007#0,664.52,13.89,fuel,preseed,False,1,782.061,13.89,0.0,0.0,47.8416,0.0,0.0,0.0,1.0,47.8416,True,37415.0524
-152931#4,203.73,13.89,fuel,preseed,False,0,782.061,13.89,0.0,0.0,14.6674,0.0,0.0,0.0,1.0,14.6674,False,11470.7889
-152932,22.56,13.89,fuel,preseed,False,0,782.061,13.89,0.0,0.0,1.6242,0.0,0.0,0.0,1.0,1.6242,False,1270.2155
-153374#7,7.89,13.89,fuel,preseed,False,1,730.196,13.89,0.0,0.0,0.568,0.0,0.0,0.0,1.0,0.568,True,414.7766
153374#8,15.54,13.89,fuel,preseed,False,1,782.061,13.89,0.0,0.0,1.1188,0.0,0.0,0.0,1.0,1.1188,True,874.9622
-153374#6,232.05,13.89,fuel,preseed,False,1,883.878,13.89,0.0,0.0,16.7063,0.0,0.0,0.0,1.0,16.7063,True,14766.2908
152932,41.16,13.89,fuel,preseed,False,0,782.061,13.89,0.0,0.0,2.9633,0.0,0.0,0.0,1.0,2.9633,False,2317.4676
153374#7,11.28,13.89,fuel,preseed,False,2,782.061,13.89,0.0,1816.315,0.8121,0.0,0.9299,0.0,8.4394,6.8536,True,635.1077
-152937#0,40.91,13.89,fuel,preseed,False,2,782.061,13.89,0.0,0.0,2.9453,0.0,0.0,0.0,1.0,2.9453,True,2303.3916
152937#1,15.68,13.89,fuel,preseed,False,1,782.061,13.89,0.0,0.0,1.1289,0.0,0.0,0.0,1.0,1.1289,True,882.8448
152937#0,40.42,13.89,fuel,preseed,False,1,782.061,13.89,0.0,0.0,2.91,0.0,0.0,0.0,1.0,2.91,True,2275.8027
152941#0,2.79,13.89,fuel,preseed,False,0,782.061,13.89,0.0,0.0,0.2009,0.0,0.0,0.0,1.0,0.2009,False,157.0878
152965#0,43.78,13.89,fuel,preseed,False,2,782.061,13.89,0.0,0.0,3.1519,0.0,0.0,0.0,1.0,3.1519,True,2464.9837
-152937#1,15.44,13.89,fuel,preseed,False,2,782.061,13.89,0.0,0.0,1.1116,0.0,0.0,0.0,1.0,1.1116,True,869.3319
152937#2,62.96,13.89,fuel,preseed,False,1,782.061,13.89,0.0,0.0,4.5328,0.0,0.0,0.0,1.0,4.5328,True,3544.8921
-152937#2,68.6,13.89,fuel,preseed,False,2,782.061,13.89,0.0,0.0,4.9388,0.0,0.0,0.0,1.0,4.9388,True,3862.446
152937#3,67.01,13.89,fuel,preseed,False,1,782.061,13.89,0.0,0.0,4.8243,0.0,0.0,0.0,1.0,4.8243,True,3772.9228
-152938#0,55.53,13.89,fuel,preseed,False,4,749.116,13.89,0.0,0.0,3.9978,0.0,0.0,0.0,1.0,3.9978,True,2994.8471
152938#1,139.66,13.89,fuel,preseed,False,2,574.548,13.89,0.0,0.0,10.0547,0.0,0.0,0.0,1.0,10.0547,True,5776.9171
152938#0,55.42,13.89,fuel,preseed,False,2,844.232,13.89,0.0,0.0,3.9899,0.0,0.0,0.0,1.0,3.9899,True,3368.4193
-152938#1,141.76,13.89,fuel,preseed,False,4,930.138,13.89,0.0,0.0,10.2059,0.0,0.0,0.0,1.0,10.2059,True,9492.8953
152938#2,467.08,13.89,fuel,preseed,False,2,621.095,13.89,0.0,0.0,33.6271,0.0,0.0,0.0,1.0,33.6271,True,20885.5983
-152938#2,471.42,13.89,fuel,preseed,False,4,948.272,13.89,0.0,0.0,33.9395,0.0,0.0,0.0,1.0,33.9395,True,32183.8925
152419#1,86.39,13.89,fuel,ema_unlocked,False,6,983.924,13.89,0.0,0.0,6.2196,0.0,0.0,0.0,1.0,6.2196,True,6119.5961
-152939#1,19.92,13.89,fuel,preseed,False,4,782.061,13.89,0.0,0.0,1.4341,0.0,0.0,0.0,1.0,1.4341,True,1121.5732
152939#2,177.56,13.89,fuel,preseed,False,1,782.061,13.89,0.0,0.0,12.7833,0.0,0.0,0.0,1.0,12.7833,True,9997.3164
152679,5.45,13.89,fuel,preseed,False,2,674.546,13.89,0.0,0.0,0.3924,0.0,0.0,0.0,1.0,0.3924,True,264.6708
152940,64.78,13.89,fuel,ema_unlocked,False,6,1311.924,13.89,0.0,0.0,4.6638,0.0,0.0,0.0,1.0,4.6638,True,6118.536
-152941#0,3.03,13.89,fuel,preseed,False,2,782.061,13.89,0.0,0.0,0.2181,0.0,0.0,0.0,1.0,0.2181,True,170.6007
152941#1,29.97,13.89,fuel,preseed,False,0,782.061,13.89,0.0,0.0,2.1577,0.0,0.0,0.0,1.0,2.1577,False,1687.4272
-152941#1,29.25,13.89,fuel,preseed,False,1,782.061,13.89,0.0,0.0,2.1058,0.0,0.0,0.0,1.0,2.1058,True,1646.8884
152941#2,51.46,13.89,fuel,preseed,False,0,782.061,13.89,0.0,0.0,3.7048,0.0,0.0,0.0,1.0,3.7048,False,2897.3975
-152941#2,54.37,13.89,fuel,preseed,False,1,782.061,13.89,0.0,0.0,3.9143,0.0,0.0,0.0,1.0,3.9143,True,3061.2418
152941#3,58.75,13.89,fuel,preseed,False,0,782.061,13.89,0.0,0.0,4.2297,0.0,0.0,0.0,1.0,4.2297,False,3307.8528
-152941#3,61.33,13.89,fuel,preseed,False,1,782.061,13.89,0.0,0.0,4.4154,0.0,0.0,0.0,1.0,4.4154,True,3453.1168
152941#4,158.89,13.89,fuel,preseed,False,0,782.061,13.89,0.0,0.0,11.4392,0.0,0.0,0.0,1.0,11.4392,False,8946.123
-152945#0,86.69,13.89,fuel,preseed,False,3,807.186,13.89,0.0,0.0,6.2412,0.0,0.0,0.0,1.0,6.2412,True,5037.7938
152945#1,67.09,13.89,fuel,ema_unlocked,False,5,552.251,13.659,0.0004,0.0,4.912,0.0,0.0,0.0,1.0,4.912,True,2712.6359
152945#0,81.67,13.89,fuel,preseed,False,5,919.065,13.89,0.0,0.0,5.8798,0.0,0.0,0.0,1.0,5.8798,True,5403.8897
153552#1,1.0,13.89,fuel,preseed,False,4,795.513,13.89,0.0,0.0,0.072,0.0,0.0,0.0,1.0,0.072,True,57.2724
-152948#0,43.48,13.89,fuel,preseed,False,1,848.511,13.89,0.0,0.0,3.1303,0.0,0.0,0.0,1.0,3.1303,True,2656.101
152948#1,15.99,13.89,fuel,preseed,False,0,782.061,13.89,0.0,0.0,1.1512,0.0,0.0,0.0,1.0,1.1512,False,900.299
-152962,40.89,13.89,fuel,preseed,False,1,782.061,13.89,0.0,0.0,2.9438,0.0,0.0,0.0,1.0,2.9438,True,2302.2655
-153445#1,131.88,13.89,fuel,preseed,False,3,796.167,13.89,0.0,0.0,9.4946,0.0,0.0,0.0,1.0,9.4946,True,7559.288
153441#0,166.18,13.89,fuel,preseed,False,0,782.061,13.89,0.0,0.0,11.964,0.0,0.0,0.0,1.0,11.964,False,9356.5783
-153442#5,138.92,13.89,fuel,preseed,False,1,782.061,13.89,0.0,0.0,10.0014,0.0,0.0,0.0,1.0,10.0014,True,7821.7346
-153484#1,40.25,13.89,fuel,preseed,False,0,782.061,13.89,0.0,0.0,2.8978,0.0,0.0,0.0,1.0,2.8978,False,2266.2311
152962,34.48,13.89,fuel,preseed,False,1,654.591,13.89,0.0,0.0,2.4824,0.0,0.0,0.0,1.0,2.4824,True,1624.9308
-152963,36.1,13.89,fuel,preseed,False,0,782.061,13.89,0.0,0.0,2.599,0.0,0.0,0.0,1.0,2.599,False,2032.57
-152966#0,24.18,13.89,fuel,preseed,False,1,782.061,13.89,0.0,778.695,1.7408,0.0,0.0,0.0,1.0,1.7408,True,1361.4277
152966#1,41.93,13.89,fuel,preseed,False,0,782.061,13.659,0.0019,0.0,3.0699,0.0,0.0,0.0,1.0,3.0699,False,2400.8355
-152966#1,41.23,13.89,fuel,preseed,False,1,782.061,13.89,0.0,0.0,2.9683,0.0,0.0,0.0,1.0,2.9683,True,2321.4089
-152969#0,240.53,13.89,fuel,preseed,False,4,851.267,13.89,0.0,0.0,17.3168,0.0,0.0,0.0,1.0,17.3168,True,14741.2055
152969#1,68.17,13.89,fuel,ema_unlocked,False,8,103.239,13.897,0.0006,595.147,4.9055,0.0,0.0876,0.0,1.7006,8.3425,True,506.4409
-152969#1,63.44,13.89,fuel,preseed,False,3,907.341,13.875,0.0007,7900.904,4.5724,0.0,0.4522,0.0,4.6177,21.1139,True,4148.6995
152969#2,31.26,13.89,fuel,ema_unlocked,False,8,388.141,13.89,0.0,1385.849,2.2505,0.0,0.2932,0.0,3.346,7.5303,True,873.5261
-152969#2,31.26,13.89,fuel,preseed,False,3,763.266,13.89,0.0,0.0,2.2505,0.0,0.0,0.0,1.0,2.2505,True,1717.7606
152969#3,5.86,13.89,fuel,ema_unlocked,False,8,495.716,13.89,0.0,588.569,0.4219,0.0,0.9071,0.0,8.2572,3.4836,True,209.1356
-152971#1,27.37,13.89,fuel,preseed,False,3,844.866,13.89,0.0,0.0,1.9705,0.0,0.0,0.0,1.0,1.9705,True,1664.7942
152971#2,5.25,13.89,fuel,preseed,False,1,771.103,13.89,0.0,0.0,0.378,0.0,0.0,0.0,1.0,0.378,True,291.4537
-152971#2,5.25,13.89,fuel,preseed,False,3,804.391,13.89,0.0,0.0,0.378,0.0,0.0,0.0,1.0,0.378,True,304.0354
152971#3,53.25,13.89,fuel,preseed,False,1,766.068,13.89,0.0,0.0,3.8337,0.0,0.0,0.0,1.0,3.8337,True,2936.8685
-152971#3,49.27,13.89,fuel,preseed,False,3,828.88,13.89,0.0,0.0,3.5472,0.0,0.0,0.0,1.0,3.5472,True,2940.1668
152971#4,52.78,13.89,fuel,preseed,False,1,873.849,13.89,0.0,0.0,3.7999,0.0,0.0,0.0,1.0,3.7999,True,3320.5003
-152971#4,49.94,13.89,fuel,preseed,False,3,784.145,13.89,0.0,0.0,3.5954,0.0,0.0,0.0,1.0,3.5954,True,2819.3079
152971#5,20.78,13.89,fuel,preseed,False,2,782.061,13.89,0.0,0.0,1.496,0.0,0.0,0.0,1.0,1.496,True,1169.9946
153439#0,64.02,13.89,fuel,preseed,False,2,782.061,13.89,0.0,0.0,4.6091,0.0,0.0,0.0,1.0,4.6091,True,3604.5742
-152971#5,24.46,13.89,fuel,preseed,False,3,830.768,13.659,0.0012,6017.11,1.7908,0.0,1.0,0.0,9.0,16.1174,True,1487.7617
152813,88.1,13.89,fuel,preseed,False,3,686.824,13.89,0.0,9287.351,6.3427,0.0,0.566,0.0,5.5277,35.0606,True,4356.3161
-152972#0,51.18,13.89,fuel,preseed,False,0,782.061,13.89,0.0,0.0,3.6847,0.0,0.0,0.0,1.0,3.6847,False,2881.6324
152972#1,189.99,13.89,fuel,preseed,False,0,782.061,13.89,0.0,0.0,13.6782,0.0,0.0,0.0,1.0,13.6782,False,10697.1736
-152972#2,58.26,13.89,fuel,preseed,False,0,782.061,13.89,0.0,0.0,4.1944,0.0,0.0,0.0,1.0,4.1944,False,3280.2639
-152977,192.37,13.89,fuel,preseed,False,1,782.061,13.89,0.0,0.0,13.8495,0.0,0.0,0.0,1.0,13.8495,True,10831.1768
153390#0,602.33,13.89,fuel,preseed,False,0,782.061,13.89,0.0,0.0,43.3643,0.0,0.0,0.0,1.0,43.3643,False,33913.5143
-153427#8,1.15,13.89,fuel,preseed,False,0,782.061,13.89,0.0,0.0,0.0828,0.0,0.0,0.0,1.0,0.0828,False,64.7495
152979#0,157.16,13.89,fuel,preseed,False,0,782.061,13.89,0.0,0.0,11.3146,0.0,0.0,0.0,1.0,11.3146,False,8848.7173
153427#9,2.82,13.89,fuel,preseed,False,0,782.061,13.89,0.0,0.0,0.203,0.0,0.0,0.0,1.0,0.203,False,158.7769
-152980,194.41,13.89,fuel,preseed,False,0,782.061,13.89,0.0,0.0,13.9964,0.0,0.0,0.0,1.0,13.9964,False,10946.0367
-152981,458.74,13.89,fuel,preseed,False,0,782.061,13.89,0.0,0.0,33.0266,0.0,0.0,0.0,1.0,33.0266,False,25828.8406
-152983,100.47,13.89,fuel,preseed,False,1,782.061,13.89,0.0,0.0,7.2333,0.0,0.0,0.0,1.0,7.2333,True,5656.8505
152982#3,14.16,13.89,fuel,ema_unlocked,False,2,932.811,13.89,0.0,0.0,1.0194,0.0,0.0,0.0,1.0,1.0194,True,950.943
-152984#0,12.19,13.89,fuel,preseed,False,0,782.061,13.89,0.0,0.0,0.8776,0.0,0.0,0.0,1.0,0.8776,False,686.3443
152984#1,3.08,13.89,fuel,preseed,False,0,782.061,13.89,0.0,0.0,0.2217,0.0,0.0,0.0,1.0,0.2217,False,173.4159
-153476#5,12.91,13.89,fuel,preseed,False,2,782.061,13.89,0.0,0.0,0.9294,0.0,0.0,0.0,1.0,0.9294,True,726.8831
152984#0,12.19,13.89,fuel,preseed,False,0,782.061,13.89,0.0,0.0,0.8776,0.0,0.0,0.0,1.0,0.8776,False,686.3443
153476#6,45.78,13.89,fuel,ema_unlocked,False,6,848.005,13.89,0.0,3014.092,3.2959,0.0,0.0392,0.0,1.3136,4.3296,True,2794.9363
-152984#1,3.07,13.89,fuel,preseed,False,0,782.061,13.89,0.0,0.0,0.221,0.0,0.0,0.0,1.0,0.221,False,172.8529
-153339#0,45.53,13.89,fuel,preseed,False,0,782.061,13.89,0.0,0.0,3.2779,0.0,0.0,0.0,1.0,3.2779,False,2563.5155
153339#1,44.83,13.89,fuel,preseed,False,0,782.061,13.89,0.0,0.0,3.2275,0.0,0.0,0.0,1.0,3.2275,False,2524.1028
-152985,123.52,13.89,fuel,preseed,False,0,782.061,13.89,0.0,0.0,8.8927,0.0,0.0,0.0,1.0,8.8927,False,6954.6549
-153033#2,134.57,13.89,fuel,preseed,False,0,782.061,13.89,0.0,0.0,9.6883,0.0,0.0,0.0,1.0,9.6883,False,7576.8127
153033#3,165.7,13.89,fuel,preseed,False,0,782.061,13.89,0.0,0.0,11.9294,0.0,0.0,0.0,1.0,11.9294,False,9329.5524
-152987#0,113.35,13.89,fuel,ema_unlocked,False,4,685.847,13.89,0.0,5990.944,8.1605,0.0,0.0352,0.0,1.2816,10.4588,True,5596.8866
152987#1,12.3,13.89,fuel,preseed,False,1,721.819,13.659,0.0016,0.0,0.9005,0.0,0.0,0.0,1.0,0.9005,True,650.0256
-152987#2,116.65,13.89,fuel,preseed,False,1,838.452,13.89,0.0,0.0,8.3981,0.0,0.0,0.0,1.0,8.3981,True,7041.4287
-152990,298.57,13.89,fuel,preseed,False,0,782.061,13.89,0.0,0.0,21.4953,0.0,0.0,0.0,1.0,21.4953,False,16810.6486
-153326#0,776.9,13.89,fuel,preseed,False,0,782.061,13.89,0.0,0.0,55.9323,0.0,0.0,0.0,1.0,55.9323,False,43742.4821
152990,310.06,13.89,fuel,preseed,False,0,782.061,13.89,0.0,0.0,22.3225,0.0,0.0,0.0,1.0,22.3225,False,17457.5801
153326#1,496.34,13.89,fuel,preseed,False,0,782.061,13.89,0.0,0.0,35.7336,0.0,0.0,0.0,1.0,35.7336,False,27945.8663
-152992,1845.14,13.89,fuel,preseed,False,1,782.061,13.89,0.0,0.0,132.8395,0.0,0.0,0.0,1.0,132.8395,True,103888.5357
153353,303.49,13.89,fuel,preseed,False,0,782.061,13.89,0.0,0.0,21.8495,0.0,0.0,0.0,1.0,21.8495,False,17087.6636
-153012#0,1846.46,13.89,fuel,preseed,False,0,782.061,13.89,0.0,0.0,132.9345,0.0,0.0,0.0,1.0,132.9345,False,103962.8568
-153492,498.54,13.89,fuel,preseed,False,1,782.061,13.89,0.0,0.0,35.892,0.0,0.0,0.0,1.0,35.892,True,28069.7349
153012#1,1486.84,13.89,fuel,preseed,False,2,782.061,13.89,0.0,0.0,107.0439,0.0,0.0,0.0,1.0,107.0439,True,83714.8565
152994#0,92.95,13.89,fuel,preseed,False,0,782.061,13.89,0.0,0.0,6.6919,0.0,0.0,0.0,1.0,6.6919,False,5233.4454
-152995,99.36,13.89,fuel,preseed,False,0,782.061,13.89,0.0,0.0,7.1533,0.0,0.0,0.0,1.0,7.1533,False,5594.3532
-153378#1,149.25,13.89,fuel,preseed,False,1,782.061,13.89,0.0,0.0,10.7451,0.0,0.0,0.0,1.0,10.7451,True,8403.3536
152995,101.7,13.89,fuel,preseed,False,0,782.061,13.89,0.0,0.0,7.3218,0.0,0.0,0.0,1.0,7.3218,False,5726.1043
153378#2,48.86,13.89,fuel,preseed,False,1,782.061,13.89,0.0,0.0,3.5176,0.0,0.0,0.0,1.0,3.5176,True,2751.0074
-152996#0,82.64,13.89,fuel,preseed,False,0,782.061,13.89,0.0,0.0,5.9496,0.0,0.0,0.0,1.0,5.9496,False,4652.9524
152996#2,94.75,13.89,fuel,preseed,False,1,782.061,13.89,0.0,0.0,6.8215,0.0,0.0,0.0,1.0,6.8215,True,5334.7923
-153331#4,10.02,13.89,fuel,ema_unlocked,False,2,426.54,13.89,0.0,0.0,0.7214,0.0,0.0,0.0,1.0,0.7214,True,307.6982
152996#0,89.17,13.89,fuel,preseed,False,1,782.061,13.89,0.0,0.0,6.4197,0.0,0.0,0.0,1.0,6.4197,True,5020.6167
153331#5,6.83,13.89,fuel,preseed,False,2,866.359,13.89,0.0,1084.042,0.4917,0.0,0.7723,0.0,7.1786,3.5299,True,426.0067
-152996#2,96.61,13.89,fuel,preseed,False,0,782.061,13.89,0.0,0.0,6.9554,0.0,0.0,0.0,1.0,6.9554,False,5439.5176
152996#3,22.85,13.89,fuel,preseed,False,1,782.061,13.89,0.0,0.0,1.6451,0.0,0.0,0.0,1.0,1.6451,True,1286.5436
-152996#3,22.93,13.89,fuel,preseed,False,1,782.061,13.89,0.0,0.0,1.6508,0.0,0.0,0.0,1.0,1.6508,True,1291.0479
152996#4,27.65,13.89,fuel,preseed,False,1,782.061,13.89,0.0,0.0,1.9906,0.0,0.0,0.0,1.0,1.9906,True,1556.8022
-152996#4,27.76,13.89,fuel,preseed,False,1,782.061,13.89,0.0,0.0,1.9986,0.0,0.0,0.0,1.0,1.9986,True,1562.9956
152996#5,20.02,13.89,fuel,preseed,False,1,782.061,13.89,0.0,0.0,1.4413,0.0,0.0,0.0,1.0,1.4413,True,1127.2036
-152996#5,19.34,13.89,fuel,preseed,False,1,782.061,13.89,0.0,0.0,1.3924,0.0,0.0,0.0,1.0,1.3924,True,1088.917
152996#6,30.91,13.89,fuel,preseed,False,1,782.061,13.89,0.0,0.0,2.2253,0.0,0.0,0.0,1.0,2.2253,True,1740.3528
-152996#6,30.44,13.89,fuel,preseed,False,1,782.061,13.89,0.0,0.0,2.1915,0.0,0.0,0.0,1.0,2.1915,True,1713.89
152996#7,114.91,13.89,fuel,preseed,False,1,782.061,13.89,0.0,0.0,8.2729,0.0,0.0,0.0,1.0,8.2729,True,6469.8785
-152996#7,115.8,13.89,fuel,preseed,False,1,782.061,13.89,0.0,0.0,8.3369,0.0,0.0,0.0,1.0,8.3369,True,6519.989
152996#8,67.24,13.89,fuel,preseed,False,1,782.061,13.89,0.0,0.0,4.8409,0.0,0.0,0.0,1.0,4.8409,True,3785.8727
-152996#8,73.54,13.89,fuel,preseed,False,1,782.061,13.89,0.0,0.0,5.2945,0.0,0.0,0.0,1.0,5.2945,True,4140.5871
-153399#0,23.67,13.89,fuel,preseed,False,1,637.014,13.89,0.0,0.0,1.7041,0.0,0.0,0.0,1.0,1.7041,True,1085.5372
153399#1,221.14,13.89,fuel,preseed,False,4,816.547,13.89,0.0,0.0,15.9208,0.0,0.0,0.0,1.0,15.9208,True,13000.0876
-152997,1.26,13.89,fuel,ema_unlocked,False,6,789.823,13.659,0.0238,0.0,0.0923,0.0001,0.0,0.0,1.0001,0.0923,True,72.8614
-153554#3,39.12,13.89,fuel,preseed,False,1,851.606,13.89,0.0,0.0,2.8164,0.0,0.0,0.0,1.0,2.8164,True,2398.4754
152999,37.75,13.89,fuel,ema_unlocked,False,3,238.058,13.659,0.001,0.0,2.7638,0.0,0.0,0.0,1.0,2.7639,True,657.956
-153413#16,26.38,13.89,fuel,ema_unlocked,False,6,2330.665,13.659,0.0011,0.0,1.9314,0.0,0.0,0.0,1.0,1.9314,True,4501.4427
152997,8.07,13.89,fuel,ema_unlocked,False,3,1037.958,13.89,0.0,1670.849,0.581,0.0,0.8853,0.0,8.0827,4.696,True,603.0468
153556,45.12,13.89,fuel,preseed,False,2,782.061,13.89,0.0,0.0,3.2484,0.0,0.0,0.0,1.0,3.2484,True,2540.4309
-153000,275.84,13.89,fuel,preseed,False,0,782.061,13.89,0.0,0.0,19.8589,0.0,0.0,0.0,1.0,19.8589,False,15530.8614
-153332#1,56.09,13.89,fuel,preseed,False,0,782.061,13.89,0.0,0.0,4.0382,0.0,0.0,0.0,1.0,4.0382,False,3158.0845
153332#2,62.79,13.89,fuel,preseed,False,0,782.061,13.89,0.0,0.0,4.5205,0.0,0.0,0.0,1.0,4.5205,False,3535.3204
-153001#0,284.95,13.89,fuel,preseed,False,0,782.061,13.89,0.0,0.0,20.5148,0.0,0.0,0.0,1.0,20.5148,False,16043.7898
-153046,322.54,13.89,fuel,preseed,False,0,782.061,13.89,0.0,0.0,23.221,0.0,0.0,0.0,1.0,23.221,False,18160.2525
153001#1,177.24,13.89,fuel,preseed,False,0,782.061,13.89,0.0,0.0,12.7603,0.0,0.0,0.0,1.0,12.7603,False,9979.2992
-153435#2,21.07,13.89,fuel,ema_unlocked,False,1,2053.269,13.89,0.0,0.0,1.5169,0.0,0.0,0.0,1.0,1.5169,True,3114.6424
153001#0,280.18,13.89,fuel,preseed,False,0,782.061,13.89,0.0,0.0,20.1713,0.0,0.0,0.0,1.0,20.1713,False,15775.2203
153435#3,50.05,13.89,fuel,preseed,False,4,646.965,13.89,0.0,653.217,3.6033,0.0,0.0,0.0,1.0,3.6033,True,2331.216
-153001#1,171.54,13.89,fuel,preseed,False,0,782.061,13.89,0.0,0.0,12.3499,0.0,0.0,0.0,1.0,12.3499,False,9658.3671
153001#2,302.81,13.89,fuel,preseed,False,0,782.061,13.89,0.0,0.0,21.8006,0.0,0.0,0.0,1.0,21.8006,False,17049.377
153047,129.89,13.89,fuel,preseed,False,0,782.061,13.89,0.0,0.0,9.3513,0.0,0.0,0.0,1.0,9.3513,False,7313.3106
-153001#3,1154.59,13.89,fuel,preseed,False,0,782.061,13.89,0.0,0.0,83.1238,0.0,0.0,0.0,1.0,83.1238,False,65007.8934
153001#4,231.44,13.89,fuel,preseed,False,0,782.061,13.89,0.0,0.0,16.6623,0.0,0.0,0.0,1.0,16.6623,False,13030.9693
153579,119.58,13.89,fuel,preseed,False,0,782.061,13.89,0.0,0.0,8.6091,0.0,0.0,0.0,1.0,8.6091,False,6732.8176
-153001#4,240.11,13.89,fuel,preseed,False,0,782.061,13.89,0.0,0.0,17.2865,0.0,0.0,0.0,1.0,17.2865,False,13519.1239
-153003#0,2.18,13.89,fuel,preseed,False,0,782.061,13.89,0.0,0.0,0.1569,0.0,0.0,0.0,1.0,0.1569,False,122.7425
153003#1,44.42,13.89,fuel,preseed,False,4,840.374,13.89,0.0,6105.246,3.198,0.0,0.6359,0.0,6.0869,19.4657,True,2687.5023
-153404#8,4.19,13.89,fuel,preseed,False,3,789.934,13.89,0.0,0.0,0.3017,0.0,0.0,0.0,1.0,0.3017,True,238.2882
153003#0,2.18,13.89,fuel,preseed,False,4,602.186,13.89,0.0,147.056,0.1569,0.0,0.278,0.0,3.2238,0.506,True,94.5115
153445#0,172.87,13.89,fuel,preseed,False,1,782.061,13.89,0.0,0.0,12.4456,0.0,0.0,0.0,1.0,12.4456,True,9733.2512
-153003#1,45.03,13.89,fuel,preseed,False,0,782.061,13.89,0.0,0.0,3.2419,0.0,0.0,0.0,1.0,3.2419,False,2535.3636
153004,95.41,13.89,fuel,preseed,False,4,552.514,13.867,0.0004,1010.928,6.8802,0.0,0.0,0.0,1.0,6.8802,True,3801.3834
153334,75.25,13.89,fuel,preseed,False,0,782.061,13.89,0.0,0.0,5.4176,0.0,0.0,0.0,1.0,5.4176,False,4236.8667
-153006#0,437.32,13.89,fuel,ema_unlocked,False,5,237.576,13.897,0.0001,8092.278,31.4695,0.0,0.0412,0.0,1.3295,41.8389,True,7476.3965
153006#1,19.52,13.89,fuel,preseed,False,2,853.348,13.89,0.0,0.0,1.4053,0.0,0.0,0.0,1.0,1.4053,True,1199.2334
-153006#1,19.52,13.89,fuel,ema_unlocked,False,5,94.207,13.89,0.0,0.0,1.4053,0.0,0.0,0.0,1.0,1.4053,True,132.3919
153006#2,43.69,13.89,fuel,preseed,False,2,848.274,13.89,0.0,0.0,3.1454,0.0,0.0,0.0,1.0,3.1454,True,2668.1846
-153006#2,44.01,13.89,fuel,ema_unlocked,False,5,98.452,13.89,0.0,828.264,3.1685,0.0,0.8276,0.0,7.6207,24.146,True,311.9429
153006#3,53.15,13.89,fuel,preseed,False,2,766.638,13.89,0.0,0.0,3.8265,0.0,0.0,0.0,1.0,3.8265,True,2933.537
-153007#4,41.13,13.89,fuel,preseed,False,0,782.061,13.89,0.0,0.0,2.9611,0.0,0.0,0.0,1.0,2.9611,False,2315.7785
-153054,73.1,13.89,fuel,preseed,False,0,782.061,13.89,0.0,0.0,5.2628,0.0,0.0,0.0,1.0,5.2628,False,4115.8134
153007#5,299.54,13.89,fuel,preseed,False,1,782.061,13.89,0.0,0.0,21.5652,0.0,0.0,0.0,1.0,21.5652,True,16865.2633
-153007#5,300.44,13.89,fuel,preseed,False,0,782.061,13.89,0.0,0.0,21.6299,0.0,0.0,0.0,1.0,21.6299,False,16915.9368
-153456#6,44.14,13.89,fuel,ema_unlocked,False,4,2969.255,13.89,0.0,15493.013,3.1778,0.0,0.321,0.0,3.5678,11.3378,True,9435.7752
153007#6,11.59,13.89,fuel,ema_unlocked,False,2,457.182,13.89,0.0,0.0,0.8344,0.0,0.0,0.0,1.0,0.8344,True,381.479
-153007#6,11.75,13.89,fuel,ema_unlocked,False,2,121.641,13.89,0.0,527.539,0.8459,0.0,1.0,0.0,9.0,7.6134,True,102.9001
152406,9.56,13.89,fuel,ema_unlocked,False,2,628.937,13.659,0.0036,0.0,0.6999,0.0,0.0,0.0,1.0,0.6999,True,440.2123
-153476#9,17.23,13.89,fuel,preseed,False,2,782.061,13.89,0.0,0.0,1.2405,0.0,0.0,0.0,1.0,1.2405,True,970.1158
153008#0,65.87,13.89,fuel,ema_unlocked,False,6,2143.164,13.89,0.0,0.0,4.7423,0.0,0.0,0.0,1.0,4.7423,True,10163.4406
153476#10,148.37,13.89,fuel,ema_unlocked,False,10,1160.152,13.89,0.0,12409.156,10.6818,0.0,0.0007,0.0,1.0054,10.7392,True,12392.4934
-153008#1,7.7,13.89,fuel,preseed,False,0,782.061,13.89,0.0,0.0,0.5544,0.0,0.0,0.0,1.0,0.5544,False,433.5399
-153463,96.08,13.89,fuel,preseed,False,0,782.061,13.89,0.0,0.0,6.9172,0.0,0.0,0.0,1.0,6.9172,False,5409.6765
153008#2,144.29,13.89,fuel,ema_unlocked,False,6,1337.41,13.89,0.0,0.0,10.388,0.0,0.0,0.0,1.0,10.388,True,13893.0796
-153008#2,151.97,13.89,fuel,preseed,False,2,782.061,13.89,0.0,0.0,10.941,0.0,0.0,0.0,1.0,10.941,True,8556.5002
153008#3,1.68,13.89,fuel,preseed,False,1,791.901,13.89,0.0,0.0,0.121,0.0,0.0,0.0,1.0,0.121,True,95.7807
-153008#3,1.68,13.89,fuel,preseed,False,1,782.061,13.89,0.0,0.0,0.121,0.0,0.0,0.0,1.0,0.121,True,94.5905
153008#4,6.31,13.89,fuel,ema_unlocked,False,6,1032.021,13.848,0.0043,625.716,0.4557,0.0,0.1653,0.0,2.3223,1.0582,True,470.259
-153008#4,5.58,13.89,fuel,preseed,False,1,782.061,13.89,0.0,0.0,0.4017,0.0,0.0,0.0,1.0,0.4017,True,314.1756
153008#5,165.02,13.89,fuel,ema_unlocked,False,6,392.363,13.89,0.0,0.0,11.8805,0.0,0.0,0.0,1.0,11.8805,True,4661.469
-153008#5,155.0,13.89,fuel,preseed,False,2,782.061,13.89,0.0,0.0,11.1591,0.0,0.0,0.0,1.0,11.1591,True,8727.1009
153008#6,158.8,13.89,fuel,ema_unlocked,False,6,934.082,13.89,0.0,10840.075,11.4327,0.0,0.0075,0.0,1.0603,12.1222,True,10679.0704
-153008#6,165.19,13.89,fuel,preseed,False,2,782.061,13.89,0.0,0.0,11.8927,0.0,0.0,0.0,1.0,11.8927,True,9300.8374
153008#7,18.15,13.89,fuel,ema_unlocked,False,6,221.699,13.89,0.0,0.0,1.3067,0.0,0.0,0.0,1.0,1.3067,True,289.6926
-153008#7,15.05,13.89,fuel,preseed,False,2,782.061,13.89,0.0,0.0,1.0835,0.0,0.0,0.0,1.0,1.0835,True,847.3733
152402#2,6.8,13.89,fuel,ema_unlocked,False,8,534.625,13.89,0.0,0.0,0.4896,0.0,0.0,0.0,1.0,0.4896,True,261.7315
-153009#0,52.51,13.89,fuel,preseed,False,0,782.061,13.89,0.0,0.0,3.7804,0.0,0.0,0.0,1.0,3.7804,False,2956.5166
153009#1,37.95,13.89,fuel,preseed,False,0,782.061,13.89,0.0,0.0,2.7322,0.0,0.0,0.0,1.0,2.7322,False,2136.7321
-153010#1,66.0,13.89,fuel,preseed,False,1,782.061,13.89,0.0,0.0,4.7516,0.0,0.0,0.0,1.0,4.7516,True,3716.0559
-153476#22,48.54,13.89,fuel,ema_unlocked,False,7,617.571,13.89,0.0,0.0,3.4946,0.0,0.0,0.0,1.0,3.4946,True,2158.1625
153476#23,9.01,13.89,fuel,ema_unlocked,False,10,913.946,13.89,0.0,0.0,0.6487,0.0,0.0,0.0,1.0,0.6487,True,592.8476
-153013,1503.88,13.89,fuel,preseed,False,0,782.061,13.89,0.0,0.0,108.2707,0.0,0.0,0.0,1.0,108.2707,False,84674.2746
-153325#2,289.09,13.89,fuel,preseed,False,0,782.061,13.89,0.0,0.0,20.8128,0.0,0.0,0.0,1.0,20.8128,False,16276.8878
153362#0,168.41,13.89,fuel,preseed,False,0,782.061,13.89,0.0,0.0,12.1246,0.0,0.0,0.0,1.0,12.1246,False,9482.1359
-153014,118.43,13.89,fuel,preseed,False,0,782.061,13.89,0.0,0.0,8.5263,0.0,0.0,0.0,1.0,8.5263,False,6668.0682
-153349#2,237.4,13.89,fuel,preseed,False,0,782.061,13.89,0.0,0.0,17.0914,0.0,0.0,0.0,1.0,17.0914,False,13366.5404
153349#3,200.96,13.89,fuel,preseed,False,0,782.061,13.89,0.0,0.0,14.468,0.0,0.0,0.0,1.0,14.468,False,11314.8271
153014,121.5,13.89,fuel,preseed,False,0,782.061,13.89,0.0,0.0,8.7473,0.0,0.0,0.0,1.0,8.7473,False,6840.9211
-153015,388.05,13.89,fuel,preseed,False,0,782.061,13.89,0.0,0.0,27.9374,0.0,0.0,0.0,1.0,27.9374,False,21848.7195
-153343#0,618.36,13.89,fuel,preseed,False,0,782.061,13.89,0.0,0.0,44.5184,0.0,0.0,0.0,1.0,44.5184,False,34816.0654
153015,403.07,13.89,fuel,preseed,False,0,782.061,13.89,0.0,0.0,29.0187,0.0,0.0,0.0,1.0,29.0187,False,22694.4037
153343#1,643.53,13.89,fuel,preseed,False,0,782.061,13.89,0.0,0.0,46.3305,0.0,0.0,0.0,1.0,46.3305,False,36233.234
-153016,139.1,13.89,fuel,preseed,False,0,782.061,13.89,0.0,0.0,10.0144,0.0,0.0,0.0,1.0,10.0144,False,7831.8693
-153349#3,209.6,13.89,fuel,preseed,False,0,782.061,13.89,0.0,0.0,15.09,0.0,0.0,0.0,1.0,15.09,False,11801.2926
153349#4,275.13,13.89,fuel,preseed,False,0,782.061,13.89,0.0,0.0,19.8078,0.0,0.0,0.0,1.0,19.8078,False,15490.8857
153016,127.98,13.89,fuel,preseed,False,0,782.061,13.89,0.0,0.0,9.2138,0.0,0.0,0.0,1.0,9.2138,False,7205.7702
-153017,228.39,13.89,fuel,preseed,False,0,782.061,13.89,0.0,0.0,16.4428,0.0,0.0,0.0,1.0,16.4428,False,12859.2425
-153349#1,54.12,13.89,fuel,preseed,False,0,782.061,13.89,0.0,0.0,3.8963,0.0,0.0,0.0,1.0,3.8963,False,3047.1658
153017,220.71,13.89,fuel,preseed,False,0,782.061,13.89,0.0,0.0,15.8898,0.0,0.0,0.0,1.0,15.8898,False,12426.8287
153349#2,241.03,13.89,fuel,preseed,False,0,782.061,13.89,0.0,0.0,17.3528,0.0,0.0,0.0,1.0,17.3528,False,13570.9235
-153018#0,125.63,13.89,fuel,preseed,False,0,782.061,13.89,0.0,0.0,9.0446,0.0,0.0,0.0,1.0,9.0446,False,7073.4561
-153577,48.58,13.89,fuel,preseed,False,0,782.061,13.89,0.0,0.0,3.4975,0.0,0.0,0.0,1.0,3.4975,False,2735.2423
153018#1,12.71,13.89,fuel,preseed,False,0,782.061,13.89,0.0,0.0,0.915,0.0,0.0,0.0,1.0,0.915,False,715.6223
153018#0,140.06,13.89,fuel,preseed,False,0,782.061,13.89,0.0,0.0,10.0835,0.0,0.0,0.0,1.0,10.0835,False,7885.921
-153018#1,11.54,13.89,fuel,preseed,False,0,782.061,13.89,0.0,0.0,0.8308,0.0,0.0,0.0,1.0,0.8308,False,649.7467
153018#2,65.09,13.89,fuel,preseed,False,0,782.061,13.89,0.0,0.0,4.6861,0.0,0.0,0.0,1.0,4.6861,False,3664.8194
153349#0,1549.23,13.89,fuel,preseed,False,0,782.061,13.89,0.0,0.0,111.5356,0.0,0.0,0.0,1.0,111.5356,False,87227.6554
-153018#2,74.95,13.89,fuel,preseed,False,0,782.061,13.89,0.0,0.0,5.396,0.0,0.0,0.0,1.0,5.396,False,4219.9756
-153578#1,197.19,13.89,fuel,preseed,False,0,782.061,13.89,0.0,0.0,14.1965,0.0,0.0,0.0,1.0,14.1965,False,11102.5615
153578#2,147.49,13.89,fuel,preseed,False,0,782.061,13.89,0.0,0.0,10.6184,0.0,0.0,0.0,1.0,10.6184,False,8304.2588
-153019,120.5,13.89,fuel,preseed,False,0,782.061,13.89,0.0,0.0,8.6753,0.0,0.0,0.0,1.0,8.6753,False,6784.6172
-153485#2,123.12,13.89,fuel,preseed,False,0,782.061,13.89,0.0,0.0,8.8639,0.0,0.0,0.0,1.0,8.8639,False,6932.1333
153485#3,227.66,13.89,fuel,preseed,False,0,782.061,13.89,0.0,0.0,16.3902,0.0,0.0,0.0,1.0,16.3902,False,12818.1406
153019,117.53,13.89,fuel,preseed,False,0,782.061,13.89,0.0,0.0,8.4615,0.0,0.0,0.0,1.0,8.4615,False,6617.3947
-153020,267.1,13.89,fuel,preseed,False,0,782.061,13.89,0.0,0.0,19.2297,0.0,0.0,0.0,1.0,19.2297,False,15038.7656
-153485#3,230.01,13.89,fuel,preseed,False,0,782.061,13.89,0.0,0.0,16.5594,0.0,0.0,0.0,1.0,16.5594,False,12950.4548
153485#4,757.14,13.89,fuel,preseed,False,0,782.061,13.89,0.0,0.0,54.5097,0.0,0.0,0.0,1.0,54.5097,False,42629.9175
153020,260.73,13.89,fuel,preseed,False,0,782.061,13.89,0.0,0.0,18.7711,0.0,0.0,0.0,1.0,18.7711,False,14680.1099
-153021,115.89,13.89,fuel,preseed,False,0,782.061,13.89,0.0,0.0,8.3434,0.0,0.0,0.0,1.0,8.3434,False,6525.0563
-153371#3,309.72,13.89,fuel,preseed,False,0,782.061,13.89,0.0,0.0,22.2981,0.0,0.0,0.0,1.0,22.2981,False,17438.4368
153021,153.83,13.89,fuel,preseed,False,0,782.061,13.89,0.0,0.0,11.0749,0.0,0.0,0.0,1.0,11.0749,False,8661.2254
153371#4,68.05,13.89,fuel,preseed,False,0,782.061,13.89,0.0,0.0,4.8992,0.0,0.0,0.0,1.0,4.8992,False,3831.4788
-153022,358.94,13.89,fuel,preseed,False,0,782.061,13.89,0.0,0.0,25.8416,0.0,0.0,0.0,1.0,25.8416,False,20209.7136
-153371#1,281.13,13.89,fuel,preseed,False,0,782.061,13.89,0.0,0.0,20.2397,0.0,0.0,0.0,1.0,20.2397,False,15828.709
153022,370.9,13.89,fuel,preseed,False,0,782.061,13.89,0.0,0.0,26.7027,0.0,0.0,0.0,1.0,26.7027,False,20883.108
153371#2,236.43,13.89,fuel,preseed,False,0,782.061,13.89,0.0,0.0,17.0216,0.0,0.0,0.0,1.0,17.0216,False,13311.9256
-153383#2,159.93,13.89,fuel,preseed,False,1,782.061,13.89,0.0,0.0,11.514,0.0,0.0,0.0,1.0,11.514,True,9004.6791
153023#0,234.35,13.89,fuel,preseed,False,2,664.119,13.89,0.0,0.0,16.8719,0.0,0.0,0.0,1.0,16.8719,True,11204.9127
153383#3,376.68,13.89,fuel,preseed,False,2,569.118,13.89,0.0,0.0,27.1188,0.0,0.0,0.0,1.0,27.1188,True,15433.7823
-153023#2,160.46,13.89,fuel,preseed,False,0,782.061,13.89,0.0,0.0,11.5522,0.0,0.0,0.0,1.0,11.5522,False,9034.5201
153023#3,48.01,13.89,fuel,preseed,False,1,629.176,13.89,0.0,0.0,3.4564,0.0,0.0,0.0,1.0,3.4564,True,2174.7116
-153023#3,51.01,13.89,fuel,preseed,False,0,782.061,13.89,0.0,0.0,3.6724,0.0,0.0,0.0,1.0,3.6724,False,2872.0608
-153374#0,3.0,13.89,fuel,preseed,False,0,782.061,13.89,0.0,0.0,0.216,0.0,0.0,0.0,1.0,0.216,False,168.9116
153374#1,106.55,13.89,fuel,preseed,False,2,804.194,13.89,0.0,0.0,7.671,0.0,0.0,0.0,1.0,7.671,True,6168.9635
-153024,123.0,13.89,fuel,preseed,False,0,782.061,13.89,0.0,0.0,8.8553,0.0,0.0,0.0,1.0,8.8553,False,6925.3769
-153025,153.62,13.89,fuel,preseed,False,0,782.061,13.89,0.0,0.0,11.0598,0.0,0.0,0.0,1.0,11.0598,False,8649.4016
-153026,185.06,13.89,fuel,preseed,False,0,782.061,13.89,0.0,0.0,13.3233,0.0,0.0,0.0,1.0,13.3233,False,10419.5955
-153327#0,119.76,13.89,fuel,preseed,False,0,782.061,13.89,0.0,0.0,8.622,0.0,0.0,0.0,1.0,8.622,False,6742.9523
153026,187.27,13.89,fuel,preseed,False,0,782.061,13.89,0.0,0.0,13.4824,0.0,0.0,0.0,1.0,13.4824,False,10544.0271
153327#1,110.28,13.89,fuel,preseed,False,2,782.061,13.89,0.0,0.0,7.9395,0.0,0.0,0.0,1.0,7.9395,True,6209.1916
-153027,163.91,13.89,fuel,preseed,False,0,782.061,13.89,0.0,0.0,11.8006,0.0,0.0,0.0,1.0,11.8006,False,9228.7685
-153490#2,51.08,13.89,fuel,preseed,False,1,811.35,13.89,0.0,0.0,3.6775,0.0,0.0,0.0,1.0,3.6775,True,2983.7111
153490#3,21.12,13.89,fuel,preseed,False,1,782.061,13.89,0.0,0.0,1.5205,0.0,0.0,0.0,1.0,1.5205,True,1189.1379
153027,146.37,13.89,fuel,preseed,False,0,782.061,13.89,0.0,0.0,10.5378,0.0,0.0,0.0,1.0,10.5378,False,8241.1985
-153028,141.95,13.89,fuel,preseed,False,0,782.061,13.89,0.0,0.0,10.2196,0.0,0.0,0.0,1.0,10.2196,False,7992.3353
-153029,133.69,13.89,fuel,preseed,False,0,782.061,13.89,0.0,0.0,9.6249,0.0,0.0,0.0,1.0,9.6249,False,7527.2653
-153394#1,59.01,13.89,fuel,preseed,False,1,869.44,13.89,0.0,0.0,4.2484,0.0,0.0,0.0,1.0,4.2484,True,3693.7103
153394#2,267.13,13.89,fuel,preseed,False,2,782.061,13.89,0.0,0.0,19.2318,0.0,0.0,0.0,1.0,19.2318,True,15040.4547
153029,134.8,13.89,fuel,preseed,False,0,782.061,13.89,0.0,0.0,9.7048,0.0,0.0,0.0,1.0,9.7048,False,7589.7626
-153030,88.98,13.89,fuel,preseed,False,0,782.061,13.89,0.0,0.0,6.406,0.0,0.0,0.0,1.0,6.406,False,5009.919
-153033#0,76.4,13.89,fuel,preseed,False,0,782.061,13.89,0.0,0.0,5.5004,0.0,0.0,0.0,1.0,5.5004,False,4301.6162
153033#1,9.04,13.89,fuel,preseed,False,0,782.061,13.89,0.0,0.0,0.6508,0.0,0.0,0.0,1.0,0.6508,False,508.987
153030,93.07,13.89,fuel,preseed,False,0,782.061,13.89,0.0,0.0,6.7005,0.0,0.0,0.0,1.0,6.7005,False,5240.2018
-153031#0,25.56,13.89,fuel,preseed,False,0,782.061,13.89,0.0,0.0,1.8402,0.0,0.0,0.0,1.0,1.8402,False,1439.1271
153031#1,122.16,13.89,fuel,preseed,False,0,782.061,13.89,0.0,0.0,8.7948,0.0,0.0,0.0,1.0,8.7948,False,6878.0816
153035,201.22,13.89,fuel,preseed,False,0,782.061,13.89,0.0,0.0,14.4867,0.0,0.0,0.0,1.0,14.4867,False,11329.4661
-153327#5,27.06,13.89,fuel,preseed,False,0,782.061,13.89,0.0,0.0,1.9482,0.0,0.0,0.0,1.0,1.9482,False,1523.5829
153031#0,28.77,13.89,fuel,preseed,False,0,782.061,13.89,0.0,0.0,2.0713,0.0,0.0,0.0,1.0,2.0713,False,1619.8625
153327#6,181.7,13.89,fuel,preseed,False,2,782.061,13.89,0.0,0.0,13.0814,0.0,0.0,0.0,1.0,13.0814,True,10230.4145
-153031#1,123.5,13.89,fuel,preseed,False,0,782.061,13.89,0.0,0.0,8.8913,0.0,0.0,0.0,1.0,8.8913,False,6953.5288
153033#0,80.45,13.89,fuel,preseed,False,0,782.061,13.89,0.0,0.0,5.7919,0.0,0.0,0.0,1.0,5.7919,False,4529.6469
-153033#1,8.38,13.89,fuel,preseed,False,0,782.061,13.89,0.0,0.0,0.6033,0.0,0.0,0.0,1.0,0.6033,False,471.8265
-153040#0,130.72,13.89,fuel,preseed,False,0,782.061,13.89,0.0,0.0,9.4111,0.0,0.0,0.0,1.0,9.4111,False,7360.0428
153033#2,134.74,13.89,fuel,preseed,False,0,782.061,13.89,0.0,0.0,9.7005,0.0,0.0,0.0,1.0,9.7005,False,7586.3844
153040#1,61.23,13.89,fuel,preseed,False,0,782.061,13.89,0.0,0.0,4.4082,0.0,0.0,0.0,1.0,4.4082,False,3447.4864
-153033#3,164.71,13.89,fuel,preseed,False,0,782.061,13.89,0.0,0.0,11.8582,0.0,0.0,0.0,1.0,11.8582,False,9273.8116
-153034,145.65,13.89,fuel,preseed,False,0,782.061,13.89,0.0,0.0,10.486,0.0,0.0,0.0,1.0,10.486,False,8200.6597
-153327#9,57.38,13.89,fuel,preseed,False,0,782.061,13.89,0.0,0.0,4.131,0.0,0.0,0.0,1.0,4.131,False,3230.7165
153037,280.89,13.89,fuel,preseed,False,0,782.061,13.89,0.0,0.0,20.2225,0.0,0.0,0.0,1.0,20.2225,False,15815.196
153034,156.62,13.89,fuel,preseed,False,0,782.061,13.89,0.0,0.0,11.2757,0.0,0.0,0.0,1.0,11.2757,False,8818.3132
153327#11,121.01,13.89,fuel,preseed,False,3,782.061,13.89,0.0,0.0,8.712,0.0,0.0,0.0,1.0,8.712,True,6813.3322
-153035,211.42,13.89,fuel,preseed,False,0,782.061,13.89,0.0,0.0,15.221,0.0,0.0,0.0,1.0,15.221,False,11903.7657
-153036,41.74,13.89,fuel,preseed,False,0,782.061,13.89,0.0,0.0,3.005,0.0,0.0,0.0,1.0,3.005,False,2350.1238
-153440#4,117.79,13.89,fuel,preseed,False,2,782.061,13.89,0.0,0.0,8.4802,0.0,0.0,0.0,1.0,8.4802,True,6632.0337
153036,31.64,13.89,fuel,preseed,False,0,782.061,13.89,0.0,0.0,2.2779,0.0,0.0,0.0,1.0,2.2779,False,1781.4547
153440#5,42.85,13.89,fuel,preseed,False,2,786.483,13.89,0.0,0.0,3.085,0.0,0.0,0.0,1.0,3.085,True,2426.2645
-153038,102.16,13.89,fuel,preseed,False,0,782.061,13.89,0.0,0.0,7.3549,0.0,0.0,0.0,1.0,7.3549,False,5752.0041
-153449#5,8.05,13.89,fuel,preseed,False,0,782.061,13.89,0.0,0.0,0.5796,0.0,0.0,0.0,1.0,0.5796,False,453.2462
153449#6,30.02,13.89,fuel,preseed,False,2,782.061,13.89,0.0,0.0,2.1613,0.0,0.0,0.0,1.0,2.1613,True,1690.2424
153038,101.42,13.89,fuel,preseed,False,0,782.061,13.89,0.0,0.0,7.3017,0.0,0.0,0.0,1.0,7.3017,False,5710.3392
153039,82.26,13.89,fuel,preseed,False,1,782.061,13.89,0.0,0.0,5.9222,0.0,0.0,0.0,1.0,5.9222,True,4631.5569
153040#0,119.65,13.89,fuel,preseed,False,0,782.061,13.89,0.0,0.0,8.6141,0.0,0.0,0.0,1.0,8.6141,False,6736.7589
-153040#1,61.32,13.89,fuel,preseed,False,0,782.061,13.89,0.0,0.0,4.4147,0.0,0.0,0.0,1.0,4.4147,False,3452.5537
-153041,134.36,13.89,fuel,preseed,False,1,782.061,13.89,0.0,0.0,9.6731,0.0,0.0,0.0,1.0,9.6731,True,7564.9889
-153420#0,114.15,13.89,fuel,preseed,False,0,782.061,13.89,0.0,0.0,8.2181,0.0,0.0,0.0,1.0,8.2181,False,6427.0876
153420#1,136.66,13.89,fuel,preseed,False,1,662.794,13.89,0.0,0.0,9.8387,0.0,0.0,0.0,1.0,9.8387,True,6521.0551
-153042#1,20.07,13.89,fuel,preseed,False,0,782.061,13.89,0.0,0.0,1.4449,0.0,0.0,0.0,1.0,1.4449,False,1130.0188
153043#0,97.87,13.89,fuel,preseed,False,0,782.061,13.89,0.0,0.0,7.0461,0.0,0.0,0.0,1.0,7.0461,False,5510.4604
-153044,90.79,13.89,fuel,preseed,False,0,782.061,13.89,0.0,0.0,6.5364,0.0,0.0,0.0,1.0,6.5364,False,5111.829
-153327#3,94.57,13.89,fuel,preseed,False,0,782.061,13.89,0.0,0.0,6.8085,0.0,0.0,0.0,1.0,6.8085,False,5324.6577
153044,90.29,13.89,fuel,preseed,False,0,782.061,13.89,0.0,0.0,6.5004,0.0,0.0,0.0,1.0,6.5004,False,5083.6771
153045,53.54,13.89,fuel,preseed,False,0,782.061,13.89,0.0,0.0,3.8546,0.0,0.0,0.0,1.0,3.8546,False,3014.5096
153327#4,215.92,13.89,fuel,preseed,False,2,782.061,13.89,0.0,0.0,15.545,0.0,0.0,0.0,1.0,15.545,True,12157.1331
-153045,50.97,13.89,fuel,preseed,False,0,782.061,13.89,0.0,0.0,3.6695,0.0,0.0,0.0,1.0,3.6695,False,2869.8086
153046,312.82,13.89,fuel,preseed,False,0,782.061,13.89,0.0,0.0,22.5212,0.0,0.0,0.0,1.0,22.5212,False,17612.9788
-153047,127.34,13.89,fuel,preseed,False,0,782.061,13.89,0.0,0.0,9.1677,0.0,0.0,0.0,1.0,9.1677,False,7169.7357
153048#0,96.79,13.89,fuel,preseed,False,0,782.061,13.89,0.0,0.0,6.9683,0.0,0.0,0.0,1.0,6.9683,False,5449.6523
-153048#1,73.95,13.89,fuel,preseed,False,0,782.061,13.89,0.0,0.0,5.324,0.0,0.0,0.0,1.0,5.324,False,4163.6717
-153451#6,15.8,13.89,fuel,preseed,False,1,659.364,13.89,0.0,0.0,1.1375,0.0,0.0,0.0,1.0,1.1375,True,750.0321
153451#7,421.78,13.89,fuel,ema_unlocked,False,7,1176.505,13.89,0.0,0.0,30.3657,0.0,0.0,0.0,1.0,30.3657,True,35725.446
-153049,313.31,13.89,fuel,preseed,False,0,782.061,13.89,0.0,0.0,22.5565,0.0,0.0,0.0,1.0,22.5565,False,17640.5677
-153440#1,19.77,13.89,fuel,preseed,False,0,782.061,13.89,0.0,0.0,1.4233,0.0,0.0,0.0,1.0,1.4233,False,1113.1276
153049,312.13,13.89,fuel,preseed,False,0,782.061,13.89,0.0,0.0,22.4716,0.0,0.0,0.0,1.0,22.4716,False,17574.1291
153440#2,175.09,13.89,fuel,preseed,False,2,677.635,13.89,0.0,0.0,12.6055,0.0,0.0,0.0,1.0,12.6055,True,8541.915
153050#0,205.62,13.89,fuel,preseed,False,0,782.061,13.89,0.0,0.0,14.8035,0.0,0.0,0.0,1.0,14.8035,False,11577.2032
-153050#1,343.41,13.89,fuel,preseed,False,0,782.061,13.89,0.0,0.0,24.7235,0.0,0.0,0.0,1.0,24.7235,False,19335.3144
-153051,91.1,13.89,fuel,preseed,False,0,782.061,13.89,0.0,0.0,6.5587,0.0,0.0,0.0,1.0,6.5587,False,5129.2832
-153456#4,361.89,13.89,fuel,ema_unlocked,False,4,2676.342,13.659,0.0002,0.0,26.4956,0.0,0.0,0.0,1.0,26.4956,True,70911.2666
153051,88.37,13.89,fuel,preseed,False,0,782.061,13.89,0.0,0.0,6.3621,0.0,0.0,0.0,1.0,6.3621,False,4975.5736
153456#5,140.26,13.89,fuel,ema_unlocked,False,2,111.044,13.89,0.0,1818.401,10.0979,0.0,0.3108,0.0,3.4867,35.2081,True,1121.3151
-153052,144.53,13.89,fuel,preseed,False,0,782.061,13.89,0.0,0.0,10.4053,0.0,0.0,0.0,1.0,10.4053,False,8137.5993
-153053,1392.32,13.89,fuel,preseed,False,0,782.061,13.89,0.0,0.0,100.239,0.0,0.0,0.0,1.0,100.239,False,78393.0141
-153452#1,33.93,13.89,fuel,preseed,False,4,924.221,13.89,0.0,4129.298,2.4428,0.0,0.4145,0.0,4.3161,10.5432,True,2257.6534
153452#2,172.67,13.89,fuel,ema_unlocked,False,9,596.266,13.89,0.0,0.0,12.4312,0.0,0.0,0.0,1.0,12.4312,True,7412.3253
-153055#0,286.32,13.89,fuel,preseed,False,0,782.061,13.89,0.0,0.0,20.6134,0.0,0.0,0.0,1.0,20.6134,False,16120.9261
153053,1382.29,13.89,fuel,preseed,False,0,782.061,13.89,0.0,0.0,99.5169,0.0,0.0,0.0,1.0,99.5169,False,77828.2862
153055#1,784.72,13.89,fuel,preseed,False,0,782.061,13.89,0.0,0.0,56.4953,0.0,0.0,0.0,1.0,56.4953,False,44182.7784
153054,75.23,13.89,fuel,preseed,False,0,782.061,13.89,0.0,0.0,5.4161,0.0,0.0,0.0,1.0,5.4161,False,4235.7407
153055#0,281.94,13.89,fuel,preseed,False,0,782.061,13.89,0.0,0.0,20.2981,0.0,0.0,0.0,1.0,20.2981,False,15874.3151
-153055#1,783.59,13.89,fuel,preseed,False,0,782.061,13.89,0.0,0.0,56.414,0.0,0.0,0.0,1.0,56.414,False,44119.155
-153056,90.41,13.89,fuel,preseed,False,0,782.061,13.89,0.0,0.0,6.509,0.0,0.0,0.0,1.0,6.509,False,5090.4335
-153381#4,253.65,13.89,fuel,preseed,False,0,782.061,13.89,0.0,0.0,18.2613,0.0,0.0,0.0,1.0,18.2613,False,14281.4784
153056,80.74,13.89,fuel,preseed,False,0,782.061,13.89,0.0,0.0,5.8128,0.0,0.0,0.0,1.0,5.8128,False,4545.975
153381#5,459.69,13.89,fuel,preseed,False,1,782.061,13.89,0.0,0.0,33.095,0.0,0.0,0.0,1.0,33.095,True,25882.3292
-153058#0,40.82,13.89,fuel,preseed,False,0,782.061,13.89,0.0,0.0,2.9388,0.0,0.0,0.0,1.0,2.9388,False,2298.3243
153058#1,63.47,13.89,fuel,preseed,False,0,782.061,13.89,0.0,0.0,4.5695,0.0,0.0,0.0,1.0,4.5695,False,3573.6071
-153449#8,58.69,13.89,fuel,preseed,False,0,782.061,13.89,0.0,0.0,4.2253,0.0,0.0,0.0,1.0,4.2253,False,3304.4745
153058#0,41.45,13.89,fuel,preseed,False,0,782.061,13.89,0.0,0.0,2.9842,0.0,0.0,0.0,1.0,2.9842,False,2333.7957
153449#9,68.96,13.89,fuel,preseed,False,2,782.061,13.89,0.0,0.0,4.9647,0.0,0.0,0.0,1.0,4.9647,True,3882.7154
-153058#1,57.59,13.89,fuel,preseed,False,0,782.061,13.89,0.0,0.0,4.1461,0.0,0.0,0.0,1.0,4.1461,False,3242.5403
153058#2,169.03,13.89,fuel,preseed,False,0,782.061,13.89,0.0,0.0,12.1692,0.0,0.0,0.0,1.0,12.1692,False,9517.0443
-153058#2,169.3,13.89,fuel,preseed,False,0,782.061,13.89,0.0,0.0,12.1886,0.0,0.0,0.0,1.0,12.1886,False,9532.2464
153058#3,13.55,13.89,fuel,preseed,False,0,782.061,13.89,0.0,0.0,0.9755,0.0,0.0,0.0,1.0,0.9755,False,762.9175
-153058#3,13.55,13.89,fuel,preseed,False,0,782.061,13.89,0.0,0.0,0.9755,0.0,0.0,0.0,1.0,0.9755,False,762.9175
-153059#1,91.39,13.89,fuel,preseed,False,0,782.061,13.89,0.0,0.0,6.5796,0.0,0.0,0.0,1.0,6.5796,False,5145.6113
-153060,264.86,13.89,fuel,preseed,False,0,782.061,13.89,0.0,0.0,19.0684,0.0,0.0,0.0,1.0,19.0684,False,14912.6449
153061,172.18,13.89,fuel,preseed,False,0,782.061,13.89,0.0,0.0,12.396,0.0,0.0,0.0,1.0,12.396,False,9694.4015
153062#0,67.19,13.89,fuel,preseed,False,0,782.061,13.89,0.0,0.0,4.8373,0.0,0.0,0.0,1.0,4.8373,False,3783.0575
-153062#1,199.05,13.89,fuel,preseed,False,0,782.061,13.89,0.0,0.0,14.3305,0.0,0.0,0.0,1.0,14.3305,False,11207.2867
-153063#0,27.43,13.89,fuel,preseed,False,0,782.061,13.89,0.0,0.0,1.9748,0.0,0.0,0.0,1.0,1.9748,False,1544.4153
-153064,69.1,13.89,fuel,preseed,False,0,782.061,13.89,0.0,0.0,4.9748,0.0,0.0,0.0,1.0,4.9748,False,3890.5979
153063#1,103.14,13.89,fuel,preseed,False,0,782.061,13.89,0.0,0.0,7.4255,0.0,0.0,0.0,1.0,7.4255,False,5807.1819
-153063#1,91.8,13.89,fuel,preseed,False,0,782.061,13.89,0.0,0.0,6.6091,0.0,0.0,0.0,1.0,6.6091,False,5168.6959
-153427#3,86.27,13.89,fuel,preseed,False,0,782.061,13.89,0.0,0.0,6.2109,0.0,0.0,0.0,1.0,6.2109,False,4857.3355
153427#4,208.25,13.89,fuel,preseed,False,0,782.061,13.89,0.0,0.0,14.9928,0.0,0.0,0.0,1.0,14.9928,False,11725.2824
153064,63.38,13.89,fuel,preseed,False,0,782.061,13.89,0.0,0.0,4.563,0.0,0.0,0.0,1.0,4.563,False,3568.5397
153065#0,42.01,13.89,fuel,preseed,False,0,782.061,13.89,0.0,0.0,3.0245,0.0,0.0,0.0,1.0,3.0245,False,2365.3259
-153066,164.91,13.89,fuel,preseed,False,0,782.061,13.89,0.0,0.0,11.8726,0.0,0.0,0.0,1.0,11.8726,False,9285.0724
153067,91.03,13.89,fuel,preseed,False,0,782.061,13.89,0.0,0.0,6.5536,0.0,0.0,0.0,1.0,6.5536,False,5125.3419
-153068,177.81,13.89,fuel,preseed,False,0,782.061,13.89,0.0,0.0,12.8013,0.0,0.0,0.0,1.0,12.8013,False,10011.3924
-153451#0,164.63,13.89,fuel,preseed,False,4,773.204,13.89,0.0,0.0,11.8524,0.0,0.0,0.0,1.0,11.8524,True,9164.3365
153451#1,309.97,13.89,fuel,ema_unlocked,False,8,379.994,13.89,0.0,0.0,22.3161,0.0,0.0,0.0,1.0,22.3161,True,8479.9739
153068,186.3,13.89,fuel,preseed,False,0,782.061,13.89,0.0,0.0,13.4125,0.0,0.0,0.0,1.0,13.4125,False,10489.4123
153070#0,220.34,13.89,fuel,preseed,False,0,782.061,13.89,0.0,0.0,15.8632,0.0,0.0,0.0,1.0,15.8632,False,12405.9963
-153070#1,148.71,13.89,fuel,preseed,False,0,782.061,13.89,0.0,0.0,10.7063,0.0,0.0,0.0,1.0,10.7063,False,8372.9496
153071#0,44.13,13.89,fuel,preseed,False,0,782.061,13.89,0.0,0.0,3.1771,0.0,0.0,0.0,1.0,3.1771,False,2484.6901
-153071#1,76.02,13.89,fuel,preseed,False,0,782.061,13.89,0.0,0.0,5.473,0.0,0.0,0.0,1.0,5.473,False,4280.2207
-153072,157.08,13.89,fuel,preseed,False,0,782.061,13.89,0.0,0.0,11.3089,0.0,0.0,0.0,1.0,11.3089,False,8844.213
-153427#1,45.37,13.89,fuel,preseed,False,0,782.061,13.89,0.0,0.0,3.2664,0.0,0.0,0.0,1.0,3.2664,False,2554.5069
153072,157.42,13.89,fuel,preseed,False,0,782.061,13.89,0.0,0.0,11.3333,0.0,0.0,0.0,1.0,11.3333,False,8863.3563
153427#2,234.28,13.89,fuel,preseed,False,0,782.061,13.89,0.0,0.0,16.8668,0.0,0.0,0.0,1.0,16.8668,False,13190.8723
-153073,56.62,13.89,fuel,preseed,False,0,782.061,13.89,0.0,0.0,4.0763,0.0,0.0,0.0,1.0,4.0763,False,3187.9255
-153427#0,87.56,13.89,fuel,preseed,False,0,782.061,13.89,0.0,0.0,6.3038,0.0,0.0,0.0,1.0,6.3038,False,4929.9675
153074,59.77,13.89,fuel,preseed,False,0,782.061,13.89,0.0,0.0,4.3031,0.0,0.0,0.0,1.0,4.3031,False,3365.2827
153427#1,45.37,13.89,fuel,preseed,False,0,782.061,13.89,0.0,0.0,3.2664,0.0,0.0,0.0,1.0,3.2664,False,2554.5069
-153078,112.58,13.89,fuel,preseed,False,0,782.061,13.89,0.0,0.0,8.1051,0.0,0.0,0.0,1.0,8.1051,False,6338.6905
-153343#2,38.08,13.89,fuel,preseed,False,0,782.061,13.89,0.0,0.0,2.7415,0.0,0.0,0.0,1.0,2.7415,False,2144.0516
153078,113.82,13.89,fuel,preseed,False,0,782.061,13.89,0.0,0.0,8.1944,0.0,0.0,0.0,1.0,8.1944,False,6408.5073
153343#3,57.05,13.89,fuel,preseed,False,0,782.061,13.89,0.0,0.0,4.1073,0.0,0.0,0.0,1.0,4.1073,False,3212.1362
-153079,83.96,13.89,fuel,preseed,False,0,782.061,13.89,0.0,0.0,6.0446,0.0,0.0,0.0,1.0,6.0446,False,4727.2735
-153327#1,113.44,13.89,fuel,preseed,False,0,782.061,13.89,0.0,0.0,8.167,0.0,0.0,0.0,1.0,8.167,False,6387.1118
153327#2,426.45,13.89,fuel,preseed,False,2,782.061,13.89,0.0,0.0,30.7019,0.0,0.0,0.0,1.0,30.7019,True,24010.7884
153079,87.09,13.89,fuel,preseed,False,0,782.061,13.89,0.0,0.0,6.27,0.0,0.0,0.0,1.0,6.27,False,4903.5047
-153273#1,5.5,13.89,fuel,preseed,False,1,782.061,13.89,0.0,0.0,0.396,0.0,0.0,0.0,1.0,0.396,True,309.6713
153273#2,78.92,13.89,fuel,preseed,False,0,782.061,13.89,0.0,0.0,5.6818,0.0,0.0,0.0,1.0,5.6818,False,4443.502
-153323#0,7.19,13.89,fuel,preseed,False,1,687.275,13.89,0.0,0.0,0.5176,0.0,0.0,0.0,1.0,0.5176,True,355.7601
153323#1,182.38,13.89,fuel,ema_unlocked,False,1,836.054,13.89,0.0,0.0,13.1303,0.0,0.0,0.0,1.0,13.1303,True,10977.6495
-153363#3,153.49,13.89,fuel,preseed,False,1,719.798,13.89,0.0,0.0,11.0504,0.0,0.0,0.0,1.0,11.0504,True,7954.0482
-153365#4,250.59,13.89,fuel,ema_unlocked,False,1,570.331,13.89,0.0,0.0,18.041,0.0,0.0,0.0,1.0,18.041,True,10289.3554
153323#0,12.56,13.89,fuel,ema_unlocked,False,1,995.736,13.897,0.0013,995.606,0.9038,0.0,0.0532,0.0,1.4253,1.2881,True,899.9276
-153323#1,183.98,13.89,fuel,ema_unlocked,False,2,576.351,13.659,0.0001,0.0,13.47,0.0,0.0,0.0,1.0,13.47,True,7763.4538
153323#2,197.78,13.89,fuel,ema_unlocked,False,1,812.052,13.89,0.0,11502.615,14.239,0.0,0.0,0.0,1.0,14.239,True,11562.8184
-153323#2,196.28,13.89,fuel,ema_unlocked,False,2,554.273,13.659,0.0001,0.0,14.3705,0.0,0.0,0.0,1.0,14.3705,True,7965.2016
153323#3,48.24,13.89,fuel,ema_unlocked,False,1,734.607,13.659,0.0004,0.0,3.5319,0.0,0.0,0.0,1.0,3.5319,True,2594.5347
-153323#3,49.39,13.89,fuel,ema_unlocked,False,2,570.211,13.89,0.0,0.0,3.5558,0.0,0.0,0.0,1.0,3.5558,True,2027.5528
153323#4,286.49,13.89,fuel,ema_unlocked,False,1,743.125,13.89,0.0,0.0,20.6256,0.0,0.0,0.0,1.0,20.6256,True,15327.4295
-153324,40.28,13.89,fuel,preseed,False,0,782.061,13.89,0.0,0.0,2.8999,0.0,0.0,0.0,1.0,2.8999,False,2267.9202
-153325#0,91.08,13.89,fuel,preseed,False,0,782.061,13.89,0.0,0.0,6.5572,0.0,0.0,0.0,1.0,6.5572,False,5128.1571
153325#1,68.26,13.89,fuel,preseed,False,0,782.061,13.89,0.0,0.0,4.9143,0.0,0.0,0.0,1.0,4.9143,False,3843.3026
153324,37.1,13.89,fuel,preseed,False,0,782.061,13.89,0.0,0.0,2.671,0.0,0.0,0.0,1.0,2.671,False,2088.8738
-153356,81.15,13.89,fuel,preseed,False,0,782.061,13.89,0.0,0.0,5.8423,0.0,0.0,0.0,1.0,5.8423,False,4569.0596
-153325#1,61.75,13.89,fuel,preseed,False,0,782.061,13.89,0.0,0.0,4.4456,0.0,0.0,0.0,1.0,4.4456,False,3476.7644
-153355#4,158.4,13.89,fuel,preseed,False,0,782.061,13.89,0.0,0.0,11.4039,0.0,0.0,0.0,1.0,11.4039,False,8918.5341
153325#2,289.43,13.89,fuel,preseed,False,0,782.061,13.89,0.0,0.0,20.8373,0.0,0.0,0.0,1.0,20.8373,False,16296.0311
-153326#2,24.37,13.89,fuel,preseed,False,0,782.061,13.89,0.0,0.0,1.7545,0.0,0.0,0.0,1.0,1.7545,False,1372.1255
153326#3,19.59,13.89,fuel,preseed,False,0,782.061,13.89,0.0,0.0,1.4104,0.0,0.0,0.0,1.0,1.4104,False,1102.993
153361#0,270.45,13.89,fuel,preseed,False,1,782.061,13.89,0.0,0.0,19.4708,0.0,0.0,0.0,1.0,19.4708,True,15227.3835
-153326#3,19.91,13.89,fuel,preseed,False,1,782.061,13.89,0.0,0.0,1.4334,0.0,0.0,0.0,1.0,1.4334,True,1121.0102
153326#4,367.56,13.89,fuel,preseed,False,0,782.061,13.89,0.0,0.0,26.4622,0.0,0.0,0.0,1.0,26.4622,False,20695.053
152638,78.42,13.89,fuel,preseed,False,0,782.061,13.89,0.0,0.0,5.6458,0.0,0.0,0.0,1.0,5.6458,False,4415.35
153327#0,118.46,13.89,fuel,preseed,False,2,782.061,13.89,0.0,0.0,8.5284,0.0,0.0,0.0,1.0,8.5284,True,6669.7573
153392#0,1.2,13.89,fuel,preseed,False,0,782.061,13.89,0.0,0.0,0.0864,0.0,0.0,0.0,1.0,0.0864,False,67.5647
-153327#12,216.09,13.89,fuel,preseed,False,0,782.061,13.89,0.0,0.0,15.5572,0.0,0.0,0.0,1.0,15.5572,False,12166.7048
-153335#7,625.67,13.89,fuel,preseed,False,3,782.061,13.89,0.0,0.0,45.0446,0.0,0.0,0.0,1.0,45.0446,True,35227.6467
153327#13,24.1,13.89,fuel,preseed,False,0,782.061,13.89,0.0,0.0,1.7351,0.0,0.0,0.0,1.0,1.7351,False,1356.9234
-153327#14,50.26,13.89,fuel,preseed,False,0,782.061,13.89,0.0,0.0,3.6184,0.0,0.0,0.0,1.0,3.6184,False,2829.8329
-153327#2,425.68,13.89,fuel,preseed,False,0,782.061,13.89,0.0,0.0,30.6465,0.0,0.0,0.0,1.0,30.6465,False,23967.4344
152733,527.01,13.89,fuel,preseed,False,0,782.061,13.89,0.0,0.0,37.9417,0.0,0.0,0.0,1.0,37.9417,False,29672.7062
153327#3,92.69,13.89,fuel,preseed,False,2,782.061,13.89,0.0,0.0,6.6731,0.0,0.0,0.0,1.0,6.6731,True,5218.8064
-153329#0,129.64,13.89,fuel,preseed,False,2,782.061,13.89,0.0,0.0,9.3333,0.0,0.0,0.0,1.0,9.3333,True,7299.2346
153329#1,55.83,13.89,fuel,preseed,False,1,782.061,13.89,0.0,0.0,4.0194,0.0,0.0,0.0,1.0,4.0194,True,3143.4455
152933#3,1.16,13.89,fuel,preseed,False,4,672.915,13.89,0.0,0.0,0.0835,0.0,0.0,0.0,1.0,0.0835,True,56.1974
153329#0,122.8,13.89,fuel,preseed,False,1,782.061,13.89,0.0,0.0,8.8409,0.0,0.0,0.0,1.0,8.8409,True,6914.1161
-153329#1,59.19,13.89,fuel,preseed,False,2,782.061,13.89,0.0,0.0,4.2613,0.0,0.0,0.0,1.0,4.2613,True,3332.6265
153329#2,152.6,13.89,fuel,preseed,False,1,782.061,13.89,0.0,0.0,10.9863,0.0,0.0,0.0,1.0,10.9863,True,8591.9716
-153329#2,150.85,13.89,fuel,preseed,False,2,782.061,13.89,0.0,0.0,10.8603,0.0,0.0,0.0,1.0,10.8603,True,8493.4399
153329#3,90.86,13.89,fuel,preseed,False,1,782.061,13.89,0.0,0.0,6.5414,0.0,0.0,0.0,1.0,6.5414,True,5115.7703
-153329#3,91.23,13.89,fuel,preseed,False,3,782.061,13.89,0.0,0.0,6.568,0.0,0.0,0.0,1.0,6.568,True,5136.6027
-153331#11,61.58,13.89,fuel,ema_unlocked,False,2,859.951,13.89,0.0,0.0,4.4334,0.0,0.0,0.0,1.0,4.4334,True,3812.5126
153329#4,218.48,13.89,fuel,preseed,False,1,833.084,13.89,0.0,0.0,15.7293,0.0,0.0,0.0,1.0,15.7293,True,13103.8306
-153329#4,226.24,13.89,fuel,ema_unlocked,False,2,200.919,13.89,0.0,6682.876,16.288,0.0,0.521,0.0,5.1684,84.1821,True,3272.5678
153329#5,155.27,13.89,fuel,preseed,False,1,799.528,13.89,0.0,16963.247,11.1785,0.0,0.449,0.0,4.5919,51.3307,True,8937.5598
-153329#5,119.37,13.89,fuel,ema_unlocked,False,2,681.777,13.847,0.0004,7288.155,8.6205,0.0,0.12,0.0,1.9602,16.8982,True,5877.2648
-153412#4,27.71,13.89,fuel,preseed,False,0,782.061,13.89,0.0,0.0,1.995,0.0,0.0,0.0,1.0,1.995,False,1560.1804
153412#5,318.87,13.89,fuel,preseed,False,4,697.843,13.89,0.0,0.0,22.9568,0.0,0.0,0.0,1.0,22.9568,True,16020.2536
-153330#0,123.25,13.89,fuel,preseed,False,0,782.061,13.89,0.0,0.0,8.8733,0.0,0.0,0.0,1.0,8.8733,False,6939.4528
153330#1,77.17,13.89,fuel,preseed,False,0,782.061,13.89,0.0,0.0,5.5558,0.0,0.0,0.0,1.0,5.5558,False,4344.9702
153330#0,123.39,13.89,fuel,preseed,False,0,782.061,13.89,0.0,0.0,8.8834,0.0,0.0,0.0,1.0,8.8834,False,6947.3354
-153330#1,85.97,13.89,fuel,preseed,False,0,782.061,13.89,0.0,0.0,6.1893,0.0,0.0,0.0,1.0,6.1893,False,4840.4443
-153331#8,41.05,13.89,fuel,preseed,False,1,782.061,13.89,0.0,0.0,2.9554,0.0,0.0,0.0,1.0,2.9554,True,2311.2742
153331#9,44.92,13.89,fuel,preseed,False,2,843.727,13.89,0.0,0.0,3.234,0.0,0.0,0.0,1.0,3.234,True,2728.5965
-153331#0,14.35,13.89,fuel,ema_unlocked,False,2,121.541,13.89,0.0,322.225,1.0331,0.0,0.7831,0.0,7.2647,7.5053,True,125.5666
153331#1,116.82,13.89,fuel,preseed,False,2,882.041,13.89,0.0,0.0,8.4104,0.0,0.0,0.0,1.0,8.4104,True,7418.2856
-153415#1,104.74,13.89,fuel,ema_unlocked,False,2,361.241,13.89,0.0,0.0,7.5407,0.0,0.0,0.0,1.0,7.5407,True,2723.9984
153331#0,6.68,13.89,fuel,preseed,False,2,818.364,13.89,0.0,0.0,0.4809,0.0,0.0,0.0,1.0,0.4809,True,393.5691
153415#2,83.72,13.89,fuel,preseed,False,2,840.907,13.89,0.0,0.0,6.0274,0.0,0.0,0.0,1.0,6.0274,True,5068.4472
-153331#1,113.94,13.89,fuel,ema_unlocked,False,2,281.856,13.89,0.0,0.0,8.203,0.0,0.0,0.0,1.0,8.203,True,2312.0709
153331#2,81.84,13.89,fuel,preseed,False,2,818.129,13.659,0.001,7004.709,5.9919,0.0,0.2145,0.0,2.7157,16.2718,True,4902.1264
-153331#10,35.32,13.89,fuel,ema_unlocked,False,2,565.702,13.659,0.0005,0.0,2.5859,0.0,0.0,0.0,1.0,2.5859,True,1462.8689
153331#11,60.87,13.89,fuel,preseed,False,1,700.619,13.89,0.0,0.0,4.3823,0.0,0.0,0.0,1.0,4.3823,True,3070.3153
-153331#9,45.52,13.89,fuel,ema_unlocked,False,2,171.367,13.89,0.0,0.0,3.2772,0.0,0.0,0.0,1.0,3.2772,True,561.5997
153331#10,33.94,13.89,fuel,preseed,False,2,782.77,13.89,0.0,2393.393,2.4435,0.0,0.1257,0.0,2.0053,4.8999,True,1912.6854
-153331#5,7.92,13.89,fuel,preseed,False,2,557.086,13.659,0.0049,0.0,0.5799,0.0,0.0,0.0,1.0,0.5799,True,323.0313
153331#6,57.14,13.89,fuel,preseed,False,2,806.119,13.659,0.0008,0.0,4.1835,0.0,0.0,0.0,1.0,4.1835,True,3372.3799
-153331#6,54.97,13.89,fuel,ema_unlocked,False,2,477.308,13.89,0.0,0.0,3.9575,0.0,0.0,0.0,1.0,3.9575,True,1888.958
153331#7,78.83,13.89,fuel,preseed,False,2,848.585,13.89,0.0,0.0,5.6753,0.0,0.0,0.0,1.0,5.6753,True,4815.9817
-153331#7,71.06,13.89,fuel,ema_unlocked,False,2,151.866,13.89,0.0,0.0,5.1159,0.0,0.0,0.0,1.0,5.1159,True,776.9331
153331#8,33.61,13.89,fuel,preseed,False,2,1039.272,13.89,0.0,0.0,2.4197,0.0,0.0,0.0,1.0,2.4197,True,2514.754
153332#0,299.88,13.89,fuel,preseed,False,0,782.061,13.89,0.0,0.0,21.5896,0.0,0.0,0.0,1.0,21.5896,False,16884.4066
-153332#2,63.86,13.89,fuel,preseed,False,0,782.061,13.89,0.0,0.0,4.5976,0.0,0.0,0.0,1.0,4.5976,False,3595.5656
-153427#10,272.94,13.89,fuel,preseed,False,3,801.917,13.89,0.0,0.0,19.6501,0.0,0.0,0.0,1.0,19.6501,True,15757.7632
153427#11,106.37,13.89,fuel,preseed,False,0,782.061,13.89,0.0,0.0,7.658,0.0,0.0,0.0,1.0,7.658,False,5989.0434
-153444#0,211.8,13.89,fuel,preseed,False,5,806.027,13.85,0.0001,19086.669,15.2925,0.0,0.2742,0.0,3.1939,48.8423,True,12326.1622
153335#0,93.22,13.89,fuel,preseed,False,0,782.061,13.89,0.0,0.0,6.7113,0.0,0.0,0.0,1.0,6.7113,False,5248.6474
153444#2,35.64,13.89,fuel,preseed,False,1,782.061,13.89,0.0,0.0,2.5659,0.0,0.0,0.0,1.0,2.5659,True,2006.6702
-153335#1,162.5,13.89,fuel,preseed,False,3,718.436,13.89,0.0,0.0,11.6991,0.0,0.0,0.0,1.0,11.6991,True,8405.027
153335#2,30.38,13.89,fuel,preseed,False,1,764.604,13.89,0.0,0.0,2.1872,0.0,0.0,0.0,1.0,2.1872,True,1672.3306
-153335#2,37.63,13.89,fuel,preseed,False,2,795.6,13.89,0.0,0.0,2.7091,0.0,0.0,0.0,1.0,2.7091,True,2155.3952
-153337,95.33,13.89,fuel,preseed,False,1,836.798,13.89,0.0,0.0,6.8632,0.0,0.0,0.0,1.0,6.8632,True,5743.119
153335#3,18.06,13.89,fuel,preseed,False,0,782.061,13.89,0.0,0.0,1.3002,0.0,0.0,0.0,1.0,1.3002,False,1016.848
-153336,80.03,13.89,fuel,preseed,False,0,782.061,13.89,0.0,0.0,5.7617,0.0,0.0,0.0,1.0,5.7617,False,4505.9993
-153419,80.19,13.89,fuel,preseed,False,1,782.061,13.89,0.0,0.0,5.7732,0.0,0.0,0.0,1.0,5.7732,True,4515.0079
-153644,57.25,13.89,fuel,preseed,False,1,782.061,13.89,0.0,0.0,4.1217,0.0,0.0,0.0,1.0,4.1217,True,3223.397
153336,80.67,13.89,fuel,preseed,False,0,782.061,13.89,0.0,0.0,5.8078,0.0,0.0,0.0,1.0,5.8078,False,4542.0338
153337,93.75,13.89,fuel,preseed,False,1,800.798,13.89,0.0,0.0,6.7495,0.0,0.0,0.0,1.0,6.7495,True,5404.9563
153339#0,46.13,13.89,fuel,preseed,False,0,782.061,13.89,0.0,0.0,3.3211,0.0,0.0,0.0,1.0,3.3211,False,2597.2978
-153339#1,55.77,13.89,fuel,preseed,False,0,782.061,13.89,0.0,0.0,4.0151,0.0,0.0,0.0,1.0,4.0151,False,3140.0672
-153340,108.7,13.89,fuel,preseed,False,0,782.061,13.89,0.0,0.0,7.8258,0.0,0.0,0.0,1.0,7.8258,False,6120.2314
-153468#2,228.66,13.89,fuel,preseed,False,0,782.061,13.89,0.0,0.0,16.4622,0.0,0.0,0.0,1.0,16.4622,False,12874.4445
-153479#9,149.04,13.89,fuel,preseed,False,1,782.061,13.89,0.0,2611.796,10.73,0.0,0.0,0.0,1.0,10.73,True,8391.5298
153479#11,130.83,13.89,fuel,preseed,False,1,782.061,13.89,0.0,0.0,9.419,0.0,0.0,0.0,1.0,9.419,True,7366.2362
153340,105.82,13.89,fuel,preseed,False,0,782.061,13.89,0.0,0.0,7.6184,0.0,0.0,0.0,1.0,7.6184,False,5958.0763
-153341,52.52,13.89,fuel,preseed,False,0,782.061,13.89,0.0,0.0,3.7811,0.0,0.0,0.0,1.0,3.7811,False,2957.0796
-153476#24,38.08,13.89,fuel,ema_unlocked,False,7,463.142,13.873,0.0005,1416.101,2.7449,0.0,0.057,0.0,1.4557,3.9958,True,1271.2606
153341,52.52,13.89,fuel,preseed,False,0,782.061,13.89,0.0,0.0,3.7811,0.0,0.0,0.0,1.0,3.7811,False,2957.0796
153476#25,19.83,13.89,fuel,ema_unlocked,False,10,623.285,13.89,0.0,1081.316,1.4276,0.0,0.1076,0.0,1.8608,2.6565,True,889.8303
153343#0,612.85,13.89,fuel,preseed,False,0,782.061,13.89,0.0,0.0,44.1217,0.0,0.0,0.0,1.0,44.1217,False,34505.831
-153343#1,645.23,13.89,fuel,preseed,False,0,782.061,13.89,0.0,0.0,46.4528,0.0,0.0,0.0,1.0,46.4528,False,36328.9506
153343#2,37.76,13.89,fuel,preseed,False,0,782.061,13.89,0.0,0.0,2.7185,0.0,0.0,0.0,1.0,2.7185,False,2126.0344
153348#0,275.82,13.89,fuel,preseed,False,0,782.061,13.89,0.0,0.0,19.8575,0.0,0.0,0.0,1.0,19.8575,False,15529.7354
-153343#3,53.75,13.89,fuel,preseed,False,0,782.061,13.89,0.0,0.0,3.8697,0.0,0.0,0.0,1.0,3.8697,False,3026.3334
-153347#1,428.34,13.89,fuel,preseed,False,0,782.061,13.89,0.0,0.0,30.838,0.0,0.0,0.0,1.0,30.838,False,24117.2027
153347#2,4201.78,13.89,fuel,preseed,False,0,782.061,13.89,0.0,0.0,302.504,0.0,0.0,0.0,1.0,302.504,False,236576.5045
-153345,176.59,13.89,fuel,preseed,False,0,782.061,13.89,0.0,0.0,12.7135,0.0,0.0,0.0,1.0,12.7135,False,9942.7016
-153346,88.08,13.89,fuel,preseed,False,0,782.061,13.89,0.0,0.0,6.3413,0.0,0.0,0.0,1.0,6.3413,False,4959.2455
152547,227.92,13.89,fuel,preseed,False,1,782.061,13.89,0.0,0.0,16.4089,0.0,0.0,0.0,1.0,16.4089,True,12832.7797
153345,174.3,13.89,fuel,preseed,False,0,782.061,13.89,0.0,0.0,12.5486,0.0,0.0,0.0,1.0,12.5486,False,9813.7658
153346,85.36,13.89,fuel,preseed,False,0,782.061,13.89,0.0,0.0,6.1454,0.0,0.0,0.0,1.0,6.1454,False,4806.0989
-153347#0,254.2,13.89,fuel,preseed,False,0,782.061,13.89,0.0,0.0,18.3009,0.0,0.0,0.0,1.0,18.3009,False,14312.4455
-153349#4,271.0,13.89,fuel,preseed,False,0,782.061,13.89,0.0,0.0,19.5104,0.0,0.0,0.0,1.0,19.5104,False,15258.3507
153347#1,440.06,13.89,fuel,preseed,False,0,782.061,13.89,0.0,0.0,31.6818,0.0,0.0,0.0,1.0,31.6818,False,24777.0841
-153347#2,4209.29,13.89,fuel,preseed,False,0,782.061,13.89,0.0,0.0,303.0446,0.0,0.0,0.0,1.0,303.0446,False,236999.3466
-153348#1,573.51,13.89,fuel,preseed,False,0,782.061,13.89,0.0,0.0,41.2894,0.0,0.0,0.0,1.0,41.2894,False,32290.8365
-153580,126.33,13.89,fuel,preseed,False,0,782.061,13.89,0.0,0.0,9.095,0.0,0.0,0.0,1.0,9.095,False,7112.8688
153348#2,147.32,13.89,fuel,preseed,False,0,782.061,13.89,0.0,0.0,10.6062,0.0,0.0,0.0,1.0,10.6062,False,8294.6872
-153348#2,151.17,13.89,fuel,preseed,False,0,782.061,13.89,0.0,0.0,10.8834,0.0,0.0,0.0,1.0,10.8834,False,8511.4571
-153350,113.65,13.89,fuel,preseed,False,0,782.061,13.89,0.0,0.0,8.1821,0.0,0.0,0.0,1.0,8.1821,False,6398.9356
153351,56.34,13.89,fuel,preseed,False,0,782.061,13.89,0.0,0.0,4.0562,0.0,0.0,0.0,1.0,4.0562,False,3172.1604
153485#0,53.05,13.89,fuel,preseed,False,0,782.061,13.89,0.0,0.0,3.8193,0.0,0.0,0.0,1.0,3.8193,False,2986.9207
153350,125.22,13.89,fuel,preseed,False,0,782.061,13.89,0.0,0.0,9.0151,0.0,0.0,0.0,1.0,9.0151,False,7050.3715
-153359#1,299.79,13.89,fuel,ema_unlocked,False,2,662.864,13.89,0.0,0.0,21.5832,0.0,0.0,0.0,1.0,21.5832,True,14306.6981
153354#0,43.92,13.89,fuel,ema_unlocked,False,1,687.214,13.89,0.0,0.0,3.162,0.0,0.0,0.0,1.0,3.162,True,2172.9614
153358#0,186.86,13.89,fuel,preseed,False,0,782.061,13.89,0.0,0.0,13.4528,0.0,0.0,0.0,1.0,13.4528,False,10520.9425
-153354#2,322.99,13.89,fuel,ema_unlocked,False,2,426.434,13.89,0.0,14905.484,23.2534,0.0,0.2516,0.0,3.0127,70.0548,True,9916.0582
-153357#1,608.93,13.89,fuel,preseed,False,0,782.061,13.89,0.0,0.0,43.8395,0.0,0.0,0.0,1.0,43.8395,False,34285.1198
153357#2,184.89,13.89,fuel,ema_unlocked,False,1,1027.639,13.89,0.0,0.0,13.311,0.0,0.0,0.0,1.0,13.311,True,13678.918
-153355#0,58.69,13.89,fuel,preseed,False,0,782.061,13.89,0.0,0.0,4.2253,0.0,0.0,0.0,1.0,4.2253,False,3304.4745
153355#1,39.41,13.89,fuel,preseed,False,0,782.061,13.89,0.0,0.0,2.8373,0.0,0.0,0.0,1.0,2.8373,False,2218.9358
-153355#1,48.35,13.89,fuel,preseed,False,0,782.061,13.89,0.0,0.0,3.4809,0.0,0.0,0.0,1.0,3.4809,False,2722.2925
153355#0,45.09,13.89,fuel,preseed,False,0,782.061,13.89,0.0,0.0,3.2462,0.0,0.0,0.0,1.0,3.2462,False,2538.7418
153355#2,17.59,13.89,fuel,preseed,False,0,782.061,13.89,0.0,0.0,1.2664,0.0,0.0,0.0,1.0,1.2664,False,990.3852
-153358#0,186.27,13.89,fuel,preseed,False,0,782.061,13.89,0.0,0.0,13.4104,0.0,0.0,0.0,1.0,13.4104,False,10487.7232
152549,97.49,13.89,fuel,preseed,False,0,782.061,13.89,0.0,0.0,7.0187,0.0,0.0,0.0,1.0,7.0187,False,5489.065
153358#1,136.56,13.89,fuel,preseed,False,0,782.061,13.89,0.0,0.0,9.8315,0.0,0.0,0.0,1.0,9.8315,False,7688.8574
-153358#1,132.14,13.89,fuel,preseed,False,0,782.061,13.89,0.0,0.0,9.5133,0.0,0.0,0.0,1.0,9.5133,False,7439.9943
-153362#0,166.15,13.89,fuel,preseed,False,0,782.061,13.89,0.0,0.0,11.9618,0.0,0.0,0.0,1.0,11.9618,False,9354.8892
153360#0,101.53,13.89,fuel,preseed,False,0,782.061,13.89,0.0,0.0,7.3096,0.0,0.0,0.0,1.0,7.3096,False,5716.5326
153362#1,470.1,13.89,fuel,preseed,False,0,782.061,13.89,0.0,0.0,33.8445,0.0,0.0,0.0,1.0,33.8445,False,26468.4526
-153361#0,268.25,13.89,fuel,preseed,False,0,782.061,13.89,0.0,0.0,19.3125,0.0,0.0,0.0,1.0,19.3125,False,15103.515
153361#1,228.31,13.89,fuel,preseed,False,1,782.061,13.89,0.0,0.0,16.437,0.0,0.0,0.0,1.0,16.437,True,12854.7382
-153361#2,18.09,13.89,fuel,preseed,False,0,782.061,13.89,0.0,0.0,1.3024,0.0,0.0,0.0,1.0,1.3024,False,1018.5371
-153363#0,262.64,13.89,fuel,preseed,False,0,782.061,13.89,0.0,0.0,18.9086,0.0,0.0,0.0,1.0,18.9086,False,14787.6503
153363#1,248.36,13.89,fuel,preseed,False,0,782.061,13.89,0.0,0.0,17.8805,0.0,0.0,0.0,1.0,17.8805,False,13983.6309
153363#0,265.39,13.89,fuel,preseed,False,0,782.061,13.89,0.0,0.0,19.1066,0.0,0.0,0.0,1.0,19.1066,False,14942.4859
-153363#1,249.54,13.89,fuel,preseed,False,0,782.061,13.89,0.0,0.0,17.9654,0.0,0.0,0.0,1.0,17.9654,False,14050.0695
153363#2,44.85,13.89,fuel,preseed,False,0,782.061,13.89,0.0,0.0,3.2289,0.0,0.0,0.0,1.0,3.2289,False,2525.2289
-153364#0,103.81,13.89,fuel,preseed,False,0,782.061,13.89,0.0,0.0,7.4737,0.0,0.0,0.0,1.0,7.4737,False,5844.9055
153364#1,135.52,13.89,fuel,preseed,False,0,782.061,13.89,0.0,0.0,9.7567,0.0,0.0,0.0,1.0,9.7567,False,7630.3014
153364#0,101.57,13.89,fuel,preseed,False,0,782.061,13.89,0.0,0.0,7.3125,0.0,0.0,0.0,1.0,7.3125,False,5718.7848
-153364#1,132.68,13.89,fuel,preseed,False,1,782.061,13.89,0.0,0.0,9.5522,0.0,0.0,0.0,1.0,9.5522,True,7470.3984
-153480#3,61.06,13.89,fuel,preseed,False,4,992.773,13.89,0.0,0.0,4.396,0.0,0.0,0.0,1.0,4.396,True,4364.1996
153480#4,164.02,13.89,fuel,preseed,False,2,520.891,13.89,0.0,0.0,11.8085,0.0,0.0,0.0,1.0,11.8085,True,6150.9422
-153365#0,103.32,13.89,fuel,ema_unlocked,False,1,576.862,13.89,0.0,0.0,7.4384,0.0,0.0,0.0,1.0,7.4384,True,4290.9554
153365#1,264.43,13.89,fuel,ema_unlocked,False,1,721.16,13.89,0.0,0.0,19.0374,0.0,0.0,0.0,1.0,19.0374,True,13729.0343
152346#1,15.53,13.89,fuel,ema_unlocked,False,5,1495.874,13.89,0.0,0.0,1.1181,0.0,0.0,0.0,1.0,1.1181,True,1672.4923
153365#0,108.12,13.89,fuel,ema_unlocked,False,1,1281.807,13.89,0.0,0.0,7.784,0.0,0.0,0.0,1.0,7.784,True,9977.6096
-153365#3,117.5,13.89,fuel,ema_unlocked,False,1,552.779,13.89,0.0,0.0,8.4593,0.0,0.0,0.0,1.0,8.4593,True,4676.1333
153365#4,255.5,13.89,fuel,ema_unlocked,False,1,801.112,13.89,0.0,0.0,18.3945,0.0,0.0,0.0,1.0,18.3945,True,14736.0795
-153366#0,114.23,13.89,fuel,preseed,False,0,782.061,13.89,0.0,0.0,8.2239,0.0,0.0,0.0,1.0,8.2239,False,6431.5919
153366#1,131.52,13.89,fuel,preseed,False,0,782.061,13.89,0.0,0.0,9.4687,0.0,0.0,0.0,1.0,9.4687,False,7405.0859
-153366#1,129.47,13.89,fuel,preseed,False,0,782.061,13.89,0.0,0.0,9.3211,0.0,0.0,0.0,1.0,9.3211,False,7289.663
153367#0,62.77,13.89,fuel,preseed,False,0,782.061,13.89,0.0,0.0,4.5191,0.0,0.0,0.0,1.0,4.5191,False,3534.1944
-153368#1,573.32,13.89,fuel,preseed,False,2,829.711,13.89,0.0,0.0,41.2757,0.0,0.0,0.0,1.0,41.2757,True,34246.938
-153372#2,187.67,13.89,fuel,preseed,False,3,581.428,13.89,0.0,0.0,13.5112,0.0,0.0,0.0,1.0,13.5112,True,7855.7693
153372#3,495.95,13.89,fuel,preseed,False,1,782.061,13.89,0.0,0.0,35.7055,0.0,0.0,0.0,1.0,35.7055,True,27923.9078
-153371#2,232.31,13.89,fuel,preseed,False,0,782.061,13.89,0.0,0.0,16.725,0.0,0.0,0.0,1.0,16.725,False,13079.9537
153371#3,316.02,13.89,fuel,preseed,False,0,782.061,13.89,0.0,0.0,22.7516,0.0,0.0,0.0,1.0,22.7516,False,17793.1512
-153371#4,61.6,13.89,fuel,preseed,False,0,782.061,13.89,0.0,0.0,4.4348,0.0,0.0,0.0,1.0,4.4348,False,3468.3188
152512#4,17.11,13.89,fuel,preseed,False,1,782.061,13.89,0.0,0.0,1.2318,0.0,0.0,0.0,1.0,1.2318,True,963.3593
-153372#1,96.38,13.89,fuel,preseed,False,1,782.061,13.89,0.0,0.0,6.9388,0.0,0.0,0.0,1.0,6.9388,True,5426.5677
153372#2,187.0,13.89,fuel,preseed,False,2,825.34,13.89,0.0,0.0,13.4629,0.0,0.0,0.0,1.0,13.4629,True,11111.4911
153480#0,100.12,13.89,fuel,preseed,False,3,805.011,13.89,0.0,0.0,7.2081,0.0,0.0,0.0,1.0,7.2081,True,5802.5684
-153374#1,107.34,13.89,fuel,preseed,False,1,801.54,13.89,0.0,10251.803,7.7279,0.0,0.3275,0.0,3.6203,27.977,True,6194.1868
153374#2,10.61,13.89,fuel,preseed,False,2,861.772,13.89,0.0,0.0,0.7639,0.0,0.0,0.0,1.0,0.7639,True,658.2721
-153374#10,114.02,13.89,fuel,preseed,False,1,775.016,13.89,0.0,0.0,8.2088,0.0,0.0,0.0,1.0,8.2088,True,6361.9393
153374#11,59.39,13.89,fuel,preseed,False,2,782.061,13.89,0.0,0.0,4.2757,0.0,0.0,0.0,1.0,4.2757,True,3343.8873
-153374#9,270.04,13.89,fuel,preseed,False,1,800.053,13.89,0.0,0.0,19.4413,0.0,0.0,0.0,1.0,19.4413,True,15554.0953
153374#10,108.46,13.89,fuel,preseed,False,2,782.061,13.89,0.0,0.0,7.8085,0.0,0.0,0.0,1.0,7.8085,True,6106.7185
-153374#11,68.87,13.89,fuel,preseed,False,1,775.605,13.89,0.0,0.0,4.9582,0.0,0.0,0.0,1.0,4.9582,True,3845.6374
153374#12,23.82,13.89,fuel,preseed,False,2,782.061,13.89,0.0,0.0,1.7149,0.0,0.0,0.0,1.0,1.7149,True,1341.1584
-153374#12,23.28,13.89,fuel,preseed,False,1,820.452,13.89,0.0,0.0,1.676,0.0,0.0,0.0,1.0,1.676,True,1375.0987
153374#13,116.4,13.89,fuel,preseed,False,2,782.061,13.89,0.0,0.0,8.3801,0.0,0.0,0.0,1.0,8.3801,True,6553.7713
-153374#13,112.69,13.89,fuel,preseed,False,1,815.899,13.89,0.0,0.0,8.113,0.0,0.0,0.0,1.0,8.113,True,6619.413
153374#14,78.6,13.89,fuel,preseed,False,2,782.061,13.89,0.0,0.0,5.6587,0.0,0.0,0.0,1.0,5.6587,True,4425.4847
-153374#14,71.89,13.89,fuel,preseed,False,1,825.588,13.89,0.0,0.0,5.1757,0.0,0.0,0.0,1.0,5.1757,True,4272.9703
-153374#2,10.61,13.89,fuel,preseed,False,0,782.061,13.89,0.0,0.0,0.7639,0.0,0.0,0.0,1.0,0.7639,False,597.3841
153374#3,43.51,13.89,fuel,preseed,False,2,919.595,13.89,0.0,0.0,3.1325,0.0,0.0,0.0,1.0,3.1325,True,2880.6043
-153374#3,44.47,13.89,fuel,preseed,False,0,782.061,13.89,0.0,0.0,3.2016,0.0,0.0,0.0,1.0,3.2016,False,2503.8334
153374#4,68.38,13.89,fuel,preseed,False,2,709.282,13.89,0.0,0.0,4.923,0.0,0.0,0.0,1.0,4.923,True,3491.7705
-153374#4,64.56,13.89,fuel,preseed,False,0,782.061,13.89,0.0,0.0,4.6479,0.0,0.0,0.0,1.0,4.6479,False,3634.9783
153374#5,219.27,13.89,fuel,preseed,False,2,721.141,13.89,0.0,0.0,15.7862,0.0,0.0,0.0,1.0,15.7862,True,11384.0526
-153374#5,228.66,13.89,fuel,preseed,False,0,782.061,13.89,0.0,0.0,16.4622,0.0,0.0,0.0,1.0,16.4622,False,12874.4445
153374#6,236.25,13.89,fuel,preseed,False,2,782.061,13.89,0.0,0.0,17.0086,0.0,0.0,0.0,1.0,17.0086,True,13301.7909
-153374#8,13.62,13.89,fuel,preseed,False,1,795.248,13.89,0.0,0.0,0.9806,0.0,0.0,0.0,1.0,0.9806,True,779.7896
153374#9,270.77,13.89,fuel,preseed,False,2,782.061,13.89,0.0,0.0,19.4939,0.0,0.0,0.0,1.0,19.4939,True,15245.4008
-153378#2,49.92,13.89,fuel,preseed,False,1,815.637,13.858,0.0006,5814.332,3.6023,0.0,0.4895,0.0,4.9156,17.7075,True,2938.1474
153376,52.42,13.89,fuel,preseed,False,1,782.061,13.89,0.0,0.0,3.7739,0.0,0.0,0.0,1.0,3.7739,True,2951.4492
-153379,76.88,13.89,fuel,preseed,False,0,782.061,13.89,0.0,0.0,5.5349,0.0,0.0,0.0,1.0,5.5349,False,4328.6421
153379,76.17,13.89,fuel,preseed,False,1,782.061,13.89,0.0,0.0,5.4838,0.0,0.0,0.0,1.0,5.4838,True,4288.6663
-153380#0,24.27,13.89,fuel,preseed,False,0,782.061,13.89,0.0,0.0,1.7473,0.0,0.0,0.0,1.0,1.7473,False,1366.4951
153380#1,50.83,13.89,fuel,preseed,False,0,782.061,13.89,0.0,0.0,3.6595,0.0,0.0,0.0,1.0,3.6595,False,2861.9261
153380#0,25.51,13.89,fuel,preseed,False,0,782.061,13.89,0.0,0.0,1.8366,0.0,0.0,0.0,1.0,1.8366,False,1436.3119
-153380#1,42.98,13.89,fuel,preseed,False,0,782.061,13.89,0.0,0.0,3.0943,0.0,0.0,0.0,1.0,3.0943,False,2419.9406
153380#2,62.15,13.89,fuel,preseed,False,0,782.061,13.89,0.0,0.0,4.4744,0.0,0.0,0.0,1.0,4.4744,False,3499.286
153565#0,9.92,13.89,fuel,preseed,False,0,782.061,13.89,0.0,0.0,0.7142,0.0,0.0,0.0,1.0,0.7142,False,558.5345
-153380#2,65.41,13.89,fuel,preseed,False,0,782.061,13.89,0.0,0.0,4.7091,0.0,0.0,0.0,1.0,4.7091,False,3682.8366
153380#3,183.9,13.89,fuel,preseed,False,0,782.061,13.89,0.0,0.0,13.2397,0.0,0.0,0.0,1.0,13.2397,False,10354.283
-153380#3,174.4,13.89,fuel,preseed,False,1,782.061,13.89,0.0,0.0,12.5558,0.0,0.0,0.0,1.0,12.5558,True,9819.3962
153380#4,27.71,13.89,fuel,preseed,False,0,782.061,13.89,0.0,0.0,1.995,0.0,0.0,0.0,1.0,1.995,False,1560.1804
152512#1,83.07,13.89,fuel,preseed,False,0,782.061,13.89,0.0,0.0,5.9806,0.0,0.0,0.0,1.0,5.9806,False,4677.1631
153381#0,146.14,13.89,fuel,preseed,False,1,782.061,13.89,0.0,0.0,10.5212,0.0,0.0,0.0,1.0,10.5212,True,8228.2486
-153381#1,210.55,13.89,fuel,preseed,False,0,782.061,13.89,0.0,0.0,15.1584,0.0,0.0,0.0,1.0,15.1584,False,11854.7813
153381#2,103.33,13.89,fuel,preseed,False,1,782.061,13.89,0.0,0.0,7.4392,0.0,0.0,0.0,1.0,7.4392,True,5817.8796
-153381#2,117.43,13.89,fuel,preseed,False,0,782.061,13.89,0.0,0.0,8.4543,0.0,0.0,0.0,1.0,8.4543,False,6611.7643
153381#3,136.64,13.89,fuel,preseed,False,1,782.061,13.89,0.0,0.0,9.8373,0.0,0.0,0.0,1.0,9.8373,True,7693.3618
-153381#3,122.73,13.89,fuel,preseed,False,0,782.061,13.89,0.0,0.0,8.8359,0.0,0.0,0.0,1.0,8.8359,False,6910.1748
-153576,85.69,13.89,fuel,preseed,False,0,782.061,13.89,0.0,0.0,6.1692,0.0,0.0,0.0,1.0,6.1692,False,4824.6792
153381#4,262.72,13.89,fuel,preseed,False,1,782.061,13.89,0.0,0.0,18.9143,0.0,0.0,0.0,1.0,18.9143,True,14792.1546
-153381#7,242.14,13.89,fuel,preseed,False,0,782.061,13.89,0.0,0.0,17.4327,0.0,0.0,0.0,1.0,17.4327,False,13633.4208
-153383#1,55.66,13.89,fuel,preseed,False,1,782.061,13.89,0.0,0.0,4.0072,0.0,0.0,0.0,1.0,4.0072,True,3133.8738
153383#2,163.75,13.89,fuel,preseed,False,4,573.593,13.865,0.0003,4749.816,11.8106,0.0,0.0,0.0,1.0,11.8106,True,6774.4959
-153382,96.33,13.89,fuel,preseed,False,0,782.061,13.89,0.0,0.0,6.9352,0.0,0.0,0.0,1.0,6.9352,False,5423.7525
153411,163.21,13.89,fuel,preseed,False,0,782.061,13.89,0.0,0.0,11.7502,0.0,0.0,0.0,1.0,11.7502,False,9189.3558
153382,96.42,13.89,fuel,preseed,False,0,782.061,13.89,0.0,0.0,6.9417,0.0,0.0,0.0,1.0,6.9417,False,5428.8198
-153383#3,363.34,13.89,fuel,preseed,False,1,782.061,13.89,0.0,0.0,26.1584,0.0,0.0,0.0,1.0,26.1584,True,20457.4507
153383#4,78.59,13.89,fuel,preseed,False,2,596.246,13.89,0.0,0.0,5.658,0.0,0.0,0.0,1.0,5.658,True,3373.5762
-153385#0,316.74,13.89,fuel,ema_unlocked,False,1,123.914,13.89,0.0,2950.164,22.8035,0.0,0.022,0.0,1.1762,26.8222,True,2825.668
153385#1,202.76,13.89,fuel,preseed,False,4,836.337,13.659,0.0002,0.0,14.845,0.0,0.0,0.0,1.0,14.845,True,12415.4017
-153387#0,523.0,13.89,fuel,preseed,False,1,812.466,13.89,0.0,0.0,37.653,0.0,0.0,0.0,1.0,37.653,True,30591.7541
-153392#1,550.27,13.89,fuel,preseed,False,4,803.173,13.89,0.0,0.0,39.6163,0.0,0.0,0.0,1.0,39.6163,True,31818.724
153387#1,5.37,13.89,fuel,ema_unlocked,False,5,792.13,13.89,0.0,0.0,0.3866,0.0,0.0,0.0,1.0,0.3866,True,306.2445
-153490#5,154.46,13.89,fuel,preseed,False,1,813.608,13.89,0.0,0.0,11.1202,0.0,0.0,0.0,1.0,11.1202,True,9047.5071
153387#0,517.66,13.89,fuel,preseed,False,1,782.061,13.89,0.0,0.0,37.2685,0.0,0.0,0.0,1.0,37.2685,True,29146.265
153490#6,147.67,13.89,fuel,preseed,False,0,782.061,13.89,0.0,0.0,10.6314,0.0,0.0,0.0,1.0,10.6314,False,8314.3935
-153387#6,816.05,13.89,fuel,preseed,False,0,782.061,13.89,0.0,0.0,58.7509,0.0,0.0,0.0,1.0,58.7509,False,45946.7789
153420#0,117.42,13.89,fuel,preseed,False,1,706.545,13.89,0.0,0.0,8.4536,0.0,0.0,0.0,1.0,8.4536,True,5972.8192
153388#0,17.83,13.89,fuel,preseed,False,0,782.061,13.89,0.0,0.0,1.2837,0.0,0.0,0.0,1.0,1.2837,False,1003.8981
-153389#3,225.05,13.89,fuel,preseed,False,0,782.061,13.89,0.0,0.0,16.2023,0.0,0.0,0.0,1.0,16.2023,False,12671.1875
-153390#1,486.16,13.89,fuel,preseed,False,0,782.061,13.89,0.0,0.0,35.0007,0.0,0.0,0.0,1.0,35.0007,False,27372.6929
-153391#1,198.61,13.89,fuel,preseed,False,4,893.321,13.89,0.0,0.0,14.2988,0.0,0.0,0.0,1.0,14.2988,True,12773.3991
-153392#0,1.26,13.89,fuel,preseed,False,2,782.061,13.89,0.0,0.0,0.0907,0.0,0.0,0.0,1.0,0.0907,True,70.9429
153392#1,555.02,13.89,fuel,ema_unlocked,False,5,557.1,13.89,0.0,0.0,39.9582,0.0,0.0,0.0,1.0,39.9582,True,22260.7262
-153393,326.08,13.89,fuel,preseed,False,0,782.061,13.89,0.0,0.0,23.4759,0.0,0.0,0.0,1.0,23.4759,False,18359.5682
-153490#0,79.39,13.89,fuel,preseed,False,0,782.061,13.89,0.0,0.0,5.7156,0.0,0.0,0.0,1.0,5.7156,False,4469.9648
153393,319.05,13.89,fuel,preseed,False,0,782.061,13.89,0.0,0.0,22.9698,0.0,0.0,0.0,1.0,22.9698,False,17963.752
153490#1,224.38,13.89,fuel,preseed,False,1,782.061,13.89,0.0,0.0,16.1541,0.0,0.0,0.0,1.0,16.1541,True,12633.4639
-153394#4,2.69,13.89,fuel,preseed,False,0,782.061,13.89,0.0,0.0,0.1937,0.0,0.0,0.0,1.0,0.1937,False,151.4574
152649#0,4.75,13.89,fuel,preseed,False,5,884.353,13.89,0.0,0.0,0.342,0.0,0.0,0.0,1.0,0.342,True,302.4244
153399#0,25.47,13.89,fuel,preseed,False,1,825.684,13.89,0.0,0.0,1.8337,0.0,0.0,0.0,1.0,1.8337,True,1514.0519
153413#0,8.12,13.89,fuel,preseed,False,1,782.061,13.89,0.0,0.0,0.5846,0.0,0.0,0.0,1.0,0.5846,True,457.1875
-153399#1,214.19,13.89,fuel,preseed,False,4,759.19,13.89,0.0,0.0,15.4204,0.0,0.0,0.0,1.0,15.4204,True,11707.046
152933#4,4.88,13.89,fuel,preseed,False,4,567.768,13.736,0.0074,672.534,0.3553,0.0,1.0,0.0,9.0,3.1975,True,201.7158
-153400,11.21,13.89,fuel,preseed,False,0,782.061,13.89,0.0,0.0,0.8071,0.0,0.0,0.0,1.0,0.8071,False,631.1665
153401,83.08,13.89,fuel,preseed,False,3,816.343,13.89,0.0,0.0,5.9813,0.0,0.0,0.0,1.0,5.9813,True,4882.7755
-153401,82.81,13.89,fuel,preseed,False,2,782.061,13.89,0.0,0.0,5.9618,0.0,0.0,0.0,1.0,5.9618,True,4662.5241
152647#2,17.48,13.89,fuel,preseed,False,3,778.328,13.89,0.0,0.0,1.2585,0.0,0.0,0.0,1.0,1.2585,True,979.4944
-153402,4.36,13.89,fuel,preseed,False,1,822.884,13.89,0.0,0.0,0.3139,0.0,0.0,0.0,1.0,0.3139,True,258.2991
153409,80.11,13.89,fuel,preseed,False,0,782.061,13.89,0.0,0.0,5.7675,0.0,0.0,0.0,1.0,5.7675,False,4510.5036
-153416,62.44,13.89,fuel,preseed,False,1,820.724,13.89,0.0,0.0,4.4953,0.0,0.0,0.0,1.0,4.4953,True,3689.4181
153402,5.23,13.89,fuel,preseed,False,0,782.061,13.89,0.0,0.0,0.3765,0.0,0.0,0.0,1.0,0.3765,False,294.4693
-153403,55.42,13.89,fuel,preseed,False,1,731.737,13.89,0.0,0.0,3.9899,0.0,0.0,0.0,1.0,3.9899,True,2919.5732
153408,24.51,13.89,fuel,preseed,False,0,782.061,13.89,0.0,0.0,1.7646,0.0,0.0,0.0,1.0,1.7646,False,1380.008
-153410#4,36.18,13.89,fuel,preseed,False,3,782.061,13.89,0.0,0.0,2.6048,0.0,0.0,0.0,1.0,2.6048,True,2037.0743
153403,56.03,13.89,fuel,preseed,False,0,782.061,13.89,0.0,0.0,4.0338,0.0,0.0,0.0,1.0,4.0338,False,3154.7062
153410#5,106.02,13.89,fuel,preseed,False,1,808.427,13.89,0.0,0.0,7.6328,0.0,0.0,0.0,1.0,7.6328,True,6170.5841
-153404#0,90.88,13.89,fuel,preseed,False,4,744.92,13.89,0.0,0.0,6.5428,0.0,0.0,0.0,1.0,6.5428,True,4873.8904
153404#1,119.91,13.89,fuel,preseed,False,1,710.367,13.89,0.0,0.0,8.6328,0.0,0.0,0.0,1.0,8.6328,True,6132.4742
153554#0,16.23,13.89,fuel,preseed,False,0,782.061,13.89,0.0,0.0,1.1685,0.0,0.0,0.0,1.0,1.1685,False,913.8119
-153404#1,115.98,13.89,fuel,preseed,False,3,799.795,13.89,0.0,0.0,8.3499,0.0,0.0,0.0,1.0,8.3499,True,6678.2042
153404#3,80.37,13.89,fuel,preseed,False,1,862.774,13.659,0.0003,14030.495,5.8842,0.0,0.8818,0.0,8.0546,47.3955,True,5076.7771
-153404#4,12.79,13.89,fuel,preseed,False,3,788.882,13.89,0.0,0.0,0.9208,0.0,0.0,0.0,1.0,0.9208,True,726.4075
153404#5,10.41,13.89,fuel,preseed,False,1,782.061,13.89,0.0,0.0,0.7495,0.0,0.0,0.0,1.0,0.7495,True,586.1234
153417,49.84,13.89,fuel,preseed,False,0,782.061,13.89,0.0,0.0,3.5882,0.0,0.0,0.0,1.0,3.5882,False,2806.1852
-153404#5,10.41,13.89,fuel,preseed,False,3,787.331,13.89,0.0,0.0,0.7495,0.0,0.0,0.0,1.0,0.7495,True,590.0728
153404#6,24.94,13.89,fuel,preseed,False,4,856.806,13.89,0.0,0.0,1.7955,0.0,0.0,0.0,1.0,1.7955,True,1538.4267
-153404#6,22.85,13.89,fuel,preseed,False,3,749.304,13.89,0.0,0.0,1.6451,0.0,0.0,0.0,1.0,1.6451,True,1232.6564
153404#7,53.46,13.89,fuel,preseed,False,4,909.609,13.89,0.0,0.0,3.8488,0.0,0.0,0.0,1.0,3.8488,True,3500.9147
-153404#7,50.91,13.89,fuel,preseed,False,3,786.428,13.813,0.0016,4781.713,3.6857,0.0,0.3248,0.0,3.5987,13.264,True,2898.5752
153404#8,4.19,13.89,fuel,preseed,False,4,700.651,13.89,0.0,0.0,0.3017,0.0,0.0,0.0,1.0,0.3017,True,211.3554
-153407,56.37,13.89,fuel,preseed,False,0,782.061,13.89,0.0,0.0,4.0583,0.0,0.0,0.0,1.0,4.0583,False,3173.8495
-153554#0,15.21,13.89,fuel,preseed,False,1,646.524,13.89,0.0,0.0,1.095,0.0,0.0,0.0,1.0,1.095,True,707.9646
153407,54.57,13.89,fuel,preseed,False,0,782.061,13.89,0.0,0.0,3.9287,0.0,0.0,0.0,1.0,3.9287,False,3072.5026
153554#1,73.8,13.89,fuel,preseed,False,0,782.061,13.89,0.0,0.0,5.3132,0.0,0.0,0.0,1.0,5.3132,False,4155.2261
-153408,23.32,13.89,fuel,preseed,False,1,800.15,13.89,0.0,0.0,1.6789,0.0,0.0,0.0,1.0,1.6789,True,1343.3766
153416,62.94,13.89,fuel,preseed,False,0,782.061,13.89,0.0,0.0,4.5313,0.0,0.0,0.0,1.0,4.5313,False,3543.766
-153409,90.14,13.89,fuel,preseed,False,1,862.889,13.89,0.0,0.0,6.4896,0.0,0.0,0.0,1.0,6.4896,True,5599.7675
-153410#6,66.95,13.89,fuel,preseed,False,1,843.694,13.89,0.0,0.0,4.82,0.0,0.0,0.0,1.0,4.82,True,4066.6187
-153415#5,80.0,13.89,fuel,preseed,False,1,782.061,13.89,0.0,0.0,5.7595,0.0,0.0,0.0,1.0,5.7595,True,4504.3102
153410#7,67.22,13.89,fuel,preseed,False,1,782.061,13.89,0.0,0.0,4.8395,0.0,0.0,0.0,1.0,4.8395,True,3784.7466
-153410#0,16.69,13.89,fuel,preseed,False,3,782.061,13.89,0.0,0.0,1.2016,0.0,0.0,0.0,1.0,1.2016,True,939.7117
153410#1,52.17,13.89,fuel,preseed,False,1,782.061,13.89,0.0,0.0,3.7559,0.0,0.0,0.0,1.0,3.7559,True,2937.3733
-153423#2,88.03,13.89,fuel,preseed,False,2,918.412,13.89,0.0,13497.903,6.3377,0.0,0.6595,0.0,6.276,39.7751,True,5820.5734
153410#0,21.42,13.89,fuel,preseed,False,1,782.061,13.89,0.0,0.0,1.5421,0.0,0.0,0.0,1.0,1.5421,True,1206.029
153423#3,121.19,13.89,fuel,preseed,False,2,782.061,13.89,0.0,0.0,8.725,0.0,0.0,0.0,1.0,8.725,True,6823.4669
-153410#1,59.09,13.89,fuel,preseed,False,3,782.061,13.89,0.0,0.0,4.2541,0.0,0.0,0.0,1.0,4.2541,True,3326.9961
153410#2,65.6,13.89,fuel,preseed,False,1,782.061,13.89,0.0,0.0,4.7228,0.0,0.0,0.0,1.0,4.7228,True,3693.5343
-153410#3,6.26,13.89,fuel,preseed,False,0,782.061,13.89,0.0,0.0,0.4507,0.0,0.0,0.0,1.0,0.4507,False,352.4623
153410#4,38.61,13.89,fuel,preseed,False,1,782.061,13.89,0.0,0.0,2.7797,0.0,0.0,0.0,1.0,2.7797,True,2173.8927
-153410#5,98.76,13.89,fuel,preseed,False,1,816.185,13.89,0.0,0.0,7.1102,0.0,0.0,0.0,1.0,7.1102,True,5803.1991
153410#6,70.29,13.89,fuel,preseed,False,1,782.061,13.89,0.0,0.0,5.0605,0.0,0.0,0.0,1.0,5.0605,True,3957.5995
-153410#7,64.82,13.89,fuel,preseed,False,1,782.061,13.89,0.0,0.0,4.6667,0.0,0.0,0.0,1.0,4.6667,True,3649.6173
153410#8,20.39,13.89,fuel,preseed,False,1,782.061,13.89,0.0,0.0,1.468,0.0,0.0,0.0,1.0,1.468,True,1148.0361
-153411,169.2,13.89,fuel,preseed,False,0,782.061,13.89,0.0,0.0,12.1814,0.0,0.0,0.0,1.0,12.1814,False,9526.616
-153412#3,226.73,13.89,fuel,preseed,False,0,782.061,13.89,0.0,0.0,16.3233,0.0,0.0,0.0,1.0,16.3233,False,12765.778
153412#4,30.13,13.89,fuel,preseed,False,3,605.155,13.906,0.0009,434.684,2.1667,0.0,0.0,0.0,1.0,2.1667,True,1311.1912
-153412#1,11.03,13.89,fuel,preseed,False,0,782.061,13.89,0.0,0.0,0.7941,0.0,0.0,0.0,1.0,0.7941,False,621.0318
153412#2,321.93,13.89,fuel,preseed,False,2,713.202,13.89,0.0,0.0,23.1771,0.0,0.0,0.0,1.0,23.1771,True,16529.9502
-153412#2,323.3,13.89,fuel,preseed,False,0,782.061,13.89,0.0,0.0,23.2757,0.0,0.0,0.0,1.0,23.2757,False,18203.0434
-153420#7,410.46,13.89,fuel,preseed,False,0,782.061,13.89,0.0,0.0,29.5508,0.0,0.0,0.0,1.0,29.5508,False,23110.4894
153412#3,224.55,13.89,fuel,preseed,False,3,596.514,13.659,0.0001,0.0,16.4403,0.0,0.0,0.0,1.0,16.4403,True,9806.884
-153413#0,9.1,13.89,fuel,preseed,False,1,721.009,13.89,0.0,0.0,0.6551,0.0,0.0,0.0,1.0,0.6551,True,472.3672
153413#1,117.83,13.89,fuel,preseed,False,1,782.061,13.89,0.0,0.0,8.4831,0.0,0.0,0.0,1.0,8.4831,True,6634.2858
-153413#1,118.54,13.89,fuel,preseed,False,2,671.991,13.89,0.0,0.0,8.5342,0.0,0.0,0.0,1.0,8.5342,True,5734.9057
153413#3,17.12,13.89,fuel,preseed,False,2,782.061,13.89,0.0,0.0,1.2325,0.0,0.0,0.0,1.0,1.2325,True,963.9224
-153413#10,7.39,13.89,fuel,preseed,False,2,795.284,13.89,0.0,0.0,0.532,0.0,0.0,0.0,1.0,0.532,True,423.1207
153413#11,82.73,13.89,fuel,preseed,False,1,784.86,13.659,0.0008,0.0,6.057,0.0,0.0,0.0,1.0,6.0571,True,4753.9267
-153413#9,36.26,13.89,fuel,preseed,False,2,781.42,13.89,0.0,0.0,2.6105,0.0,0.0,0.0,1.0,2.6105,True,2039.9069
153413#10,7.03,13.89,fuel,preseed,False,1,705.132,13.89,0.0,0.0,0.5061,0.0,0.0,0.0,1.0,0.5061,True,356.8812
-153413#11,84.84,13.89,fuel,preseed,False,2,729.976,13.89,0.0,0.0,6.108,0.0,0.0,0.0,1.0,6.108,True,4458.6881
153413#12,67.4,13.89,fuel,preseed,False,1,786.495,13.89,0.0,0.0,4.8524,0.0,0.0,0.0,1.0,4.8524,True,3816.3991
-153413#12,66.55,13.89,fuel,preseed,False,2,777.941,13.659,0.0008,0.0,4.8724,0.0,0.0,0.0,1.0,4.8724,True,3790.4579
153413#13,19.87,13.89,fuel,preseed,False,1,750.964,13.89,0.0,0.0,1.4305,0.0,0.0,0.0,1.0,1.4305,True,1074.2733
-153413#13,20.9,13.89,fuel,preseed,False,2,795.052,13.659,0.0008,0.0,1.5302,0.0,0.0,0.0,1.0,1.5302,True,1216.5753
153413#14,18.46,13.89,fuel,ema_unlocked,False,3,571.582,13.659,0.0035,0.0,1.3515,0.0,0.0,0.0,1.0,1.3516,True,772.5159
153415#0,79.85,13.89,fuel,ema_unlocked,False,4,1667.446,13.89,0.0,15782.282,5.7487,0.0,0.3232,0.0,3.5858,20.6136,True,9585.7134
-153413#14,17.66,13.89,fuel,ema_unlocked,False,3,128.624,13.89,0.0,0.0,1.2714,0.0,0.0,0.0,1.0,1.2714,True,163.5351
153413#15,5.19,13.89,fuel,ema_unlocked,False,2,909.348,13.83,0.004,1101.065,0.3753,0.0,1.0,0.0,9.0,3.3773,True,341.2422
-153413#15,4.43,13.89,fuel,ema_unlocked,False,5,1349.518,13.89,0.0,0.0,0.3189,0.0,0.0,0.0,1.0,0.3189,True,430.4077
153413#16,26.81,13.89,fuel,ema_unlocked,False,3,198.542,13.659,0.0011,1234.694,1.9629,0.0,1.0,0.0,9.0,17.6659,True,389.7134
-153413#3,17.12,13.89,fuel,preseed,False,2,665.006,13.89,0.0,295.176,1.2325,0.0,0.0,0.0,1.0,1.2325,True,819.6468
153413#4,52.78,13.89,fuel,preseed,False,1,768.053,13.89,0.0,0.0,3.7999,0.0,0.0,0.0,1.0,3.7999,True,2918.4914
-153413#4,51.9,13.89,fuel,preseed,False,2,790.019,13.89,0.0,0.0,3.7365,0.0,0.0,0.0,1.0,3.7365,True,2951.9069
153413#5,48.79,13.89,fuel,preseed,False,1,744.107,13.659,0.0014,0.0,3.5721,0.0,0.0,0.0,1.0,3.5722,True,2658.0498
-153413#5,48.07,13.89,fuel,preseed,False,2,773.227,13.89,0.0,0.0,3.4608,0.0,0.0,0.0,1.0,3.4608,True,2675.954
153413#6,10.65,13.89,fuel,preseed,False,1,701.26,13.89,0.0,0.0,0.7667,0.0,0.0,0.0,1.0,0.7667,True,537.6829
-153413#6,11.63,13.89,fuel,preseed,False,2,790.657,13.89,0.0,0.0,0.8373,0.0,0.0,0.0,1.0,0.8373,True,662.0119
153413#7,52.88,13.89,fuel,preseed,False,1,751.005,13.89,0.0,0.0,3.8071,0.0,0.0,0.0,1.0,3.8071,True,2859.1185
-153413#7,52.45,13.89,fuel,preseed,False,2,778.806,13.89,0.0,0.0,3.7761,0.0,0.0,0.0,1.0,3.7761,True,2940.8471
153413#8,26.12,13.89,fuel,preseed,False,1,783.865,13.89,0.0,0.0,1.8805,0.0,0.0,0.0,1.0,1.8805,True,1474.0507
-153413#8,24.29,13.89,fuel,preseed,False,2,767.826,13.89,0.0,0.0,1.7487,0.0,0.0,0.0,1.0,1.7487,True,1342.7273
153413#9,38.27,13.89,fuel,preseed,False,1,771.65,13.89,0.0,0.0,2.7552,0.0,0.0,0.0,1.0,2.7552,True,2126.0644
153649#0,16.31,13.89,fuel,preseed,False,0,782.061,13.89,0.0,0.0,1.1742,0.0,0.0,0.0,1.0,1.1742,False,918.3162
-153414#0,28.05,13.89,fuel,preseed,False,0,782.061,13.89,0.0,0.0,2.0194,0.0,0.0,0.0,1.0,2.0194,False,1579.3238
153414#1,53.13,13.89,fuel,preseed,False,0,782.061,13.89,0.0,0.0,3.8251,0.0,0.0,0.0,1.0,3.8251,False,2991.425
153414#0,28.05,13.89,fuel,preseed,False,0,782.061,13.89,0.0,0.0,2.0194,0.0,0.0,0.0,1.0,2.0194,False,1579.3238
-153414#1,53.1,13.89,fuel,preseed,False,0,782.061,13.89,0.0,0.0,3.8229,0.0,0.0,0.0,1.0,3.8229,False,2989.7359
153414#2,35.2,13.89,fuel,preseed,False,0,782.061,13.89,0.0,0.0,2.5342,0.0,0.0,0.0,1.0,2.5342,False,1981.8965
-153415#2,87.08,13.89,fuel,preseed,False,2,782.061,13.89,0.0,0.0,6.2693,0.0,0.0,0.0,1.0,6.2693,True,4902.9416
153415#3,122.95,13.89,fuel,preseed,False,2,817.229,13.89,0.0,0.0,8.8517,0.0,0.0,0.0,1.0,8.8517,True,7233.8618
-153415#4,93.11,13.89,fuel,preseed,False,1,782.061,13.89,0.0,0.0,6.7034,0.0,0.0,0.0,1.0,6.7034,True,5242.454
153415#5,89.27,13.89,fuel,preseed,False,2,784.068,13.89,0.0,0.0,6.4269,0.0,0.0,0.0,1.0,6.4269,True,5039.1485
-153417,44.95,13.89,fuel,preseed,False,0,782.061,13.89,0.0,0.0,3.2361,0.0,0.0,0.0,1.0,3.2361,False,2530.8593
-153418,63.3,13.89,fuel,preseed,False,0,782.061,13.89,0.0,0.0,4.5572,0.0,0.0,0.0,1.0,4.5572,False,3564.0354
-153442#4,48.65,13.89,fuel,preseed,False,1,809.336,13.89,0.0,0.0,3.5025,0.0,0.0,0.0,1.0,3.5025,True,2834.7145
152718,87.07,13.89,fuel,preseed,False,1,782.061,13.89,0.0,0.0,6.2685,0.0,0.0,0.0,1.0,6.2685,True,4902.3786
153442#5,139.54,13.89,fuel,preseed,False,1,756.968,13.89,0.0,0.0,10.0461,0.0,0.0,0.0,1.0,10.0461,True,7604.5587
-153420#1,153.23,13.89,fuel,preseed,False,0,782.061,13.89,0.0,0.0,11.0317,0.0,0.0,0.0,1.0,11.0317,False,8627.4431
-153642,86.08,13.89,fuel,preseed,False,0,782.061,13.89,0.0,0.0,6.1973,0.0,0.0,0.0,1.0,6.1973,False,4846.6377
153420#2,224.77,13.89,fuel,preseed,False,1,783.445,13.89,0.0,0.0,16.1821,0.0,0.0,0.0,1.0,16.1821,True,12677.8231
-153420#3,24.79,13.89,fuel,preseed,False,0,782.061,13.89,0.0,0.0,1.7847,0.0,0.0,0.0,1.0,1.7847,False,1395.7731
153420#4,349.81,13.89,fuel,preseed,False,1,679.114,13.89,0.0,0.0,25.1843,0.0,0.0,0.0,1.0,25.1843,True,17103.0259
-153420#4,343.02,13.89,fuel,preseed,False,0,782.061,13.89,0.0,0.0,24.6955,0.0,0.0,0.0,1.0,24.6955,False,19313.3559
153420#5,264.52,13.89,fuel,preseed,False,1,666.161,13.89,0.0,0.0,19.0439,0.0,0.0,0.0,1.0,19.0439,True,12686.3148
-153420#5,276.84,13.89,fuel,preseed,False,0,782.061,13.89,0.0,0.0,19.9309,0.0,0.0,0.0,1.0,19.9309,False,15587.1653
153420#6,618.79,13.89,fuel,preseed,False,1,736.108,13.89,0.0,0.0,44.5493,0.0,0.0,0.0,1.0,44.5493,True,32793.1068
-153420#6,599.31,13.89,fuel,preseed,False,0,782.061,13.89,0.0,0.0,43.1469,0.0,0.0,0.0,1.0,43.1469,False,33743.4765
153420#7,400.82,13.89,fuel,preseed,False,1,670.345,13.89,0.0,0.0,28.8567,0.0,0.0,0.0,1.0,28.8567,True,19343.9761
153421#0,211.65,13.89,fuel,preseed,False,0,782.061,13.89,0.0,0.0,15.2376,0.0,0.0,0.0,1.0,15.2376,False,11916.7156
-153421#2,168.2,13.89,fuel,preseed,False,0,782.061,13.89,0.0,0.0,12.1094,0.0,0.0,0.0,1.0,12.1094,False,9470.3121
153421#3,172.3,13.89,fuel,preseed,False,0,782.061,13.89,0.0,0.0,12.4046,0.0,0.0,0.0,1.0,12.4046,False,9701.158
-153421#3,167.64,13.89,fuel,preseed,False,0,782.061,13.89,0.0,0.0,12.0691,0.0,0.0,0.0,1.0,12.0691,False,9438.7819
153421#4,136.74,13.89,fuel,preseed,False,0,782.061,13.89,0.0,0.0,9.8445,0.0,0.0,0.0,1.0,9.8445,False,7698.9921
-153422,136.35,13.89,fuel,preseed,False,0,782.061,13.89,0.0,0.0,9.8164,0.0,0.0,0.0,1.0,9.8164,False,7677.0336
153422,136.22,13.89,fuel,preseed,False,0,782.061,13.89,0.0,0.0,9.8071,0.0,0.0,0.0,1.0,9.8071,False,7669.7141
-153423#1,129.96,13.89,fuel,preseed,False,2,848.946,13.89,0.0,0.0,9.3564,0.0,0.0,0.0,1.0,9.3564,True,7943.0508
153423#2,87.65,13.89,fuel,preseed,False,0,782.061,13.89,0.0,0.0,6.3103,0.0,0.0,0.0,1.0,6.3103,False,4935.0348
-153425,11.93,13.89,fuel,preseed,False,0,782.061,13.89,0.0,0.0,0.8589,0.0,0.0,0.0,1.0,0.8589,False,671.7053
-153432,18.28,13.89,fuel,preseed,False,0,782.061,13.89,0.0,0.0,1.3161,0.0,0.0,0.0,1.0,1.3161,False,1029.2349
153434,10.23,13.89,fuel,preseed,False,0,782.061,13.89,0.0,0.0,0.7365,0.0,0.0,0.0,1.0,0.7365,False,575.9887
-153426#0,16.64,13.89,fuel,preseed,False,0,782.061,13.89,0.0,0.0,1.198,0.0,0.0,0.0,1.0,1.198,False,936.8965
153425,14.67,13.89,fuel,preseed,False,0,782.061,13.89,0.0,0.0,1.0562,0.0,0.0,0.0,1.0,1.0562,False,825.9779
153426#1,99.45,13.89,fuel,preseed,False,0,782.061,13.89,0.0,0.0,7.1598,0.0,0.0,0.0,1.0,7.1598,False,5599.4206
-153430,58.23,13.89,fuel,preseed,False,0,782.061,13.89,0.0,0.0,4.1922,0.0,0.0,0.0,1.0,4.1922,False,3278.5748
153426#0,17.54,13.89,fuel,preseed,False,0,782.061,13.89,0.0,0.0,1.2628,0.0,0.0,0.0,1.0,1.2628,False,987.57
153429,36.95,13.89,fuel,preseed,False,1,782.061,13.89,0.0,0.0,2.6602,0.0,0.0,0.0,1.0,2.6602,True,2080.4283
153427#0,79.06,13.89,fuel,preseed,False,0,782.061,13.89,0.0,0.0,5.6919,0.0,0.0,0.0,1.0,5.6919,False,4451.3845
-153427#9,2.71,13.89,fuel,preseed,False,0,782.061,13.89,0.0,0.0,0.1951,0.0,0.0,0.0,1.0,0.1951,False,152.5835
153427#10,265.03,13.89,fuel,preseed,False,0,782.061,13.89,0.0,0.0,19.0806,0.0,0.0,0.0,1.0,19.0806,False,14922.2165
-153427#12,47.44,13.89,fuel,preseed,False,0,782.061,13.89,0.0,0.0,3.4154,0.0,0.0,0.0,1.0,3.4154,False,2671.0559
153430,61.2,13.89,fuel,preseed,False,1,782.061,13.89,0.0,0.0,4.406,0.0,0.0,0.0,1.0,4.406,True,3445.7973
-153451#5,42.32,13.89,fuel,preseed,False,1,797.608,13.89,0.0,0.0,3.0468,0.0,0.0,0.0,1.0,3.0468,True,2430.1499
153435#0,203.13,13.89,fuel,preseed,False,4,775.431,13.89,0.0,0.0,14.6242,0.0,0.0,0.0,1.0,14.6242,True,11340.0541
153451#6,15.65,13.89,fuel,ema_unlocked,False,7,1379.795,13.913,0.0006,1683.792,1.1248,0.0,0.0424,0.0,1.3395,1.5068,True,1552.0504
-153435#3,53.28,13.89,fuel,ema_unlocked,False,1,2459.273,13.89,0.0,0.0,3.8359,0.0,0.0,0.0,1.0,3.8359,True,9433.4108
152416#1,3.8,13.89,fuel,preseed,False,4,794.16,13.89,0.0,0.0,0.2736,0.0,0.0,0.0,1.0,0.2736,True,217.2648
153436,1329.48,13.89,fuel,ema_unlocked,False,2,1020.259,13.89,0.0,0.0,95.7149,0.0,0.0,0.0,1.0,95.7149,True,97654.0336
153437,161.18,13.89,fuel,preseed,False,0,782.061,13.89,0.0,0.0,11.604,0.0,0.0,0.0,1.0,11.604,False,9075.0589
153438,131.33,13.89,fuel,preseed,False,0,782.061,13.89,0.0,0.0,9.455,0.0,0.0,0.0,1.0,9.455,False,7394.3882
-153440#0,204.26,13.89,fuel,preseed,False,1,782.061,13.89,0.0,21209.318,14.7055,0.0,0.4221,0.0,4.3768,64.3625,True,11500.6299
-153441#3,13.79,13.89,fuel,preseed,False,3,734.95,13.89,0.0,0.0,0.9928,0.0,0.0,0.0,1.0,0.9928,True,729.6592
153440#1,18.3,13.89,fuel,preseed,False,2,706.453,13.89,0.0,0.0,1.3175,0.0,0.0,0.0,1.0,1.3175,True,930.7478
-153440#2,179.66,13.89,fuel,preseed,False,2,782.061,13.89,0.0,0.0,12.9345,0.0,0.0,0.0,1.0,12.9345,True,10115.5545
153440#3,22.03,13.89,fuel,preseed,False,2,621.246,13.89,0.0,0.0,1.586,0.0,0.0,0.0,1.0,1.586,True,985.3161
-153440#3,22.85,13.89,fuel,preseed,False,2,782.061,13.89,0.0,0.0,1.6451,0.0,0.0,0.0,1.0,1.6451,True,1286.5436
153440#4,117.66,13.89,fuel,preseed,False,2,761.281,13.89,0.0,0.0,8.4708,0.0,0.0,0.0,1.0,8.4708,True,6448.6904
-153441#2,247.08,13.89,fuel,preseed,False,3,739.504,13.89,0.0,0.0,17.7883,0.0,0.0,0.0,1.0,17.7883,True,13154.5412
153441#3,17.94,13.89,fuel,preseed,False,3,782.061,13.89,0.0,0.0,1.2916,0.0,0.0,0.0,1.0,1.2916,True,1010.0916
-153442#0,30.87,13.89,fuel,preseed,False,1,668.029,13.89,0.0,0.0,2.2225,0.0,0.0,0.0,1.0,2.2225,True,1484.6703
153442#1,71.73,13.89,fuel,preseed,False,1,631.5,13.89,0.0,0.0,5.1641,0.0,0.0,0.0,1.0,5.1641,True,3261.1572
153442#0,30.87,13.89,fuel,preseed,False,1,831.331,13.89,0.0,0.0,2.2225,0.0,0.0,0.0,1.0,2.2225,True,1847.6022
-153442#1,71.49,13.89,fuel,preseed,False,1,865.246,13.89,0.0,0.0,5.1469,0.0,0.0,0.0,1.0,5.1469,True,4453.3089
153442#2,51.78,13.89,fuel,preseed,False,1,687.174,13.89,0.0,0.0,3.7279,0.0,0.0,0.0,1.0,3.7279,True,2561.6903
-153442#2,50.5,13.89,fuel,preseed,False,1,806.586,13.89,0.0,0.0,3.6357,0.0,0.0,0.0,1.0,3.6357,True,2932.5105
153442#3,189.97,13.89,fuel,preseed,False,1,683.776,13.89,0.0,0.0,13.6767,0.0,0.0,0.0,1.0,13.6767,True,9351.8303
-153442#3,194.35,13.89,fuel,preseed,False,1,817.455,13.89,0.0,0.0,13.9921,0.0,0.0,0.0,1.0,13.9921,True,11437.8906
153442#4,37.92,13.89,fuel,preseed,False,1,794.473,13.89,0.0,0.0,2.73,0.0,0.0,0.0,1.0,2.73,True,2168.9294
-153444#2,32.66,13.89,fuel,preseed,False,2,830.605,13.89,0.0,0.0,2.3513,0.0,0.0,0.0,1.0,2.3513,True,1953.0274
153444#3,47.59,13.89,fuel,preseed,False,1,782.061,13.89,0.0,0.0,3.4262,0.0,0.0,0.0,1.0,3.4262,True,2679.5015
-153445#0,179.03,13.89,fuel,preseed,False,3,728.575,13.89,0.0,0.0,12.8891,0.0,0.0,0.0,1.0,12.8891,True,9390.6994
153445#1,125.66,13.89,fuel,preseed,False,1,782.061,13.89,0.0,0.0,9.0468,0.0,0.0,0.0,1.0,9.0468,True,7075.1452
-153447,107.81,13.89,fuel,preseed,False,0,782.061,13.89,0.0,0.0,7.7617,0.0,0.0,0.0,1.0,7.7617,False,6070.121
-153448,32.79,13.89,fuel,preseed,False,0,782.061,13.89,0.0,0.0,2.3607,0.0,0.0,0.0,1.0,2.3607,False,1846.2041
153448,32.79,13.89,fuel,preseed,False,0,782.061,13.89,0.0,0.0,2.3607,0.0,0.0,0.0,1.0,2.3607,False,1846.2041
153484#0,9.49,13.89,fuel,preseed,False,0,782.061,13.89,0.0,0.0,0.6832,0.0,0.0,0.0,1.0,0.6832,False,534.3238
-153449#0,4.63,13.89,fuel,preseed,False,0,782.061,13.89,0.0,0.0,0.3333,0.0,0.0,0.0,1.0,0.3333,False,260.687
153449#1,43.77,13.89,fuel,preseed,False,2,782.061,13.89,0.0,0.0,3.1512,0.0,0.0,0.0,1.0,3.1512,True,2464.4207
-153449#1,40.62,13.89,fuel,preseed,False,0,782.061,13.89,0.0,0.0,2.9244,0.0,0.0,0.0,1.0,2.9244,False,2287.0635
153449#2,26.21,13.89,fuel,preseed,False,2,782.061,13.89,0.0,0.0,1.887,0.0,0.0,0.0,1.0,1.887,True,1475.7246
-153449#10,86.37,13.89,fuel,preseed,False,0,782.061,13.89,0.0,0.0,6.2181,0.0,0.0,0.0,1.0,6.2181,False,4862.9659
153449#11,153.87,13.89,fuel,preseed,False,2,782.061,13.89,0.0,0.0,11.0778,0.0,0.0,0.0,1.0,11.0778,True,8663.4776
-153449#9,64.15,13.89,fuel,preseed,False,0,782.061,13.89,0.0,0.0,4.6184,0.0,0.0,0.0,1.0,4.6184,False,3611.8937
153449#10,80.95,13.89,fuel,preseed,False,2,782.061,13.89,0.0,0.0,5.8279,0.0,0.0,0.0,1.0,5.8279,True,4557.7988
-153449#11,154.9,13.89,fuel,preseed,False,0,782.061,13.89,0.0,0.0,11.1519,0.0,0.0,0.0,1.0,11.1519,False,8721.4706
-153449#2,19.2,13.89,fuel,preseed,False,0,782.061,13.89,0.0,0.0,1.3823,0.0,0.0,0.0,1.0,1.3823,False,1081.0344
153449#3,10.61,13.89,fuel,preseed,False,2,782.061,13.89,0.0,0.0,0.7639,0.0,0.0,0.0,1.0,0.7639,True,597.3841
-153449#3,19.03,13.89,fuel,preseed,False,0,782.061,13.89,0.0,0.0,1.3701,0.0,0.0,0.0,1.0,1.3701,False,1071.4628
153449#4,16.27,13.89,fuel,preseed,False,2,782.061,13.89,0.0,0.0,1.1713,0.0,0.0,0.0,1.0,1.1713,True,916.0641
-153449#4,14.94,13.89,fuel,preseed,False,0,782.061,13.89,0.0,0.0,1.0756,0.0,0.0,0.0,1.0,1.0756,False,841.1799
153449#5,9.83,13.89,fuel,preseed,False,2,782.061,13.89,0.0,0.0,0.7077,0.0,0.0,0.0,1.0,0.7077,True,553.4671
-153449#6,20.62,13.89,fuel,preseed,False,0,782.061,13.89,0.0,0.0,1.4845,0.0,0.0,0.0,1.0,1.4845,False,1160.9859
153449#7,37.57,13.89,fuel,preseed,False,2,782.061,13.89,0.0,0.0,2.7048,0.0,0.0,0.0,1.0,2.7048,True,2115.3367
-153449#7,41.82,13.89,fuel,preseed,False,0,782.061,13.89,0.0,0.0,3.0108,0.0,0.0,0.0,1.0,3.0108,False,2354.6281
153449#8,63.64,13.89,fuel,preseed,False,2,782.061,13.89,0.0,0.0,4.5817,0.0,0.0,0.0,1.0,4.5817,True,3583.1787
153564,31.89,13.89,fuel,preseed,False,0,782.061,13.89,0.0,0.0,2.2959,0.0,0.0,0.0,1.0,2.2959,False,1795.5306
-153450,37.37,13.89,fuel,preseed,False,0,782.061,13.89,0.0,0.0,2.6904,0.0,0.0,0.0,1.0,2.6904,False,2104.0759
-153476#1,43.66,13.89,fuel,preseed,False,3,782.061,13.89,0.0,0.0,3.1433,0.0,0.0,0.0,1.0,3.1433,True,2458.2273
153476#2,33.07,13.89,fuel,ema_unlocked,False,6,1363.46,13.89,0.0,3772.64,2.3808,0.0,0.0811,0.0,1.6487,3.9253,True,3246.1926
-153451#2,41.59,13.89,fuel,ema_unlocked,False,4,1320.412,13.89,0.0,0.0,2.9942,0.0,0.0,0.0,1.0,2.9942,True,3953.6316
153451#3,43.48,13.89,fuel,ema_unlocked,False,8,279.368,13.89,0.0,0.0,3.1303,0.0,0.0,0.0,1.0,3.1303,True,874.5081
153488#0,181.21,13.89,fuel,preseed,False,0,782.061,13.89,0.0,0.0,13.0461,0.0,0.0,0.0,1.0,13.0461,False,10202.8256
-153451#4,108.49,13.89,fuel,ema_unlocked,False,4,1548.295,13.89,0.0,0.0,7.8107,0.0,0.0,0.0,1.0,7.8107,True,12093.1951
153451#5,40.86,13.89,fuel,ema_unlocked,False,7,408.617,13.89,0.0,0.0,2.9417,0.0,0.0,0.0,1.0,2.9417,True,1202.0224
153456#0,266.0,13.89,fuel,preseed,False,2,685.186,13.856,0.0001,10424.31,19.1978,0.0,0.0,0.0,1.0,19.1978,True,13154.0624
-153452#0,2256.43,13.89,fuel,preseed,False,4,787.023,13.89,0.0,0.0,162.45,0.0,0.0,0.0,1.0,162.45,True,127851.8974
153452#1,33.65,13.89,fuel,ema_unlocked,False,9,88.905,13.89,0.0,261.379,2.4226,0.0,0.1068,0.0,1.8543,4.4922,True,215.381
153457,2091.18,13.89,fuel,preseed,False,3,782.061,13.89,0.0,0.0,150.5529,0.0,0.0,0.0,1.0,150.5529,True,117741.5416
153452#0,2261.54,13.89,fuel,ema_unlocked,False,9,502.298,13.633,0.0,0.0,165.8899,0.0,0.0,0.0,1.0,165.8899,True,83326.1973
-153453#0,9.85,13.89,fuel,preseed,False,0,782.061,13.89,0.0,0.0,0.7091,0.0,0.0,0.0,1.0,0.7091,False,554.5932
153453#1,147.48,13.89,fuel,preseed,False,0,782.061,13.89,0.0,0.0,10.6177,0.0,0.0,0.0,1.0,10.6177,False,8303.6958
153453#0,9.85,13.89,fuel,preseed,False,0,782.061,13.89,0.0,0.0,0.7091,0.0,0.0,0.0,1.0,0.7091,False,554.5932
153454#0,49.98,13.89,fuel,preseed,False,1,910.121,13.89,0.0,0.0,3.5983,0.0,0.0,0.0,1.0,3.5983,True,3274.8648
153455#0,102.65,13.89,fuel,preseed,False,0,782.061,13.89,0.0,0.0,7.3902,0.0,0.0,0.0,1.0,7.3902,False,5779.593
-153457,2106.48,13.89,fuel,preseed,False,1,854.441,13.89,0.0,0.0,151.6544,0.0,0.0,0.0,1.0,151.6544,True,129579.7296
-153459#0,218.9,13.89,fuel,ema_unlocked,False,3,438.429,13.89,0.0,673.408,15.7595,0.0,0.0,0.0,1.0,15.7595,True,6909.4463
153459#1,1646.32,13.89,fuel,ema_unlocked,False,1,265.8,13.89,0.0,0.0,118.5256,0.0,0.0,0.0,1.0,118.5256,True,31504.1212
-153458#1,269.51,13.89,fuel,ema_unlocked,False,5,1141.333,13.89,0.0,0.0,19.4032,0.0,0.0,0.0,1.0,19.4032,True,22145.4727
153005#0,69.24,13.89,fuel,ema_unlocked,False,1,193.836,13.89,0.0,0.0,4.9849,0.0,0.0,0.0,1.0,4.9849,True,966.2493
-153460,108.92,13.89,fuel,ema_unlocked,False,1,1136.206,13.659,0.0002,0.0,7.9745,0.0,0.0,0.0,1.0,7.9745,True,9060.7019
-153461#0,8.66,13.89,fuel,preseed,False,0,782.061,13.89,0.0,0.0,0.6235,0.0,0.0,0.0,1.0,0.6235,False,487.5916
153461#1,57.77,13.89,fuel,preseed,False,0,782.061,13.89,0.0,0.0,4.1591,0.0,0.0,0.0,1.0,4.1591,False,3252.675
-153461#1,57.4,13.89,fuel,preseed,False,0,782.061,13.89,0.0,0.0,4.1325,0.0,0.0,0.0,1.0,4.1325,False,3231.8425
-153462#0,140.84,13.89,fuel,preseed,False,0,782.061,13.89,0.0,0.0,10.1397,0.0,0.0,0.0,1.0,10.1397,False,7929.838
153462#1,107.52,13.89,fuel,preseed,False,0,782.061,13.89,0.0,0.0,7.7408,0.0,0.0,0.0,1.0,7.7408,False,6053.7929
-153462#1,109.85,13.89,fuel,preseed,False,0,782.061,13.89,0.0,0.0,7.9086,0.0,0.0,0.0,1.0,7.9086,False,6184.9809
-153465#2,84.85,13.89,fuel,preseed,False,0,782.061,13.89,0.0,0.0,6.1087,0.0,0.0,0.0,1.0,6.1087,False,4777.384
153462#2,33.16,13.89,fuel,preseed,False,0,782.061,13.89,0.0,0.0,2.3873,0.0,0.0,0.0,1.0,2.3873,False,1867.0366
-153462#2,29.37,13.89,fuel,preseed,False,0,782.061,13.89,0.0,0.0,2.1145,0.0,0.0,0.0,1.0,2.1145,False,1653.6449
153462#3,25.17,13.89,fuel,preseed,False,0,782.061,13.89,0.0,0.0,1.8121,0.0,0.0,0.0,1.0,1.8121,False,1417.1686
-153462#3,24.0,13.89,fuel,preseed,False,0,782.061,13.89,0.0,0.0,1.7279,0.0,0.0,0.0,1.0,1.7279,False,1351.293
153462#4,52.38,13.89,fuel,preseed,False,0,782.061,13.89,0.0,0.0,3.7711,0.0,0.0,0.0,1.0,3.7711,False,2949.1971
-153462#5,47.79,13.89,fuel,preseed,False,0,782.061,13.89,0.0,0.0,3.4406,0.0,0.0,0.0,1.0,3.4406,False,2690.7623
-153476#11,18.24,13.89,fuel,ema_unlocked,False,6,255.328,13.89,0.0,0.0,1.3132,0.0,0.0,0.0,1.0,1.3132,True,335.2907
153476#12,50.81,13.89,fuel,ema_unlocked,False,10,972.0,13.89,0.0,0.0,3.658,0.0,0.0,0.0,1.0,3.658,True,3555.6019
153463,98.31,13.89,fuel,preseed,False,0,782.061,13.89,0.0,0.0,7.0778,0.0,0.0,0.0,1.0,7.0778,False,5535.2342
153464,120.32,13.89,fuel,preseed,False,0,782.061,13.89,0.0,0.0,8.6623,0.0,0.0,0.0,1.0,8.6623,False,6774.4825
-153465#1,35.67,13.89,fuel,preseed,False,0,782.061,13.89,0.0,0.0,2.568,0.0,0.0,0.0,1.0,2.568,False,2008.3593
153465#2,84.92,13.89,fuel,preseed,False,0,782.061,13.89,0.0,0.0,6.1138,0.0,0.0,0.0,1.0,6.1138,False,4781.3252
-153466,54.56,13.89,fuel,preseed,False,0,782.061,13.89,0.0,0.0,3.928,0.0,0.0,0.0,1.0,3.928,False,3071.9395
-153467#0,112.97,13.89,fuel,preseed,False,0,782.061,13.89,0.0,0.0,8.1332,0.0,0.0,0.0,1.0,8.1332,False,6360.649
153467#1,44.25,13.89,fuel,preseed,False,0,782.061,13.89,0.0,0.0,3.1857,0.0,0.0,0.0,1.0,3.1857,False,2491.4466
153466,54.61,13.89,fuel,preseed,False,0,782.061,13.89,0.0,0.0,3.9316,0.0,0.0,0.0,1.0,3.9316,False,3074.7547
-153468#0,20.99,13.89,fuel,preseed,False,0,782.061,13.89,0.0,0.0,1.5112,0.0,0.0,0.0,1.0,1.5112,False,1181.8184
153468#1,14.95,13.89,fuel,preseed,False,0,782.061,13.89,0.0,0.0,1.0763,0.0,0.0,0.0,1.0,1.0763,False,841.743
-153473#0,278.88,13.89,fuel,preseed,False,0,782.061,13.89,0.0,0.0,20.0778,0.0,0.0,0.0,1.0,20.0778,False,15702.0252
153469#0,15.56,13.89,fuel,preseed,False,0,782.061,13.89,0.0,0.0,1.1202,0.0,0.0,0.0,1.0,1.1202,False,876.0883
153473#1,275.33,13.89,fuel,preseed,False,0,782.061,13.89,0.0,0.0,19.8222,0.0,0.0,0.0,1.0,19.8222,False,15502.1465
-153469#1,134.13,13.89,fuel,preseed,False,0,782.061,13.89,0.0,0.0,9.6566,0.0,0.0,0.0,1.0,9.6566,False,7552.039
-153472#3,26.83,13.89,fuel,preseed,False,0,782.061,13.89,0.0,0.0,1.9316,0.0,0.0,0.0,1.0,1.9316,False,1510.633
153470,187.2,13.89,fuel,preseed,False,0,782.061,13.89,0.0,0.0,13.4773,0.0,0.0,0.0,1.0,13.4773,False,10540.0858
153474,375.43,13.89,fuel,preseed,False,0,782.061,13.89,0.0,0.0,27.0288,0.0,0.0,0.0,1.0,27.0288,False,21138.1646
-153471,155.98,13.89,fuel,preseed,False,0,782.061,13.89,0.0,0.0,11.2297,0.0,0.0,0.0,1.0,11.2297,False,8782.2787
-153475#0,53.95,13.89,fuel,preseed,False,0,782.061,13.89,0.0,0.0,3.8841,0.0,0.0,0.0,1.0,3.8841,False,3037.5942
153471,141.4,13.89,fuel,preseed,False,0,782.061,13.89,0.0,0.0,10.18,0.0,0.0,0.0,1.0,10.18,False,7961.3682
153475#1,26.33,13.89,fuel,preseed,False,0,782.061,13.89,0.0,0.0,1.8956,0.0,0.0,0.0,1.0,1.8956,False,1482.4811
-153472#0,498.14,13.89,fuel,preseed,False,0,782.061,13.89,0.0,0.0,35.8632,0.0,0.0,0.0,1.0,35.8632,False,28047.2133
153472#1,320.24,13.89,fuel,preseed,False,0,782.061,13.89,0.0,0.0,23.0554,0.0,0.0,0.0,1.0,23.0554,False,18030.7536
-153473#3,28.0,13.89,fuel,preseed,False,0,782.061,13.89,0.0,0.0,2.0158,0.0,0.0,0.0,1.0,2.0158,False,1576.5086
153473#4,486.05,13.89,fuel,preseed,False,0,782.061,13.89,0.0,0.0,34.9928,0.0,0.0,0.0,1.0,34.9928,False,27366.4994
-153472#1,318.03,13.89,fuel,preseed,False,0,782.061,13.89,0.0,0.0,22.8963,0.0,0.0,0.0,1.0,22.8963,False,17906.322
153472#2,110.76,13.89,fuel,preseed,False,0,782.061,13.89,0.0,0.0,7.9741,0.0,0.0,0.0,1.0,7.9741,False,6236.2174
-153472#2,104.75,13.89,fuel,preseed,False,0,782.061,13.89,0.0,0.0,7.5414,0.0,0.0,0.0,1.0,7.5414,False,5897.8311
-153475#2,118.87,13.89,fuel,preseed,False,0,782.061,13.89,0.0,0.0,8.558,0.0,0.0,0.0,1.0,8.558,False,6692.8419
153472#3,26.59,13.89,fuel,preseed,False,0,782.061,13.89,0.0,0.0,1.9143,0.0,0.0,0.0,1.0,1.9143,False,1497.1201
-153473#1,281.0,13.89,fuel,preseed,False,0,782.061,13.89,0.0,0.0,20.2304,0.0,0.0,0.0,1.0,20.2304,False,15821.3894
153473#2,100.94,13.89,fuel,preseed,False,0,782.061,13.89,0.0,0.0,7.2671,0.0,0.0,0.0,1.0,7.2671,False,5683.3133
-153473#2,101.96,13.89,fuel,preseed,False,0,782.061,13.89,0.0,0.0,7.3405,0.0,0.0,0.0,1.0,7.3405,False,5740.7433
153473#3,29.11,13.89,fuel,preseed,False,0,782.061,13.89,0.0,0.0,2.0958,0.0,0.0,0.0,1.0,2.0958,False,1639.0059
-153474,379.94,13.89,fuel,preseed,False,0,782.061,13.89,0.0,0.0,27.3535,0.0,0.0,0.0,1.0,27.3535,False,21392.095
-153476#25,20.53,13.89,fuel,ema_unlocked,False,7,474.364,13.89,0.0,0.0,1.478,0.0,0.0,0.0,1.0,1.478,True,701.13
153476#26,364.36,13.89,fuel,ema_unlocked,False,10,1175.814,13.925,0.0001,31797.849,26.1667,0.0,0.0167,0.0,1.134,29.6728,True,30767.2279
153479#0,97.51,13.89,fuel,preseed,False,1,782.061,13.89,0.0,0.0,7.0202,0.0,0.0,0.0,1.0,7.0202,True,5490.191
153475#0,52.72,13.89,fuel,preseed,False,0,782.061,13.89,0.0,0.0,3.7955,0.0,0.0,0.0,1.0,3.7955,False,2968.3404
-153476#10,148.14,13.89,fuel,ema_unlocked,False,6,209.915,13.89,0.0,0.0,10.6652,0.0,0.0,0.0,1.0,10.6652,True,2238.7864
153476#11,18.24,13.89,fuel,ema_unlocked,False,10,1111.441,13.842,0.0011,1715.461,1.3177,0.0,0.0857,0.0,1.6853,2.2207,True,1464.5389
-153476#12,55.5,13.89,fuel,ema_unlocked,False,6,395.161,13.659,0.0004,0.0,4.0634,0.0,0.0,0.0,1.0,4.0634,True,1605.7001
153476#13,252.48,13.89,fuel,ema_unlocked,False,10,1060.272,13.89,0.0,0.0,18.1771,0.0,0.0,0.0,1.0,18.1771,True,19272.6821
-153476#14,3.72,13.89,fuel,ema_unlocked,False,3,631.611,13.89,0.0,0.0,0.2678,0.0,0.0,0.0,1.0,0.2678,True,169.1571
153476#15,40.88,13.89,fuel,ema_unlocked,False,10,982.858,13.89,0.0,0.0,2.9431,0.0,0.0,0.0,1.0,2.9431,True,2892.6744
-153476#15,46.4,13.89,fuel,ema_unlocked,False,6,516.477,13.89,0.0,0.0,3.3405,0.0,0.0,0.0,1.0,3.3405,True,1725.3089
153476#16,249.64,13.89,fuel,ema_unlocked,False,10,1074.416,13.89,0.0,0.0,17.9726,0.0,0.0,0.0,1.0,17.9726,True,19310.0902
-153476#16,248.58,13.89,fuel,ema_unlocked,False,6,370.613,13.645,0.0004,6941.409,18.218,0.0,0.014,0.0,1.1123,20.2643,True,6751.813
153476#17,88.75,13.89,fuel,ema_unlocked,False,10,1123.366,13.89,0.0,0.0,6.3895,0.0,0.0,0.0,1.0,6.3895,True,7177.7321
-153476#17,83.9,13.89,fuel,ema_unlocked,False,7,312.45,13.876,0.0006,1940.931,6.0462,0.0,0.0137,0.0,1.1096,6.7091,True,1889.152
153476#18,62.05,13.89,fuel,ema_unlocked,False,10,327.77,13.89,0.0,0.0,4.4672,0.0,0.0,0.0,1.0,4.4672,True,1464.2262
-153476#18,65.72,13.89,fuel,ema_unlocked,False,7,1435.401,13.89,0.0,0.0,4.7315,0.0,0.0,0.0,1.0,4.7315,True,6791.543
153476#19,30.77,13.89,fuel,ema_unlocked,False,10,2170.137,13.828,0.0005,7405.968,2.2252,0.0,0.2668,0.0,3.1346,6.9751,True,4828.9816
-153476#23,9.01,13.89,fuel,ema_unlocked,False,5,330.867,13.89,0.0,0.0,0.6487,0.0,0.0,0.0,1.0,0.6487,True,214.6231
153476#24,38.61,13.89,fuel,ema_unlocked,False,10,861.858,13.89,0.0,2496.998,2.7797,0.0,0.0211,0.0,1.1691,3.2498,True,2395.7055
-153476#3,16.14,13.89,fuel,preseed,False,3,782.061,13.89,0.0,0.0,1.162,0.0,0.0,0.0,1.0,1.162,True,908.7446
-153643,34.06,13.89,fuel,preseed,False,0,782.061,13.89,0.0,0.0,2.4521,0.0,0.0,0.0,1.0,2.4521,False,1917.7101
153476#5,12.85,13.89,fuel,ema_unlocked,False,6,1310.591,13.659,0.0013,0.0,0.9408,0.0,0.0,0.0,1.0,0.9408,True,1233.012
-153476#6,45.85,13.89,fuel,preseed,False,3,782.061,13.89,0.0,1378.837,3.3009,0.0,0.0,0.0,1.0,3.3009,True,2581.5328
153476#7,30.44,13.89,fuel,ema_unlocked,False,6,1494.143,13.89,0.0,3697.217,2.1915,0.0,0.0646,0.0,1.5165,3.3234,True,3274.4218
-153476#7,36.74,13.89,fuel,preseed,False,3,782.061,13.89,0.0,0.0,2.6451,0.0,0.0,0.0,1.0,2.6451,True,2068.6044
153476#8,193.1,13.89,fuel,ema_unlocked,False,10,1032.805,13.89,0.0,15728.065,13.9021,0.0,0.0477,0.0,1.3816,19.2077,True,14358.1457
-153476#8,189.22,13.89,fuel,preseed,False,3,782.061,13.659,0.0001,0.0,13.8536,0.0,0.0,0.0,1.0,13.8536,True,10834.3928
153476#9,19.45,13.89,fuel,ema_unlocked,False,10,1394.42,13.89,0.0,2205.625,1.4003,0.0,0.0648,0.0,1.5184,2.1261,True,1952.589
153478,543.0,13.89,fuel,ema_unlocked,False,9,721.732,13.89,0.0,0.0,39.0929,0.0,0.0,0.0,1.0,39.0929,True,28214.5582
-153479#0,104.65,13.89,fuel,preseed,False,1,782.061,13.89,0.0,0.0,7.5342,0.0,0.0,0.0,1.0,7.5342,True,5892.2007
153479#1,14.83,13.89,fuel,preseed,False,1,782.061,13.89,0.0,0.0,1.0677,0.0,0.0,0.0,1.0,1.0677,True,834.9865
-153479#1,14.83,13.89,fuel,preseed,False,1,782.061,13.89,0.0,0.0,1.0677,0.0,0.0,0.0,1.0,1.0677,True,834.9865
153479#2,72.45,13.89,fuel,preseed,False,1,782.061,13.89,0.0,0.0,5.216,0.0,0.0,0.0,1.0,5.216,True,4079.2159
-153479#2,69.73,13.89,fuel,preseed,False,1,782.061,13.89,0.0,0.0,5.0202,0.0,0.0,0.0,1.0,5.0202,True,3926.0693
153479#3,10.47,13.89,fuel,preseed,False,1,782.061,13.89,0.0,0.0,0.7538,0.0,0.0,0.0,1.0,0.7538,True,589.5016
-153479#5,100.23,13.89,fuel,preseed,False,1,782.061,13.89,0.0,0.0,7.216,0.0,0.0,0.0,1.0,7.216,True,5643.3376
153479#6,14.33,13.89,fuel,preseed,False,1,782.061,13.89,0.0,0.0,1.0317,0.0,0.0,0.0,1.0,1.0317,True,806.8346
-153479#6,14.28,13.89,fuel,preseed,False,1,782.061,13.89,0.0,0.0,1.0281,0.0,0.0,0.0,1.0,1.0281,True,804.0194
153479#7,461.15,13.89,fuel,preseed,False,1,782.061,13.89,0.0,0.0,33.2001,0.0,0.0,0.0,1.0,33.2001,True,25964.5329
-153479#7,476.68,13.89,fuel,preseed,False,1,782.061,13.89,0.0,0.0,34.3182,0.0,0.0,0.0,1.0,34.3182,True,26838.9321
153479#8,118.5,13.89,fuel,preseed,False,1,782.061,13.89,0.0,0.0,8.5313,0.0,0.0,0.0,1.0,8.5313,True,6672.0094
-153479#8,121.77,13.89,fuel,preseed,False,1,782.061,13.89,0.0,0.0,8.7667,0.0,0.0,0.0,1.0,8.7667,True,6856.1231
153479#9,148.6,13.89,fuel,preseed,False,1,782.061,13.89,0.0,0.0,10.6983,0.0,0.0,0.0,1.0,10.6983,True,8366.7561
-153480#0,107.11,13.89,fuel,preseed,False,4,866.98,13.853,0.0004,11313.669,7.7316,0.0,0.3439,0.0,3.7512,29.0032,True,6703.1781
153480#1,37.74,13.89,fuel,preseed,False,3,521.889,13.89,0.0,0.0,2.7171,0.0,0.0,0.0,1.0,2.7171,True,1418.0054
-153480#4,162.1,13.89,fuel,preseed,False,4,1019.382,13.89,0.0,0.0,11.6703,0.0,0.0,0.0,1.0,11.6703,True,11896.4554
153480#5,47.93,13.89,fuel,preseed,False,2,605.814,13.89,0.0,0.0,3.4507,0.0,0.0,0.0,1.0,3.4507,True,2090.4739
-153480#5,43.71,13.89,fuel,preseed,False,4,1099.024,13.89,0.0,0.0,3.1469,0.0,0.0,0.0,1.0,3.1469,True,3458.4828
153480#6,40.19,13.89,fuel,preseed,False,2,794.683,13.89,0.0,0.0,2.8934,0.0,0.0,0.0,1.0,2.8934,True,2299.3755
153546,25.59,13.89,fuel,preseed,False,0,782.061,13.89,0.0,0.0,1.8423,0.0,0.0,0.0,1.0,1.8423,False,1440.8162
-153480#6,43.81,13.89,fuel,preseed,False,4,834.842,13.89,0.0,0.0,3.1541,0.0,0.0,0.0,1.0,3.1541,True,2633.1494
153480#7,130.04,13.89,fuel,preseed,False,2,766.074,13.89,0.0,0.0,9.3621,0.0,0.0,0.0,1.0,9.3621,True,7172.0886
-153480#7,117.72,13.89,fuel,preseed,False,4,985.884,13.89,0.0,0.0,8.4752,0.0,0.0,0.0,1.0,8.4752,True,8355.5281
152216,62.48,22.22,fuel,preseed,False,1,1643.714,22.084,0.0006,6811.301,2.8292,0.0,0.2323,0.0,2.8586,8.0877,True,4650.4398
152585#1,9.65,13.89,fuel,ema_unlocked,False,2,177.577,13.89,0.0,0.0,0.6947,0.0,0.0,0.0,1.0,0.6947,True,123.3706
-153482#1,181.93,13.89,fuel,preseed,False,0,782.061,13.89,0.0,0.0,13.0979,0.0,0.0,0.0,1.0,13.0979,False,10243.3643
-153483,38.63,13.89,fuel,preseed,False,0,782.061,13.89,0.0,0.0,2.7811,0.0,0.0,0.0,1.0,2.7811,False,2175.0188
-153484#0,7.11,13.89,fuel,preseed,False,0,782.061,13.89,0.0,0.0,0.5119,0.0,0.0,0.0,1.0,0.5119,False,400.3206
153484#1,40.52,13.89,fuel,preseed,False,0,782.061,13.89,0.0,0.0,2.9172,0.0,0.0,0.0,1.0,2.9172,False,2281.4331
153483,38.4,13.89,fuel,preseed,False,0,782.061,13.89,0.0,0.0,2.7646,0.0,0.0,0.0,1.0,2.7646,False,2162.0689
-153485#0,52.04,13.89,fuel,preseed,False,0,782.061,13.89,0.0,0.0,3.7466,0.0,0.0,0.0,1.0,3.7466,False,2930.0538
153485#1,178.49,13.89,fuel,preseed,False,0,782.061,13.89,0.0,0.0,12.8503,0.0,0.0,0.0,1.0,12.8503,False,10049.679
153568,134.74,13.89,fuel,preseed,False,0,782.061,13.89,0.0,0.0,9.7005,0.0,0.0,0.0,1.0,9.7005,False,7586.3844
-153485#4,748.54,13.89,fuel,preseed,False,0,782.061,13.89,0.0,0.0,53.8906,0.0,0.0,0.0,1.0,53.8906,False,42145.7041
152512#2,5.5,13.89,fuel,preseed,False,0,782.061,13.89,0.0,0.0,0.396,0.0,0.0,0.0,1.0,0.396,False,309.6713
-153486,492.83,13.89,fuel,preseed,False,0,782.061,13.89,0.0,0.0,35.4809,0.0,0.0,0.0,1.0,35.4809,False,27748.2397
-153487#1,148.18,13.89,fuel,preseed,False,0,782.061,13.89,0.0,0.0,10.6681,0.0,0.0,0.0,1.0,10.6681,False,8343.1085
-153489#3,42.47,13.89,fuel,preseed,False,0,782.061,13.89,0.0,0.0,3.0576,0.0,0.0,0.0,1.0,3.0576,False,2391.2257
-153491#0,386.31,13.89,fuel,preseed,False,0,782.061,13.89,0.0,0.0,27.8121,0.0,0.0,0.0,1.0,27.8121,False,21750.7507
153491#1,26.88,13.89,fuel,preseed,False,0,782.061,13.89,0.0,0.0,1.9352,0.0,0.0,0.0,1.0,1.9352,False,1513.4482
-153491#1,32.98,13.89,fuel,preseed,False,0,782.061,13.89,0.0,0.0,2.3744,0.0,0.0,0.0,1.0,2.3744,False,1856.9019
153491#2,1.1,13.89,fuel,preseed,False,0,782.061,13.89,0.0,0.0,0.0792,0.0,0.0,0.0,1.0,0.0792,False,61.9343
-153491#3,179.08,13.89,fuel,preseed,False,0,782.061,13.89,0.0,0.0,12.8927,0.0,0.0,0.0,1.0,12.8927,False,10082.8983
-153546,21.37,13.89,fuel,preseed,False,0,782.061,13.89,0.0,0.0,1.5385,0.0,0.0,0.0,1.0,1.5385,False,1203.2139
-153548#2,89.6,13.89,fuel,preseed,False,0,782.061,13.89,0.0,0.0,6.4507,0.0,0.0,0.0,1.0,6.4507,False,5044.8274
153550,133.87,13.89,fuel,preseed,False,0,782.061,13.89,0.0,0.0,9.6379,0.0,0.0,0.0,1.0,9.6379,False,7537.4
153551,121.69,13.89,fuel,preseed,False,0,782.061,13.89,0.0,0.0,8.761,0.0,0.0,0.0,1.0,8.761,False,6851.6188
153549#0,67.04,13.89,fuel,preseed,False,0,782.061,13.89,0.0,0.0,4.8265,0.0,0.0,0.0,1.0,4.8265,False,3774.6119
-153550,133.87,13.89,fuel,preseed,False,0,782.061,13.89,0.0,0.0,9.6379,0.0,0.0,0.0,1.0,9.6379,False,7537.4
-153551,121.69,13.89,fuel,preseed,False,0,782.061,13.89,0.0,0.0,8.761,0.0,0.0,0.0,1.0,8.761,False,6851.6188
153553,132.07,13.89,fuel,preseed,False,0,782.061,13.89,0.0,0.0,9.5083,0.0,0.0,0.0,1.0,9.5083,False,7436.053
-153554#1,76.19,13.89,fuel,preseed,False,1,786.545,13.89,0.0,0.0,5.4852,0.0,0.0,0.0,1.0,5.4852,True,4314.3887
153554#2,29.56,13.89,fuel,preseed,False,0,782.061,13.89,0.0,0.0,2.1281,0.0,0.0,0.0,1.0,2.1281,False,1664.3426
-153554#2,27.33,13.89,fuel,preseed,False,1,862.817,13.89,0.0,0.0,1.9676,0.0,0.0,0.0,1.0,1.9676,True,1697.6801
-153556,37.74,13.89,fuel,preseed,False,0,782.061,13.89,0.0,0.0,2.7171,0.0,0.0,0.0,1.0,2.7171,False,2124.9083
153554#3,42.43,13.89,fuel,preseed,False,1,726.323,13.89,0.0,0.0,3.0547,0.0,0.0,0.0,1.0,3.0547,True,2218.7108
-153559#0,247.35,13.89,fuel,preseed,False,2,734.953,13.89,0.0,0.0,17.8078,0.0,0.0,0.0,1.0,17.8078,True,13087.8813
153559#1,21.86,13.89,fuel,preseed,False,3,726.007,13.89,0.0,0.0,1.5738,0.0,0.0,0.0,1.0,1.5738,True,1142.5852
-153559#1,21.86,13.89,fuel,preseed,False,1,782.061,13.89,0.0,0.0,1.5738,0.0,0.0,0.0,1.0,1.5738,True,1230.8028
153559#2,42.48,13.89,fuel,preseed,False,3,702.403,13.89,0.0,0.0,3.0583,0.0,0.0,0.0,1.0,3.0583,True,2148.1712
-153560,22.25,13.89,fuel,preseed,False,1,782.061,13.89,0.0,0.0,1.6019,0.0,0.0,0.0,1.0,1.6019,True,1252.7613
-153561,71.89,13.89,fuel,preseed,False,0,782.061,13.89,0.0,0.0,5.1757,0.0,0.0,0.0,1.0,5.1757,False,4047.6857
-153563,30.93,13.89,fuel,preseed,False,0,782.061,13.89,0.0,0.0,2.2268,0.0,0.0,0.0,1.0,2.2268,False,1741.4789
-153564,25.97,13.89,fuel,preseed,False,0,782.061,13.89,0.0,0.0,1.8697,0.0,0.0,0.0,1.0,1.8697,False,1462.2117
-153565#0,9.92,13.89,fuel,preseed,False,0,782.061,13.89,0.0,0.0,0.7142,0.0,0.0,0.0,1.0,0.7142,False,558.5345
153565#1,32.45,13.89,fuel,preseed,False,0,782.061,13.89,0.0,0.0,2.3362,0.0,0.0,0.0,1.0,2.3362,False,1827.0608
-153565#1,32.45,13.89,fuel,preseed,False,0,782.061,13.89,0.0,0.0,2.3362,0.0,0.0,0.0,1.0,2.3362,False,1827.0608
-153566,39.1,13.89,fuel,preseed,False,0,782.061,13.89,0.0,0.0,2.815,0.0,0.0,0.0,1.0,2.815,False,2201.4816
153567,216.2,13.89,fuel,preseed,False,0,782.061,13.89,0.0,0.0,15.5652,0.0,0.0,0.0,1.0,15.5652,False,12172.8982
-153568,121.33,13.89,fuel,preseed,False,0,782.061,13.89,0.0,0.0,8.7351,0.0,0.0,0.0,1.0,8.7351,False,6831.3494
-153569#0,536.92,13.89,fuel,preseed,False,0,782.061,13.89,0.0,0.0,38.6551,0.0,0.0,0.0,1.0,38.6551,False,30230.6777
-153570,68.26,13.89,fuel,preseed,False,0,782.061,13.89,0.0,0.0,4.9143,0.0,0.0,0.0,1.0,4.9143,False,3843.3026
153569#1,669.46,13.89,fuel,preseed,False,0,782.061,13.89,0.0,0.0,48.1973,0.0,0.0,0.0,1.0,48.1973,False,37693.1935
-153571,661.75,13.89,fuel,preseed,False,0,782.061,13.89,0.0,0.0,47.6422,0.0,0.0,0.0,1.0,47.6422,False,37259.0906
-153572#0,181.42,13.89,fuel,preseed,False,0,782.061,13.89,0.0,0.0,13.0612,0.0,0.0,0.0,1.0,13.0612,False,10214.6494
-153581,301.86,13.89,fuel,preseed,False,0,782.061,13.89,0.0,0.0,21.7322,0.0,0.0,0.0,1.0,21.7322,False,16995.8883
153572#1,342.56,13.89,fuel,preseed,False,0,782.061,13.89,0.0,0.0,24.6623,0.0,0.0,0.0,1.0,24.6623,False,19287.4561
-153572#1,323.31,13.89,fuel,preseed,False,0,782.061,13.89,0.0,0.0,23.2765,0.0,0.0,0.0,1.0,23.2765,False,18203.6065
153576,99.02,13.89,fuel,preseed,False,0,782.061,13.89,0.0,0.0,7.1289,0.0,0.0,0.0,1.0,7.1289,False,5575.2099
153577,53.81,13.89,fuel,preseed,False,0,782.061,13.89,0.0,0.0,3.874,0.0,0.0,0.0,1.0,3.874,False,3029.7116
-153578#0,211.28,13.89,fuel,preseed,False,0,782.061,13.89,0.0,0.0,15.2109,0.0,0.0,0.0,1.0,15.2109,False,11895.8831
-153578#2,142.27,13.89,fuel,preseed,False,0,782.061,13.89,0.0,0.0,10.2426,0.0,0.0,0.0,1.0,10.2426,False,8010.3526
153578#1,213.63,13.89,fuel,preseed,False,0,782.061,13.89,0.0,0.0,15.3801,0.0,0.0,0.0,1.0,15.3801,False,12028.1973
153578#0,198.89,13.89,fuel,preseed,False,0,782.061,13.89,0.0,0.0,14.3189,0.0,0.0,0.0,1.0,14.3189,False,11198.2781
-153579,113.73,13.89,fuel,preseed,False,0,782.061,13.89,0.0,0.0,8.1879,0.0,0.0,0.0,1.0,8.1879,False,6403.4399
153580,114.02,13.89,fuel,preseed,False,0,782.061,13.89,0.0,0.0,8.2088,0.0,0.0,0.0,1.0,8.2088,False,6419.7681
-153583#1,86.26,13.89,fuel,preseed,False,0,782.061,13.89,0.0,0.0,6.2102,0.0,0.0,0.0,1.0,6.2102,False,4856.7724
153583#0,138.45,13.89,fuel,preseed,False,0,782.061,13.89,0.0,0.0,9.9676,0.0,0.0,0.0,1.0,9.9676,False,7795.2718
-153584,300.42,13.89,fuel,preseed,False,0,782.061,13.89,0.0,0.0,21.6285,0.0,0.0,0.0,1.0,21.6285,False,16914.8107
-153582,536.15,13.89,fuel,preseed,False,0,782.061,13.89,0.0,0.0,38.5997,0.0,0.0,0.0,1.0,38.5997,False,30187.3237
-153583#0,124.89,13.89,fuel,preseed,False,0,782.061,13.89,0.0,0.0,8.9914,0.0,0.0,0.0,1.0,8.9914,False,7031.7912
153583#1,101.5,13.89,fuel,preseed,False,0,782.061,13.89,0.0,0.0,7.3074,0.0,0.0,0.0,1.0,7.3074,False,5714.8435
153582,537.9,13.89,fuel,preseed,False,0,782.061,13.89,0.0,0.0,38.7257,0.0,0.0,0.0,1.0,38.7257,False,30285.8555
153642,82.91,13.89,fuel,preseed,False,0,782.061,13.89,0.0,0.0,5.969,0.0,0.0,0.0,1.0,5.969,False,4668.1544
153644,52.74,13.89,fuel,preseed,False,1,782.061,13.89,0.0,0.0,3.797,0.0,0.0,0.0,1.0,3.797,True,2969.4665
-153648,55.58,13.89,fuel,preseed,False,0,782.061,13.89,0.0,0.0,4.0014,0.0,0.0,0.0,1.0,4.0014,False,3129.3695
153011#0,64.19,13.89,fuel,preseed,False,1,887.985,13.89,0.0,0.0,4.6213,0.0,0.0,0.0,1.0,4.6213,True,4103.653
153648,55.58,13.89,fuel,preseed,False,1,782.061,13.89,0.0,0.0,4.0014,0.0,0.0,0.0,1.0,4.0014,True,3129.3695
-153649#0,16.39,13.89,fuel,preseed,False,0,782.061,13.89,0.0,0.0,1.18,0.0,0.0,0.0,1.0,1.18,False,922.8205
153649#1,40.6,13.89,fuel,preseed,False,0,782.061,13.89,0.0,0.0,2.923,0.0,0.0,0.0,1.0,2.923,False,2285.9374
-153649#1,41.92,13.89,fuel,preseed,False,0,782.061,13.89,0.0,0.0,3.018,0.0,0.0,0.0,1.0,3.018,False,2360.2585
-153650,39.97,13.89,fuel,preseed,False,0,782.061,13.89,0.0,0.0,2.8776,0.0,0.0,0.0,1.0,2.8776,False,2250.466
153650,40.07,13.89,fuel,preseed,False,0,782.061,13.89,0.0,0.0,2.8848,0.0,0.0,0.0,1.0,2.8848,False,2256.0964
152137#1,3.49,13.89,fuel,preseed,False,1,706.229,13.89,0.0,0.0,0.2513,0.0,0.0,0.0,1.0,0.2513,True,177.447
152138,31.81,13.89,fuel,ema_unlocked,False,9,1603.506,13.659,0.0007,6736.976,2.329,0.0,0.402,0.0,4.216,9.8188,True,3734.4888
152137#4,7.74,13.89,fuel,ema_unlocked,False,3,733.55,13.52,0.0053,1117.112,0.5725,0.0,0.83,0.0,7.6402,4.374,True,419.9588
152137#5,6.57,13.89,fuel,ema_unlocked,False,3,1027.057,13.89,0.0,0.0,0.473,0.0,0.0,0.0,1.0,0.473,True,485.8003
152137#7,1.05,13.89,fuel,ema_unlocked,False,4,455.062,13.659,0.0223,0.0,0.0769,0.0001,0.0,0.0,1.0001,0.0769,True,34.983
152968,244.01,27.78,fuel,ema_unlocked,False,9,2177.138,27.78,0.0,0.0,8.7837,0.0,0.0,0.0,1.0,8.7837,True,19123.2325
152151,122.08,5.56,fuel,preseed,False,0,313.05,5.56,0.0,0.0,21.9568,0.0,0.0,0.0,1.0,21.9568,False,6873.5773
152152,124.69,5.56,fuel,preseed,False,0,313.05,5.56,0.0,0.0,22.4263,0.0,0.0,0.0,1.0,22.4263,False,7020.5304
152528#1,93.25,5.56,fuel,preseed,False,0,313.05,5.56,0.0,0.0,16.7716,0.0,0.0,0.0,1.0,16.7716,False,5250.3365
152356,62.39,5.56,fuel,preseed,False,0,313.05,5.56,0.0,0.0,11.2212,0.0,0.0,0.0,1.0,11.2212,False,3512.7989
152978,101.69,5.56,fuel,preseed,False,0,313.05,5.56,0.0,0.0,18.2896,0.0,0.0,0.0,1.0,18.2896,False,5725.5413
152528#2,40.87,5.56,fuel,preseed,False,0,313.05,5.56,0.0,0.0,7.3507,0.0,0.0,0.0,1.0,7.3507,False,2301.1395
152174#0,40.16,13.89,fuel,preseed,False,4,859.851,13.659,0.0022,0.0,2.9403,0.0,0.0,0.0,1.0,2.9403,True,2528.2154
152175,7.12,13.89,fuel,ema_unlocked,False,4,437.27,13.89,0.0,0.0,0.5126,0.0,0.0,0.0,1.0,0.5126,True,224.1442
152678,20.77,13.89,fuel,ema_unlocked,False,4,1868.62,13.89,0.0,0.0,1.4953,0.0,0.0,0.0,1.0,1.4953,True,2794.1857
152201,35.57,44.44,fuel,ema_unlocked,False,10,3657.288,44.44,0.0,5225.731,0.8004,0.0,0.3926,0.0,4.1407,3.3142,True,2927.3121
152323#0,169.03,27.78,fuel,ema_unlocked,False,10,776.294,27.774,0.0001,4428.474,6.0859,0.0,0.0,0.0,1.0,6.0859,True,4724.4664
152202,19.63,27.78,fuel,preseed,False,4,2443.783,27.78,0.0,0.0,0.7066,0.0,0.0,0.0,1.0,0.7066,True,1726.8345
152327,74.03,13.89,fuel,preseed,False,4,927.369,13.89,0.0,0.0,5.3297,0.0,0.0,0.0,1.0,5.3297,True,4942.6313
152203,21.1,27.78,fuel,preseed,False,6,1996.534,27.78,0.0,2698.184,0.7595,0.0,0.3896,0.0,4.1171,3.1271,True,1516.4457
152328#0,33.72,13.89,fuel,preseed,False,6,385.751,13.89,0.0,0.0,2.4276,0.0,0.0,0.0,1.0,2.4276,True,936.466
152204,16.95,27.78,fuel,preseed,False,6,2297.254,27.78,0.0,0.0,0.6102,0.0,0.0,0.0,1.0,0.6102,True,1401.6721
152326,81.14,13.89,fuel,preseed,False,6,371.537,13.89,0.0,133.39,5.8416,0.0,0.0,0.0,1.0,5.8416,True,2170.3747
152205,16.27,27.78,fuel,preseed,False,4,2468.0,27.78,0.0,3755.357,0.5857,0.0,0.799,0.0,7.3923,4.3295,True,1445.4411
152329,592.08,13.89,fuel,preseed,False,4,840.591,13.89,0.0,0.0,42.6263,0.0,0.0,0.0,1.0,42.6263,True,35831.342
152208,11.84,44.44,fuel,ema_unlocked,False,10,2219.238,44.44,0.0,1636.836,0.2664,0.0,0.8842,0.0,8.0735,2.151,True,591.2641
152516#0,1039.64,27.78,fuel,ema_unlocked,False,10,1976.186,12.527,0.0037,83336.82,82.995,0.0,0.0,0.0,1.0,82.996,True,164013.5541
152209,12.23,44.44,fuel,ema_unlocked,False,10,2843.429,44.44,0.0,0.0,0.2752,0.0,0.0,0.0,1.0,0.2752,True,782.5188
152518,135.29,27.78,fuel,ema_unlocked,False,10,1183.819,27.945,0.0002,6264.948,4.8414,0.0,0.0466,0.0,1.3725,6.6445,True,5731.2857
152219,41.07,27.78,fuel,ema_unlocked,False,5,680.51,27.78,0.0,0.0,1.4784,0.0,0.0,0.0,1.0,1.4784,True,1006.0672
152221,33.18,27.78,fuel,ema_unlocked,False,5,826.951,27.78,0.0,0.0,1.1944,0.0,0.0,0.0,1.0,1.1944,True,987.6977
152943#0,27.32,13.89,fuel,ema_unlocked,False,9,293.75,13.427,0.0024,850.148,2.0347,0.0,0.2112,0.0,2.6895,5.4724,True,597.694
152230,30.28,27.78,fuel,ema_unlocked,False,10,1873.618,27.023,0.0009,6239.909,1.1205,0.0,0.9861,0.0,8.8888,9.9601,True,2099.4169
152785#0,27.82,13.89,fuel,ema_unlocked,False,10,200.12,13.803,0.0009,783.5,2.0155,0.0,0.4713,0.0,4.7701,9.6141,True,403.341
152231,53.68,13.89,fuel,preseed,False,0,782.061,13.89,0.0,0.0,3.8647,0.0,0.0,0.0,1.0,3.8647,False,3022.3921
152234,22.46,27.78,fuel,ema_unlocked,False,10,502.033,27.78,0.0,0.0,0.8085,0.0,0.0,0.0,1.0,0.8085,True,405.8917
152235,94.99,27.78,fuel,ema_unlocked,False,3,2654.672,27.78,0.0,0.0,3.4194,0.0,0.0,0.0,1.0,3.4194,True,9077.2961
153338,97.72,13.89,fuel,ema_unlocked,False,3,167.098,13.89,0.0,1835.746,7.0353,0.0,0.2808,0.0,3.2463,22.8383,True,1175.5829
152258,17.84,44.44,fuel,ema_unlocked,False,10,4006.936,43.699,0.0012,0.0,0.4082,0.0,0.0,0.0,1.0,0.4082,True,1635.8084
153628#0,157.01,27.78,fuel,ema_unlocked,False,10,823.214,26.854,0.0002,4795.311,5.8468,0.0,0.0,0.0,1.0,5.8468,True,4813.1697
152259,16.65,44.44,fuel,ema_unlocked,False,10,3287.936,44.44,0.0,2551.481,0.3747,0.0,0.5356,0.0,5.2849,1.9801,True,1231.8664
153627,155.79,27.78,fuel,ema_unlocked,False,10,1794.589,27.751,0.0001,11191.127,5.6139,0.0,0.0554,0.0,1.4433,8.1025,True,10074.6464
152260,246.53,44.44,fuel,ema_unlocked,False,10,4392.616,42.959,0.0004,35604.931,5.7388,0.0,0.2062,0.0,2.6497,15.2062,True,25208.2242
153631,438.97,27.78,fuel,ema_unlocked,False,10,414.091,27.0,0.0001,8925.803,16.2581,0.0,0.1629,0.0,2.3032,37.4463,True,6732.3389
152261,250.06,44.44,fuel,ema_unlocked,False,10,6712.661,43.699,0.0001,0.0,5.7223,0.0,0.0,0.0,1.0,5.7223,True,38411.7521
153629,1174.82,27.78,fuel,ema_unlocked,False,10,2204.522,18.171,0.004,100235.673,64.6536,0.0,0.0,0.0,1.0,64.6544,True,142530.2252
152262,29.16,44.44,fuel,ema_unlocked,False,10,3099.429,44.44,0.0,0.0,0.6562,0.0,0.0,0.0,1.0,0.6562,True,2033.7386
153632#0,406.0,27.78,fuel,ema_unlocked,False,10,1073.049,26.391,0.0002,0.0,15.384,0.0,0.0,0.0,1.0,15.384,True,16507.8269
152263,27.83,44.44,fuel,ema_unlocked,False,10,5581.151,44.239,0.0005,4035.743,0.6291,0.0,0.0747,0.0,1.5978,1.0051,True,3511.0345
153630,454.7,27.78,fuel,ema_unlocked,False,10,2655.343,26.598,0.0002,0.0,17.0954,0.0,0.0,0.0,1.0,17.0954,True,45394.017
152264,31.9,44.44,fuel,ema_unlocked,False,10,4637.702,43.699,0.0002,5246.797,0.73,0.0,0.2749,0.0,3.1992,2.3354,True,3385.4681
153633#0,438.26,27.78,fuel,ema_unlocked,False,10,1586.534,25.533,0.0003,27087.98,17.1642,0.0,0.0,0.0,1.0,17.1642,True,27231.6342
152271,98.63,22.22,fuel,preseed,False,1,1696.602,22.22,0.0,0.0,4.4388,0.0,0.0,0.0,1.0,4.4388,True,7530.8646
152423,278.83,13.89,fuel,preseed,False,1,798.743,13.89,0.0,0.0,20.0742,0.0,0.0,0.0,1.0,20.0742,True,16034.096
152272,626.47,44.44,fuel,ema_unlocked,False,10,7400.516,17.938,0.0041,109016.422,34.9246,0.0,0.0,0.0,1.0,34.9251,True,258460.3308
152517,132.91,27.78,fuel,ema_unlocked,False,10,1669.751,26.382,0.0004,8647.458,5.038,0.0,0.014,0.0,1.1119,5.6017,True,8412.1557
152273,522.85,44.44,fuel,ema_unlocked,False,10,11891.555,44.283,0.0002,160761.835,11.8069,0.0,0.0725,0.0,1.58,18.6553,True,140402.3842
152274,404.7,44.44,fuel,ema_unlocked,False,10,5705.982,44.001,0.0001,66212.714,9.1976,0.0,0.1308,0.0,2.0466,18.8236,True,52481.3129
152519,172.57,27.78,fuel,ema_unlocked,False,10,1257.017,26.797,0.0007,6953.171,6.44,0.0,0.0,0.0,1.0,6.44,True,8095.1258
152275,442.89,44.44,fuel,ema_unlocked,False,10,6622.543,43.509,0.0001,81752.483,10.1793,0.0,0.1064,0.0,1.8508,18.8404,True,67412.9722
152520,93.32,27.78,fuel,ema_unlocked,False,10,1810.018,27.274,0.0006,6298.67,3.4216,0.0,0.0085,0.0,1.0682,3.6548,True,6193.1332
152276,1118.36,44.44,fuel,ema_unlocked,False,10,6199.962,35.402,0.0012,158384.71,31.5901,0.0,0.0,0.0,1.0,31.5902,True,195857.1713
152522,1777.04,27.78,fuel,ema_unlocked,False,10,2466.83,10.624,0.0042,157776.263,167.2646,0.0,0.0,0.0,1.0,167.2669,True,412613.2746
152277,1107.4,44.44,fuel,ema_unlocked,False,10,3613.862,41.994,0.0006,101855.188,26.3702,0.0,0.0344,0.0,1.2752,33.6278,True,95298.2119
152521,132.29,27.78,fuel,ema_unlocked,False,10,829.42,27.78,0.0,3969.021,4.7621,0.0,0.0024,0.0,1.0195,4.855,True,3949.7484
152278,297.23,44.44,fuel,ema_unlocked,False,10,6748.659,44.17,0.0001,60476.478,6.7292,0.0,0.1659,0.0,2.3268,15.6575,True,45412.8713
152523#0,391.96,27.78,fuel,ema_unlocked,False,10,792.551,27.753,0.0,10945.186,14.1232,0.0,0.0,0.0,1.0,14.1232,True,11193.3582
152279,276.02,44.44,fuel,ema_unlocked,False,10,9844.77,44.27,0.0002,77352.07,6.2349,0.0,0.1301,0.0,2.0408,12.7241,True,61380.7727
152279-AddedOffRampEdge,68.97,44.44,fuel,preseed,False,1,4093.848,43.58,0.0003,0.0,1.5826,0.0,0.0,0.0,1.0,1.5826,True,6478.9761
152524#0,32.18,27.78,fuel,ema_unlocked,False,10,1053.896,27.317,0.0001,1393.364,1.178,0.0,0.0612,0.0,1.4892,1.7544,True,1241.5121
152280,74.13,27.78,fuel,preseed,False,6,2205.934,27.78,0.0,11097.208,2.6685,0.0,0.4426,0.0,4.5408,12.1171,True,5886.4598
152532,394.52,13.89,fuel,preseed,False,6,490.28,13.89,0.0,0.0,28.4032,0.0,0.0,0.0,1.0,28.4032,True,13925.4947
152530,7.1,13.89,fuel,ema_unlocked,False,10,2096.664,13.304,0.0093,3120.902,0.5337,0.0,0.8946,0.0,8.157,4.3531,True,1118.9064
152282,9.37,22.22,fuel,ema_unlocked,False,1,1545.206,22.22,0.0,0.0,0.4217,0.0,0.0,0.0,1.0,0.4217,True,651.6015
152654#1,13.72,13.89,fuel,preseed,False,5,867.635,13.89,0.0,0.0,0.9878,0.0,0.0,0.0,1.0,0.9878,True,857.0164
152295,341.28,13.89,fuel,preseed,False,1,782.061,13.89,0.0,0.0,24.5702,0.0,0.0,0.0,1.0,24.5702,True,19215.3872
152297#1,114.17,22.22,fuel,ema_unlocked,False,6,42.788,22.125,0.0005,367.804,5.1601,0.0,0.3329,0.0,3.6634,18.9035,True,220.7917
152296,416.4,22.22,fuel,ema_unlocked,False,2,1555.327,22.22,0.0,0.0,18.7399,0.0,0.0,0.0,1.0,18.7399,True,29146.6337
153640,13.81,13.89,fuel,preseed,False,0,782.061,13.89,0.0,0.0,0.9942,0.0,0.0,0.0,1.0,0.9942,False,777.5565
152297#0,114.31,22.22,fuel,ema_unlocked,False,9,3003.9,22.22,0.0,0.0,5.1445,0.0,0.0,0.0,1.0,5.1445,True,15453.4552
152297#0-AddedOffRampEdge,91.93,22.22,fuel,ema_unlocked,False,9,1586.035,22.22,0.0,0.0,4.1373,0.0,0.0,0.0,1.0,4.1373,True,6561.8462
152967,118.33,13.89,fuel,ema_unlocked,False,9,1044.005,13.89,0.0,0.0,8.5191,0.0,0.0,0.0,1.0,8.5191,True,8893.9622
152311,102.07,22.22,fuel,ema_unlocked,False,7,1231.139,22.22,0.0,0.0,4.5936,0.0,0.0,0.0,1.0,4.5936,True,5655.3718
152312#2,10.68,22.22,fuel,ema_unlocked,False,10,1018.753,22.22,0.0,0.0,0.4806,0.0,0.0,0.0,1.0,0.4806,True,489.6614
152317,151.99,22.22,fuel,preseed,False,1,1744.882,22.22,0.0,0.0,6.8402,0.0,0.0,0.0,1.0,6.8402,True,11935.3987
152403,84.07,13.89,fuel,ema_unlocked,False,1,1076.255,13.89,0.0,0.0,6.0526,0.0,0.0,0.0,1.0,6.0526,True,6514.0916
152323#1,372.48,27.78,fuel,ema_unlocked,False,10,631.686,27.74,0.0001,7426.243,13.4277,0.0,0.0,0.0,1.0,13.4277,True,8482.0602
152324,878.61,13.89,fuel,preseed,False,0,782.061,13.89,0.0,0.0,63.2549,0.0,0.0,0.0,1.0,63.2549,False,49469.1494
153633#1,498.58,27.78,fuel,ema_unlocked,False,10,1726.351,26.853,0.0007,32222.118,18.5672,0.0,0.0026,0.0,1.021,18.9578,True,32053.5624
152928#3,28.53,13.89,fuel,preseed,False,0,782.061,13.89,0.0,0.0,2.054,0.0,0.0,0.0,1.0,2.054,False,1606.3496
152325#1,245.0,13.89,fuel,preseed,False,4,915.5,13.89,0.0,28828.9,17.6386,0.0,0.3926,0.0,4.1411,73.0434,True,16148.1291
152410,651.73,13.89,fuel,preseed,False,0,782.061,13.89,0.0,0.0,46.9208,0.0,0.0,0.0,1.0,46.9208,False,36694.9258
152328#1,236.48,13.89,fuel,ema_unlocked,False,6,199.606,13.89,0.0,3049.22,17.0252,0.0,0.0,0.0,1.0,17.0252,True,3398.3335
152344,167.11,5.56,fuel,preseed,False,0,313.05,5.56,0.0,0.0,30.0558,0.0,0.0,0.0,1.0,30.0558,False,9408.9409
152952#1,168.29,5.56,fuel,preseed,False,0,313.05,5.56,0.0,0.0,30.268,0.0,0.0,0.0,1.0,30.268,False,9475.3795
152953,29.92,5.56,fuel,preseed,False,0,313.05,5.56,0.0,0.0,5.3813,0.0,0.0,0.0,1.0,5.3813,False,1684.612
152350,60.83,13.89,fuel,ema_unlocked,False,3,536.115,13.89,0.0,0.0,4.3794,0.0,0.0,0.0,1.0,4.3794,True,2347.8659
152585#2,10.35,13.89,fuel,preseed,False,0,782.061,13.89,0.0,0.0,0.7451,0.0,0.0,0.0,1.0,0.7451,False,582.7451
152986#1,46.43,5.56,fuel,preseed,False,0,313.05,5.56,0.0,0.0,8.3507,0.0,0.0,0.0,1.0,8.3507,False,2614.189
152363#0,14.45,13.89,fuel,ema_unlocked,False,7,549.955,13.89,0.0,0.0,1.0403,0.0,0.0,0.0,1.0,1.0403,True,572.1271
152379,709.02,13.89,fuel,preseed,False,0,782.061,13.89,0.0,0.0,51.0454,0.0,0.0,0.0,1.0,51.0454,False,39920.5749
152928#2,4.42,13.89,fuel,preseed,False,0,782.061,13.89,0.0,0.0,0.3182,0.0,0.0,0.0,1.0,0.3182,False,248.8631
153632#1,487.58,27.78,fuel,ema_unlocked,False,10,1309.349,26.333,0.0004,22909.13,18.5158,0.0,0.0,0.0,1.0,18.5158,True,24243.64
152388#0,7.75,13.89,fuel,preseed,False,2,687.342,13.89,0.0,351.103,0.558,0.0,0.0,0.0,1.0,0.558,True,383.5063
152389,20.69,13.89,fuel,preseed,False,5,782.061,13.89,0.0,0.0,1.4896,0.0,0.0,0.0,1.0,1.4896,True,1164.9272
152816#0,16.94,13.89,fuel,ema_unlocked,False,7,760.804,13.89,0.0,1723.88,1.2196,0.0,0.429,0.0,4.4316,5.4047,True,927.8631
152816#1,70.16,13.89,fuel,ema_unlocked,False,7,611.851,13.89,0.0,3572.182,5.0511,0.0,0.0779,0.0,1.6234,8.1999,True,3090.5279
152388#1,10.46,13.89,fuel,preseed,False,2,1040.713,13.89,0.0,0.0,0.7531,0.0,0.0,0.0,1.0,0.7531,True,783.7194
153641,1186.26,13.89,fuel,ema_unlocked,False,9,293.596,13.468,0.0002,30119.226,88.0791,0.0007,0.0824,0.0,1.6599,146.2016,True,26167.0348
152395,72.71,13.89,fuel,preseed,False,3,703.242,13.89,0.0,0.0,5.2347,0.0,0.0,0.0,1.0,5.2347,True,3681.2615
152397#1,2.76,13.89,fuel,preseed,False,0,782.061,13.89,0.0,0.0,0.1987,0.0,0.0,0.0,1.0,0.1987,False,155.3987
152399#2,11.25,13.89,fuel,ema_unlocked,False,5,1023.641,13.89,0.0,0.0,0.8099,0.0,0.0,0.0,1.0,0.8099,True,829.0831
152405,20.2,13.89,fuel,ema_unlocked,False,4,1960.057,13.89,0.0,0.0,1.4543,0.0,0.0,0.0,1.0,1.4543,True,2850.4791
153634#1,12.6,13.89,fuel,ema_unlocked,False,9,1462.606,13.89,0.0,0.0,0.9071,0.0,0.0,0.0,1.0,0.9071,True,1326.7701
153636#1,118.84,13.89,fuel,ema_unlocked,False,10,1242.507,13.89,0.0,17797.882,8.5558,0.0,0.3371,0.0,3.6968,31.6293,True,10630.6383
152424,52.08,5.56,fuel,preseed,False,0,313.05,5.56,0.0,0.0,9.3669,0.0,0.0,0.0,1.0,9.3669,False,2932.3059
152533#2,8.67,5.56,fuel,preseed,False,0,313.05,5.56,0.0,0.0,1.5594,0.0,0.0,0.0,1.0,1.5594,False,488.1546
152429,6.87,5.56,fuel,preseed,False,0,313.05,5.56,0.0,0.0,1.2356,0.0,0.0,0.0,1.0,1.2356,False,386.8076
152432,9.48,5.56,fuel,preseed,False,0,313.05,5.56,0.0,0.0,1.705,0.0,0.0,0.0,1.0,1.705,False,533.7608
152433,31.89,5.56,fuel,preseed,False,0,313.05,5.56,0.0,0.0,5.7356,0.0,0.0,0.0,1.0,5.7356,False,1795.5306
152425,38.98,5.56,fuel,preseed,False,0,313.05,5.56,0.0,0.0,7.0108,0.0,0.0,0.0,1.0,7.0108,False,2194.7251
152533#3,52.36,5.56,fuel,preseed,False,0,313.05,5.56,0.0,0.0,9.4173,0.0,0.0,0.0,1.0,9.4173,False,2948.071
152437,17.42,5.56,fuel,preseed,False,0,313.05,5.56,0.0,0.0,3.1331,0.0,0.0,0.0,1.0,3.1331,False,980.8135
152956#2,13.66,5.56,fuel,preseed,False,0,313.05,5.56,0.0,0.0,2.4568,0.0,0.0,0.0,1.0,2.4568,False,769.111
152430#0,17.14,5.56,fuel,preseed,False,0,313.05,5.56,0.0,0.0,3.0827,0.0,0.0,0.0,1.0,3.0827,False,965.0485
152954#5,107.32,5.56,fuel,preseed,False,0,313.05,5.56,0.0,0.0,19.3022,0.0,0.0,0.0,1.0,19.3022,False,6042.5321
152430#1,66.14,5.56,fuel,preseed,False,0,313.05,5.56,0.0,0.0,11.8957,0.0,0.0,0.0,1.0,11.8957,False,3723.9384
152434,55.99,5.56,fuel,preseed,False,0,313.05,5.56,0.0,0.0,10.0701,0.0,0.0,0.0,1.0,10.0701,False,3152.4541
152954#2,14.04,5.56,fuel,preseed,False,0,313.05,5.56,0.0,0.0,2.5252,0.0,0.0,0.0,1.0,2.5252,False,790.5064
152955,63.04,5.56,fuel,preseed,False,0,313.05,5.56,0.0,0.0,11.3381,0.0,0.0,0.0,1.0,11.3381,False,3549.3964
152956#3,9.8,5.56,fuel,preseed,False,0,313.05,5.56,0.0,0.0,1.7626,0.0,0.0,0.0,1.0,1.7626,False,551.778
152951,61.73,5.56,fuel,preseed,False,0,313.05,5.56,0.0,0.0,11.1025,0.0,0.0,0.0,1.0,11.1025,False,3475.6383
152954#3,36.03,5.56,fuel,preseed,False,0,313.05,5.56,0.0,0.0,6.4802,0.0,0.0,0.0,1.0,6.4802,False,2028.6287
152435,78.06,5.56,fuel,preseed,False,0,313.05,5.56,0.0,0.0,14.0396,0.0,0.0,0.0,1.0,14.0396,False,4395.0806
152533#5,44.01,5.56,fuel,preseed,False,0,313.05,5.56,0.0,0.0,7.9155,0.0,0.0,0.0,1.0,7.9155,False,2477.9336
152533#6,4.33,5.56,fuel,preseed,False,0,313.05,5.56,0.0,0.0,0.7788,0.0,0.0,0.0,1.0,0.7788,False,243.7958
152456#1,19.67,13.89,fuel,preseed,False,3,797.846,13.89,0.0,0.0,1.4161,0.0,0.0,0.0,1.0,1.4161,True,1129.8504
152466#1,79.74,13.89,fuel,preseed,False,1,789.299,13.89,0.0,0.0,5.7408,0.0,0.0,0.0,1.0,5.7408,True,4531.2257
152516#1,167.97,27.78,fuel,ema_unlocked,False,10,1963.105,27.317,0.0001,13320.302,6.1489,0.0,0.0517,0.0,1.414,8.6945,True,12070.9721
152526,243.61,13.89,fuel,preseed,False,1,782.061,13.89,0.0,0.0,17.5385,0.0,0.0,0.0,1.0,17.5385,True,13716.1875
152523#0-AddedOffRampEdge,92.05,27.78,fuel,ema_unlocked,False,10,370.405,26.871,0.0005,1464.849,3.4257,0.0,0.0772,0.0,1.6178,5.5419,True,1268.8801
152523#1,1045.78,27.78,fuel,ema_unlocked,False,10,467.506,20.856,0.0021,23105.578,50.1432,0.0,0.0,0.0,1.0,50.1435,True,23442.2436
152528#0,714.51,5.56,fuel,preseed,False,0,313.05,5.56,0.0,0.0,128.509,0.0,0.0,0.0,1.0,128.509,False,40229.6832
152523#2,226.63,27.78,fuel,ema_unlocked,False,10,288.365,27.9,0.0002,3226.137,8.1229,0.0,0.1887,0.0,2.5092,20.382,True,2342.3615
152524#1,599.57,27.78,fuel,ema_unlocked,False,10,974.384,27.9,0.0003,25561.62,21.4898,0.0,0.1104,0.0,1.883,40.4653,True,20939.2696
152533#0,163.68,5.56,fuel,preseed,False,0,313.05,5.56,0.0,0.0,29.4388,0.0,0.0,0.0,1.0,29.4388,False,9215.8186
152524#2-AddedOnRampEdge,94.51,27.78,fuel,ema_unlocked,False,10,850.808,27.78,0.0,3341.48,3.4021,0.0,0.0772,0.0,1.6177,5.5034,True,2894.5234
152524#2,455.52,27.78,fuel,ema_unlocked,False,10,557.116,27.333,0.0004,9406.345,16.6658,0.0,0.0065,0.0,1.0524,17.5387,True,9284.7649
152525#0,172.87,27.78,fuel,ema_unlocked,False,10,2872.905,27.78,0.0,0.0,6.2228,0.0,0.0,0.0,1.0,6.2228,True,17877.5777
152525#0-AddedOffRampEdge,91.33,27.78,fuel,ema_unlocked,False,10,2406.398,26.854,0.0,8844.304,3.401,0.0,0.0403,0.0,1.3227,4.4984,True,8184.1182
152525#1,277.12,27.78,fuel,ema_unlocked,False,10,2074.578,27.324,0.0001,21835.207,10.142,0.0,0.0189,0.0,1.1511,11.6747,True,21040.2686
152529,265.2,13.89,fuel,preseed,False,6,808.157,13.89,0.0,0.0,19.0929,0.0,0.0,0.0,1.0,19.0929,True,15430.0306
153628#1,1073.42,27.78,fuel,ema_unlocked,False,10,864.596,25.205,0.001,35488.231,42.5872,0.0,0.0,0.0,1.0,42.5873,True,36820.7085
152528#3,21.48,5.56,fuel,preseed,False,0,313.05,5.56,0.0,0.0,3.8633,0.0,0.0,0.0,1.0,3.8633,False,1209.4073
152528#4,153.69,5.56,fuel,preseed,False,0,313.05,5.56,0.0,0.0,27.6421,0.0,0.0,0.0,1.0,27.6421,False,8653.3429
152986#0,86.4,5.56,fuel,preseed,False,0,313.05,5.56,0.0,0.0,15.5396,0.0,0.0,0.0,1.0,15.5396,False,4864.655
152533#1,2.57,5.56,fuel,preseed,False,0,313.05,5.56,0.0,0.0,0.4622,0.0,0.0,0.0,1.0,0.4622,False,144.701
152956#0,65.03,5.56,fuel,preseed,False,0,313.05,5.56,0.0,0.0,11.696,0.0,0.0,0.0,1.0,11.696,False,3661.4411
152533#7,295.17,5.56,fuel,preseed,False,0,313.05,5.56,0.0,0.0,53.0881,0.0,0.0,0.0,1.0,53.0881,False,16619.2154
152534#0,111.28,13.89,fuel,preseed,False,4,654.87,13.89,0.0,0.0,8.0115,0.0,0.0,0.0,1.0,8.0115,True,5246.503
152654#3,19.0,13.89,fuel,preseed,False,2,875.083,13.89,0.0,0.0,1.3679,0.0,0.0,0.0,1.0,1.3679,True,1197.0174
152534#5,13.66,13.89,fuel,ema_unlocked,False,3,842.89,13.89,0.0,0.0,0.9834,0.0,0.0,0.0,1.0,0.9834,True,828.9333
152534#6,206.47,13.89,fuel,ema_unlocked,False,3,588.359,13.89,0.0,9715.507,14.8647,0.0,0.0554,0.0,1.4435,21.4576,True,8745.7567
152535#1,17.53,13.89,fuel,ema_unlocked,False,6,360.547,13.89,0.0,1183.148,1.2621,0.0,0.8001,0.0,7.4006,9.34,True,455.0316
152535#2,262.05,13.89,fuel,ema_unlocked,False,3,562.199,13.89,0.0,0.0,18.8661,0.0,0.0,0.0,1.0,18.8661,True,10606.4924
152603,2.3,13.89,fuel,preseed,False,2,782.061,13.89,0.0,0.0,0.1656,0.0,0.0,0.0,1.0,0.1656,True,129.4989
152654#4,26.78,13.89,fuel,ema_unlocked,False,2,1145.754,13.89,0.0,0.0,1.928,0.0,0.0,0.0,1.0,1.928,True,2209.021
152655,151.01,13.89,fuel,preseed,False,0,782.061,13.89,0.0,0.0,10.8719,0.0,0.0,0.0,1.0,10.8719,False,8502.4485
152538#1,304.03,13.89,fuel,preseed,False,2,782.061,13.89,0.0,0.0,21.8884,0.0,0.0,0.0,1.0,21.8884,True,17118.0677
152543,175.13,13.89,fuel,preseed,False,0,782.061,13.89,0.0,0.0,12.6084,0.0,0.0,0.0,1.0,12.6084,False,9860.498
153656,1324.09,13.89,fuel,ema_unlocked,False,2,947.182,13.89,0.0,0.0,95.3269,0.0,0.0,0.0,1.0,95.3269,True,90291.8593
152571,26.34,5.56,fuel,preseed,False,0,313.05,5.56,0.0,0.0,4.7374,0.0,0.0,0.0,1.0,4.7374,False,1483.0441
152954#4,56.77,5.56,fuel,preseed,False,0,313.05,5.56,0.0,0.0,10.2104,0.0,0.0,0.0,1.0,10.2104,False,3196.3711
152588,158.48,13.89,fuel,preseed,False,0,782.061,13.89,0.0,0.0,11.4096,0.0,0.0,0.0,1.0,11.4096,False,8923.0384
152933#2,13.98,13.89,fuel,preseed,False,4,702.862,13.89,0.0,0.0,1.0065,0.0,0.0,0.0,1.0,1.0065,True,707.4163
153396#0,60.5,13.89,fuel,preseed,False,2,943.051,13.89,0.0,0.0,4.3557,0.0,0.0,0.0,1.0,4.3557,True,4107.6021
153405#0,15.88,13.89,fuel,preseed,False,2,849.08,13.89,0.0,0.0,1.1433,0.0,0.0,0.0,1.0,1.1433,True,970.726
152649#1,115.91,13.89,fuel,ema_unlocked,False,5,213.71,13.89,0.0,1461.542,8.3449,0.0,0.0,0.0,1.0,8.3449,True,1783.3781
152649#2,15.28,13.89,fuel,ema_unlocked,False,5,52.462,13.89,0.0,0.0,1.1001,0.0,0.0,0.0,1.0,1.1001,True,57.7117
152649#4,57.81,13.89,fuel,ema_unlocked,False,4,298.15,13.89,0.0,0.0,4.162,0.0,0.0,0.0,1.0,4.162,True,1240.8967
152649#5,6.88,13.89,fuel,preseed,False,2,697.44,13.89,0.0,0.0,0.4953,0.0,0.0,0.0,1.0,0.4953,True,345.4562
153406#0,17.47,13.89,fuel,preseed,False,3,687.992,13.89,0.0,3988.654,1.2577,0.0,1.0,0.0,9.0,11.3197,True,865.3145
152670#3,20.38,13.89,fuel,ema_unlocked,False,2,882.972,13.89,0.0,0.0,1.4672,0.0,0.0,0.0,1.0,1.4672,True,1295.5346
152670#1,95.87,13.89,fuel,preseed,False,1,782.061,13.89,0.0,0.0,6.9021,0.0,0.0,0.0,1.0,6.9021,True,5397.8527
152670#2,79.58,13.89,fuel,preseed,False,0,782.061,13.89,0.0,0.0,5.7293,0.0,0.0,0.0,1.0,5.7293,False,4480.6625
152704,37.23,13.89,fuel,ema_unlocked,False,6,721.864,13.89,0.0,0.0,2.6803,0.0,0.0,0.0,1.0,2.6803,True,1934.845
152705#0,45.8,13.89,fuel,ema_unlocked,False,6,530.89,13.89,0.0,0.0,3.2973,0.0,0.0,0.0,1.0,3.2973,True,1750.5217
152709#1,2.6,13.89,fuel,preseed,False,1,782.061,13.89,0.0,0.0,0.1872,0.0,0.0,0.0,1.0,0.1872,True,146.3901
152711#0,1.14,13.89,fuel,preseed,False,1,782.061,13.89,0.0,0.0,0.0821,0.0,0.0,0.0,1.0,0.0821,True,64.1864
152711#2,17.41,13.89,fuel,preseed,False,1,782.061,13.89,0.0,0.0,1.2534,0.0,0.0,0.0,1.0,1.2534,True,980.2505
153057,527.67,13.89,fuel,preseed,False,0,782.061,13.89,0.0,0.0,37.9892,0.0,0.0,0.0,1.0,37.9892,False,29709.8668
152818#3,58.19,13.89,fuel,ema_unlocked,False,7,231.92,13.89,0.0,1496.132,4.1893,0.0,0.2699,0.0,3.1595,13.2362,True,971.5943
152779,63.0,13.89,fuel,preseed,False,6,1019.325,13.659,0.0003,0.0,4.6125,0.0,0.0,0.0,1.0,4.6125,True,4701.6482
152959#1,13.97,13.89,fuel,preseed,False,2,782.061,13.89,0.0,0.0,1.0058,0.0,0.0,0.0,1.0,1.0058,True,786.5652
152818#0,21.07,13.89,fuel,preseed,False,6,487.786,13.89,0.0,0.0,1.5169,0.0,0.0,0.0,1.0,1.5169,True,739.9324
152785#1,11.9,13.89,fuel,preseed,False,4,793.496,13.89,0.0,1345.689,0.8567,0.0,0.4898,0.0,4.918,4.2134,True,679.8126
152785#2,65.21,13.89,fuel,ema_unlocked,False,7,967.434,13.89,0.0,5162.928,4.6947,0.0,0.0684,0.0,1.547,7.2627,True,4541.8573
152818#1,18.83,13.89,fuel,ema_unlocked,False,6,1105.06,13.89,0.0,0.0,1.3557,0.0,0.0,0.0,1.0,1.3557,True,1498.0759
152816#2,17.34,13.89,fuel,ema_unlocked,False,10,1144.283,13.629,0.0018,3720.416,1.2723,0.0,0.7777,0.0,7.2218,9.1883,True,1455.873
152816#3,86.96,13.89,fuel,ema_unlocked,False,10,608.553,13.89,0.0,6722.723,6.2606,0.0,0.3823,0.0,4.0581,25.4064,True,3809.9208
152818#2,49.78,13.89,fuel,ema_unlocked,False,5,95.729,13.89,0.0,0.0,3.5839,0.0,0.0,0.0,1.0,3.5839,True,343.0812
152960#1,8.19,13.89,fuel,ema_unlocked,False,5,266.374,13.89,0.0,0.0,0.5896,0.0,0.0,0.0,1.0,0.5896,True,157.0627
152827#1,86.4,13.89,fuel,preseed,False,4,890.349,13.89,0.0,0.0,6.2203,0.0,0.0,0.0,1.0,6.2203,True,5538.2424
152838,30.54,27.78,fuel,ema_unlocked,False,2,694.976,27.31,0.002,1463.131,1.1183,0.0,0.4413,0.0,4.5307,5.0664,True,777.1594
153002#1,79.5,13.89,fuel,ema_unlocked,False,5,2198.501,13.89,0.0,0.0,5.7235,0.0,0.0,0.0,1.0,5.7235,True,12583.2135
153005#1,7.67,13.89,fuel,ema_unlocked,False,3,1770.323,13.659,0.0018,0.0,0.5616,0.0,0.0,0.0,1.0,0.5616,True,994.1337
152874#0,3.77,13.89,fuel,ema_unlocked,False,4,986.1,13.89,0.0,1481.721,0.2714,0.0,1.0,0.0,9.0,2.4428,True,267.6455
152874#3,1.29,13.89,fuel,preseed,False,1,798.596,13.659,0.031,0.0,0.0944,0.0001,0.0,0.0,1.0001,0.0945,True,75.4247
153638,146.55,13.89,fuel,ema_unlocked,False,9,1053.363,13.659,0.0002,0.0,10.7296,0.0,0.0,0.0,1.0,10.7296,True,11302.1414
152874#4,11.65,13.89,fuel,ema_unlocked,False,1,691.727,13.89,0.0,0.0,0.8387,0.0,0.0,0.0,1.0,0.8387,True,580.1743
152875#0,422.49,13.89,fuel,preseed,False,0,782.061,13.89,0.0,0.0,30.4168,0.0,0.0,0.0,1.0,30.4168,False,23787.825
152875#1,219.16,13.89,fuel,preseed,False,1,782.061,13.89,0.0,0.0,15.7783,0.0,0.0,0.0,1.0,15.7783,True,12339.5577
152875#2,126.59,13.89,fuel,preseed,False,1,782.061,13.89,0.0,0.0,9.1138,0.0,0.0,0.0,1.0,9.1138,True,7127.5078
152973,188.64,13.89,fuel,ema_unlocked,False,6,1664.36,13.89,0.0,0.0,13.581,0.0,0.0,0.0,1.0,13.581,True,22603.6605
152982#0,1.63,13.89,fuel,preseed,False,1,701.978,13.659,0.0214,0.0,0.1193,0.0001,0.0,0.0,1.0001,0.1193,True,83.7738
152933#0,3.57,13.89,fuel,preseed,False,4,838.833,13.659,0.0111,0.0,0.2614,0.0,0.0,0.0,1.0,0.2614,True,219.2506
152943#1,75.26,13.89,fuel,ema_unlocked,False,6,989.384,13.89,0.0,0.0,5.4183,0.0,0.0,0.0,1.0,5.4183,True,5360.7678
152944#1,41.93,13.89,fuel,preseed,False,4,1098.526,13.89,0.0,0.0,3.0187,0.0,0.0,0.0,1.0,3.0187,True,3316.1419
152944#2,22.05,13.89,fuel,ema_unlocked,False,10,1861.306,13.782,0.0032,4161.018,1.5999,0.0,0.1986,0.0,2.5892,4.1425,True,2977.9068
152950#0,19.12,5.56,fuel,preseed,False,0,313.05,5.56,0.0,0.0,3.4388,0.0,0.0,0.0,1.0,3.4388,False,1076.5301
152954#1,82.75,5.56,fuel,preseed,False,0,313.05,5.56,0.0,0.0,14.8831,0.0,0.0,0.0,1.0,14.8831,False,4659.1458
152950#1,19.65,5.56,fuel,preseed,False,0,313.05,5.56,0.0,0.0,3.5342,0.0,0.0,0.0,1.0,3.5342,False,1106.3712
152952#0,261.65,5.56,fuel,preseed,False,0,313.05,5.56,0.0,0.0,47.0594,0.0,0.0,0.0,1.0,47.0594,False,14731.9094
152956#4,7.9,5.56,fuel,preseed,False,0,313.05,5.56,0.0,0.0,1.4209,0.0,0.0,0.0,1.0,1.4209,False,444.8006
152956#5,35.45,5.56,fuel,preseed,False,0,313.05,5.56,0.0,0.0,6.3759,0.0,0.0,0.0,1.0,6.3759,False,1995.9724
152954#0,45.67,5.56,fuel,preseed,False,0,313.05,5.56,0.0,0.0,8.214,0.0,0.0,0.0,1.0,8.214,False,2571.3981
152956#1,3.25,5.56,fuel,preseed,False,0,313.05,5.56,0.0,0.0,0.5845,0.0,0.0,0.0,1.0,0.5845,False,182.9876
152956#6,24.73,5.56,fuel,preseed,False,0,313.05,5.56,0.0,0.0,4.4478,0.0,0.0,0.0,1.0,4.4478,False,1392.3949
152960#6,50.59,13.89,fuel,ema_unlocked,False,4,891.91,13.89,0.0,0.0,3.6422,0.0,0.0,0.0,1.0,3.6422,True,3248.506
152960#8,20.96,13.89,fuel,ema_unlocked,False,4,383.491,13.89,0.0,0.0,1.509,0.0,0.0,0.0,1.0,1.509,True,578.6884
153002#0,158.35,13.89,fuel,ema_unlocked,False,6,1243.105,13.895,0.0001,14076.066,11.3958,0.0,0.0,0.0,1.0,11.3959,True,14166.2398
153011#1,4.52,13.89,fuel,preseed,False,1,811.214,13.659,0.0067,0.0,0.3309,0.0,0.0,0.0,1.0,0.3309,True,268.4545
153396#1,19.15,13.89,fuel,preseed,False,2,811.749,13.89,0.0,0.0,1.3787,0.0,0.0,0.0,1.0,1.3787,True,1119.1502
153396#2,113.12,13.89,fuel,preseed,False,2,873.043,13.89,0.0,0.0,8.144,0.0,0.0,0.0,1.0,8.144,True,7110.0539
153396#3,9.22,13.89,fuel,preseed,False,2,778.61,13.89,0.0,0.0,0.6638,0.0,0.0,0.0,1.0,0.6638,True,516.8308
153396#4,44.85,13.89,fuel,preseed,False,1,733.141,13.89,0.0,0.0,3.2289,0.0,0.0,0.0,1.0,3.2289,True,2367.2711
153398#1,47.76,13.89,fuel,preseed,False,2,782.061,13.89,0.0,0.0,3.4384,0.0,0.0,0.0,1.0,3.4384,True,2689.0732
153398#2,7.61,13.89,fuel,preseed,False,2,782.061,13.89,0.0,0.0,0.5479,0.0,0.0,0.0,1.0,0.5479,True,428.4725
153398#3,19.58,13.89,fuel,preseed,False,2,782.061,13.89,0.0,0.0,1.4096,0.0,0.0,0.0,1.0,1.4096,True,1102.4299
153405#1,48.83,13.89,fuel,preseed,False,2,877.012,13.89,0.0,0.0,3.5155,0.0,0.0,0.0,1.0,3.5155,True,3083.1184
153405#2,1.93,13.89,fuel,preseed,False,2,778.7,13.89,0.0,0.0,0.1389,0.0,0.0,0.0,1.0,0.1389,True,108.1995
153405#3,20.77,13.89,fuel,preseed,False,2,825.913,13.89,0.0,0.0,1.4953,0.0,0.0,0.0,1.0,1.4953,True,1235.0053
153406#1,40.69,13.89,fuel,ema_unlocked,False,6,903.962,13.89,0.0,0.0,2.9294,0.0,0.0,0.0,1.0,2.9294,True,2648.1061
153406#2,37.54,13.89,fuel,ema_unlocked,False,4,75.876,13.89,0.0,0.0,2.7027,0.0,0.0,0.0,1.0,2.7027,True,205.0675
153428,108.43,13.89,fuel,preseed,False,0,782.061,13.89,0.0,0.0,7.8063,0.0,0.0,0.0,1.0,7.8063,False,6105.0294
153439#1,2.56,13.89,fuel,preseed,False,2,782.061,13.89,0.0,0.0,0.1843,0.0,0.0,0.0,1.0,0.1843,True,144.1379
153439#2,124.88,13.89,fuel,preseed,False,1,648.195,13.89,0.0,0.0,8.9906,0.0,0.0,0.0,1.0,8.9906,True,5827.6851
153639,135.25,13.89,fuel,ema_unlocked,False,2,634.682,13.89,0.0,0.0,9.7372,0.0,0.0,0.0,1.0,9.7372,True,6180.041
