edge_id,length_m,speed_limit_mps,cost_mode,baseline_source,locked,n_traversal_samples,baseline_mg_traversal,avg_speed,occupancy,fuel_consumption,t_actual,C,F,S,multiplier,augtime_weight,fuel_warm,weight
-152134,44.95,13.89,augtime,preseed,False,0,782.061,13.89,0.0,0.0,3.2361,0.0,0.0,0.0,1.0,3.2361,False,3.2361
152758,52.24,13.89,augtime,preseed,False,2,782.061,13.89,0.0,0.0,3.761,0.0,0.0,0.0,1.0,3.761,True,3.761
152768,73.23,13.89,augtime,preseed,False,0,782.061,13.89,0.0,0.0,5.2721,0.0,0.0,0.0,1.0,5.2721,False,5.2721
152134,44.93,13.89,augtime,preseed,False,2,782.061,13.89,0.0,0.0,3.2347,0.0,0.0,0.0,1.0,3.2347,True,3.2347
153273#0,80.94,13.89,augtime,preseed,False,0,782.061,13.89,0.0,0.0,5.8272,0.0,0.0,0.0,1.0,5.8272,False,5.8272
-152135#0,22.08,13.89,augtime,preseed,False,2,782.061,13.89,0.0,0.0,1.5896,0.0,0.0,0.0,1.0,1.5896,True,1.5896
152135#1,7.29,13.89,augtime,preseed,False,0,782.061,13.89,0.0,0.0,0.5248,0.0,0.0,0.0,1.0,0.5248,False,0.5248
-152768,72.86,13.89,augtime,preseed,False,0,782.061,13.89,0.0,0.0,5.2455,0.0,0.0,0.0,1.0,5.2455,False,5.2455
152135#0,22.08,13.89,augtime,preseed,False,0,782.061,13.89,0.0,0.0,1.5896,0.0,0.0,0.0,1.0,1.5896,False,1.5896
152802,33.74,13.89,augtime,preseed,False,2,782.061,13.89,0.0,0.0,2.4291,0.0,0.0,0.0,1.0,2.4291,True,2.4291
-152135#1,7.28,13.89,augtime,preseed,False,2,782.061,13.89,0.0,0.0,0.5241,0.0,0.0,0.0,1.0,0.5241,True,0.5241
-153273#0,80.94,13.89,augtime,preseed,False,2,782.061,13.89,0.0,0.0,5.8272,0.0,0.0,0.0,1.0,5.8272,True,5.8272
153273#1,5.5,13.89,augtime,preseed,False,0,782.061,13.89,0.0,0.0,0.396,0.0,0.0,0.0,1.0,0.396,False,0.396
-152139,31.18,27.78,augtime,ema_unlocked,False,4,958.725,27.78,0.0,0.0,1.1224,0.0,0.0,0.0,1.0,1.1224,True,1.1224
152137#0,5.97,13.89,augtime,ema_unlocked,False,10,1228.917,13.89,0.0,2055.069,0.4298,0.0,1.0,0.0,1.0,0.4298,True,0.4298
152139,31.08,27.78,augtime,ema_unlocked,False,6,916.263,27.78,0.0,6701.073,1.1188,0.0,1.0,0.0,1.0,1.1188,True,1.1188
152318#4,13.38,27.78,augtime,ema_unlocked,False,8,380.773,27.407,0.0031,1865.809,0.4882,0.0,1.0,0.0,1.0,0.4882,True,0.4816
-152146,147.01,13.89,augtime,preseed,False,0,782.061,13.89,0.0,0.0,10.5839,0.0,0.0,0.0,1.0,10.5839,False,10.5839
-153421#1,54.22,13.89,augtime,preseed,False,0,782.061,13.89,0.0,0.0,3.9035,0.0,0.0,0.0,1.0,3.9035,False,3.9035
152369,147.64,13.89,augtime,preseed,False,0,782.061,13.89,0.0,0.0,10.6292,0.0,0.0,0.0,1.0,10.6292,False,10.6292
153421#2,168.93,13.89,augtime,preseed,False,0,782.061,13.89,0.0,0.0,12.162,0.0,0.0,0.0,1.0,12.162,False,12.162
-152147,6.78,13.89,augtime,preseed,False,0,782.061,13.89,0.0,0.0,0.4881,0.0,0.0,0.0,1.0,0.4881,False,0.4881
152450,38.2,13.89,augtime,preseed,False,0,782.061,13.89,0.0,0.0,2.7502,0.0,0.0,0.0,1.0,2.7502,False,2.7502
-152148,28.49,13.89,augtime,preseed,False,0,782.061,13.89,0.0,0.0,2.0511,0.0,0.0,0.0,1.0,2.0511,False,2.0511
152147,6.77,13.89,augtime,preseed,False,0,782.061,13.89,0.0,0.0,0.4874,0.0,0.0,0.0,1.0,0.4874,False,0.4874
152695,112.9,13.89,augtime,preseed,False,0,782.061,13.89,0.0,0.0,8.1281,0.0,0.0,0.0,1.0,8.1281,False,8.1281
-152687,24.17,13.89,augtime,preseed,False,0,782.061,13.89,0.0,0.0,1.7401,0.0,0.0,0.0,1.0,1.7401,False,1.7401
-153420#2,209.23,13.89,augtime,preseed,False,0,782.061,13.89,0.0,0.0,15.0634,0.0,0.0,0.0,1.0,15.0634,False,15.0634
152148,25.99,13.89,augtime,preseed,False,0,782.061,13.89,0.0,0.0,1.8711,0.0,0.0,0.0,1.0,1.8711,False,1.8711
153420#3,22.08,13.89,augtime,preseed,False,1,724.553,13.89,0.0,0.0,1.5896,0.0,0.0,0.0,1.0,1.5896,True,1.5896
-152149,19.84,13.89,augtime,preseed,False,0,782.061,13.89,0.0,0.0,1.4284,0.0,0.0,0.0,1.0,1.4284,False,1.4284
-153434,9.68,13.89,augtime,preseed,False,0,782.061,13.89,0.0,0.0,0.6969,0.0,0.0,0.0,1.0,0.6969,False,0.6969
152738,28.32,13.89,augtime,preseed,False,0,782.061,13.89,0.0,0.0,2.0389,0.0,0.0,0.0,1.0,2.0389,False,2.0389
153397,48.75,13.89,augtime,preseed,False,0,782.061,13.89,0.0,0.0,3.5097,0.0,0.0,0.0,1.0,3.5097,False,3.5097
-152540,11.63,13.89,augtime,preseed,False,0,782.061,13.89,0.0,0.0,0.8373,0.0,0.0,0.0,1.0,0.8373,False,0.8373
-153482#0,1.62,13.89,augtime,preseed,False,0,782.061,13.89,0.0,0.0,0.1166,0.0,0.0,0.0,1.0,0.1166,False,0.1166
152149,19.54,13.89,augtime,preseed,False,0,782.061,13.89,0.0,0.0,1.4068,0.0,0.0,0.0,1.0,1.4068,False,1.4068
153482#1,181.25,13.89,augtime,preseed,False,0,782.061,13.89,0.0,0.0,13.049,0.0,0.0,0.0,1.0,13.049,False,13.049
-152162,9.42,13.89,augtime,preseed,False,3,782.061,13.89,0.0,0.0,0.6782,0.0,0.0,0.0,1.0,0.6782,True,0.6782
-152884#0,25.11,13.89,augtime,preseed,False,1,782.061,13.89,0.0,0.0,1.8078,0.0,0.0,0.0,1.0,1.8078,True,1.8078
152884#1,44.37,13.89,augtime,preseed,False,0,782.061,13.89,0.0,0.0,3.1944,0.0,0.0,0.0,1.0,3.1944,False,3.1944
-152936,32.91,13.89,augtime,preseed,False,2,782.061,13.89,0.0,0.0,2.3693,0.0,0.0,0.0,1.0,2.3693,True,2.3693
152162,9.42,13.89,augtime,preseed,False,0,782.061,13.89,0.0,0.0,0.6782,0.0,0.0,0.0,1.0,0.6782,False,0.6782
152871,25.2,13.89,augtime,preseed,False,0,782.061,13.89,0.0,0.0,1.8143,0.0,0.0,0.0,1.0,1.8143,False,1.8143
-152163#0,87.65,13.89,augtime,preseed,False,2,622.264,13.89,0.0,0.0,6.3103,0.0,0.0,0.0,1.0,6.3103,True,6.3103
152163#1,51.35,13.89,augtime,preseed,False,1,782.061,13.89,0.0,0.0,3.6969,0.0,0.0,0.0,1.0,3.6969,True,3.6969
-152873#2,20.57,13.89,augtime,preseed,False,2,774.406,13.89,0.0,0.0,1.4809,0.0,0.0,0.0,1.0,1.4809,True,1.4809
152163#0,89.26,13.89,augtime,preseed,False,1,782.061,13.89,0.0,0.0,6.4262,0.0,0.0,0.0,1.0,6.4262,True,6.4262
152873#3,30.64,13.89,augtime,preseed,False,1,890.844,13.89,0.0,0.0,2.2059,0.0,0.0,0.0,1.0,2.2059,True,2.2059
-152163#1,51.35,13.89,augtime,preseed,False,2,936.833,13.799,0.0007,13375.123,3.7212,0.0,1.0,0.0,1.0,3.7212,True,3.6969
152397#0,41.75,13.89,augtime,preseed,False,1,782.061,13.89,0.0,0.0,3.0058,0.0,0.0,0.0,1.0,3.0058,True,3.0058
-152164,117.65,13.89,augtime,preseed,False,0,782.061,13.89,0.0,0.0,8.4701,0.0,0.0,0.0,1.0,8.4701,False,8.4701
153461#0,8.69,13.89,augtime,preseed,False,0,782.061,13.89,0.0,0.0,0.6256,0.0,0.0,0.0,1.0,0.6256,False,0.6256
153465#0,61.53,13.89,augtime,preseed,False,0,782.061,13.89,0.0,0.0,4.4298,0.0,0.0,0.0,1.0,4.4298,False,4.4298
-153464,120.92,13.89,augtime,preseed,False,0,782.061,13.89,0.0,0.0,8.7055,0.0,0.0,0.0,1.0,8.7055,False,8.7055
152164,119.2,13.89,augtime,preseed,False,0,782.061,13.89,0.0,0.0,8.5817,0.0,0.0,0.0,1.0,8.5817,False,8.5817
153467#0,111.03,13.89,augtime,preseed,False,0,782.061,13.89,0.0,0.0,7.9935,0.0,0.0,0.0,1.0,7.9935,False,7.9935
-152165#0,397.4,13.89,augtime,preseed,False,4,782.061,13.89,0.0,0.0,28.6105,0.0,0.0,0.0,1.0,28.6105,True,28.6105
-152457#2,4.18,13.89,augtime,preseed,False,1,760.203,13.89,0.0,0.0,0.3009,0.0,0.0,0.0,1.0,0.3009,True,0.3009
152165#1,62.19,13.89,augtime,ema_unlocked,False,3,562.833,13.89,0.0,0.0,4.4773,0.0,0.0,0.0,1.0,4.4773,True,4.4773
153375,396.52,13.89,augtime,preseed,False,0,782.061,13.89,0.0,0.0,28.5472,0.0,0.0,0.0,1.0,28.5472,False,28.5472
153547,96.61,13.89,augtime,preseed,False,4,782.061,13.89,0.0,4568.602,6.9554,0.0,0.0,0.0,1.0,6.9554,True,6.9554
-152165#1,61.96,13.89,augtime,preseed,False,1,676.681,13.89,0.0,0.0,4.4608,0.0,0.0,0.0,1.0,4.4608,True,4.4608
-152347#1,186.03,13.89,augtime,preseed,False,2,823.976,13.89,0.0,0.0,13.3931,0.0,0.0,0.0,1.0,13.3931,True,13.3931
152347#0,202.68,13.89,augtime,preseed,False,1,782.061,13.89,0.0,0.0,14.5918,0.0,0.0,0.0,1.0,14.5918,True,14.5918
152535#0,319.91,13.89,augtime,ema_unlocked,False,3,774.849,13.89,0.0,0.0,23.0317,0.0,0.0,0.0,1.0,23.0317,True,23.0317
-152166,85.09,13.89,augtime,ema_unlocked,False,8,740.406,13.89,0.0,0.0,6.126,0.0,0.0,0.0,1.0,6.126,True,6.126
-153006#3,61.17,13.89,augtime,ema_unlocked,False,5,1344.856,13.89,0.0,0.0,4.4039,0.0,0.0,0.0,1.0,4.4039,True,4.4039
152168#0,59.63,13.89,augtime,ema_unlocked,False,5,1352.925,13.89,0.0,0.0,4.293,0.0,0.0,0.0,1.0,4.293,True,4.293
-152330#5,95.93,13.89,augtime,ema_unlocked,False,10,1161.489,13.464,0.0011,12221.135,7.1248,0.0,0.2384,0.0,1.0,7.1248,True,6.9064
152166,79.73,13.89,augtime,ema_unlocked,False,10,498.235,13.89,0.0,0.0,5.7401,0.0,0.0,0.0,1.0,5.7401,True,5.7401
-152167,135.34,13.89,augtime,preseed,False,4,832.738,13.89,0.0,0.0,9.7437,0.0,0.0,0.0,1.0,9.7437,True,9.7437
152791,363.01,13.89,augtime,preseed,False,1,782.061,13.89,0.0,0.0,26.1346,0.0,0.0,0.0,1.0,26.1346,True,26.1346
152827#0,158.28,13.89,augtime,preseed,False,2,931.92,13.89,0.0,0.0,11.3952,0.0,0.0,0.0,1.0,11.3952,True,11.3952
152969#0,242.44,13.89,augtime,ema_unlocked,False,6,282.921,13.659,0.0,0.0,17.7501,0.0,0.0,0.0,1.0,17.7501,True,17.4543
152167,120.64,13.89,augtime,ema_unlocked,False,7,276.195,13.89,0.0,2709.705,8.6854,0.0,0.0648,0.0,1.0,8.6854,True,8.6854
-152168#0,55.4,13.89,augtime,ema_unlocked,False,3,211.369,13.89,0.0,2125.273,3.9885,0.0,0.7605,0.0,1.0,3.9885,True,3.9885
152168#1,47.77,13.89,augtime,ema_unlocked,False,5,406.884,13.89,0.0,2423.718,3.4392,0.0,0.366,0.0,1.0,3.4392,True,3.4392
-152168#1,45.9,13.89,augtime,ema_unlocked,False,3,1680.42,13.89,0.0,8750.784,3.3045,0.0,0.2879,0.0,1.0,3.3045,True,3.3045
152399#1,1.8,13.89,augtime,ema_unlocked,False,5,994.022,13.714,0.0146,568.638,0.1313,0.0,1.0,0.0,1.0,0.1313,True,0.1296
-152169,1.6,13.89,augtime,ema_unlocked,False,4,1053.679,13.89,0.0,0.0,0.1152,0.0,0.0,0.0,1.0,0.1152,True,0.1152
152223,8.28,27.78,augtime,ema_unlocked,False,9,978.601,27.386,0.0032,1761.981,0.3023,0.0,1.0,0.0,1.0,0.3023,True,0.2981
-152605#2,24.28,13.89,augtime,ema_unlocked,False,1,1713.558,13.89,0.0,0.0,1.748,0.0,0.0,0.0,1.0,1.748,True,1.748
152602,171.97,13.89,augtime,preseed,False,1,782.061,13.89,0.0,0.0,12.3808,0.0,0.0,0.0,1.0,12.3808,True,12.3808
152610,38.29,13.89,augtime,preseed,False,0,782.061,13.89,0.0,0.0,2.7567,0.0,0.0,0.0,1.0,2.7567,False,2.7567
-152170#0,17.44,13.89,augtime,preseed,False,1,782.061,13.89,0.0,0.0,1.2556,0.0,0.0,0.0,1.0,1.2556,True,1.2556
152170#1,9.36,13.89,augtime,preseed,False,6,723.429,13.89,0.0,0.0,0.6739,0.0,0.0,0.0,1.0,0.6739,True,0.6739
-152224,12.73,22.22,augtime,preseed,False,1,1676.402,22.22,0.0,0.0,0.5729,0.0,0.0,0.0,1.0,0.5729,True,0.5729
152170#0,17.44,13.89,augtime,preseed,False,6,646.042,13.89,0.0,0.0,1.2556,0.0,0.0,0.0,1.0,1.2556,True,1.2556
-152170#1,9.36,13.89,augtime,preseed,False,1,782.061,13.89,0.0,0.0,0.6739,0.0,0.0,0.0,1.0,0.6739,True,0.6739
-152602,177.44,13.89,augtime,preseed,False,1,782.061,13.89,0.0,0.0,12.7747,0.0,0.0,0.0,1.0,12.7747,True,12.7747
152607,184.21,13.89,augtime,ema_unlocked,False,7,596.224,13.89,0.0,0.0,13.2621,0.0,0.0,0.0,1.0,13.2621,True,13.2621
-152172,170.25,13.89,augtime,preseed,False,1,782.061,13.89,0.0,0.0,12.257,0.0,0.0,0.0,1.0,12.257,True,12.257
152173,3.21,13.89,augtime,preseed,False,0,782.061,13.89,0.0,0.0,0.2311,0.0,0.0,0.0,1.0,0.2311,False,0.2311
152172,167.58,13.89,augtime,preseed,False,0,782.061,13.89,0.0,0.0,12.0648,0.0,0.0,0.0,1.0,12.0648,False,12.0648
152345#0,4.3,13.89,augtime,preseed,False,2,782.061,13.89,0.0,0.0,0.3096,0.0,0.0,0.0,1.0,0.3096,True,0.3096
152578#1,59.69,13.89,augtime,preseed,False,1,782.061,13.89,0.0,0.0,4.2973,0.0,0.0,0.0,1.0,4.2973,True,4.2973
-152176#0,73.91,13.89,augtime,ema_unlocked,False,3,41.069,13.89,0.0,0.0,5.3211,0.0,0.0,0.0,1.0,5.3211,True,5.3211
152176#1,92.83,13.89,augtime,preseed,False,5,782.061,13.89,0.0,0.0,6.6832,0.0,0.0,0.0,1.0,6.6832,True,6.6832
-153383#0,15.8,13.89,augtime,ema_unlocked,False,1,204.099,13.89,0.0,0.0,1.1375,0.0,0.0,0.0,1.0,1.1375,True,1.1375
-153386,89.83,13.89,augtime,preseed,False,5,782.061,13.89,0.0,0.0,6.4672,0.0,0.0,0.0,1.0,6.4672,True,6.4672
153383#1,46.19,13.89,augtime,preseed,False,4,1088.205,13.89,0.0,0.0,3.3254,0.0,0.0,0.0,1.0,3.3254,True,3.3254
-152176#1,96.38,13.89,augtime,ema_unlocked,False,3,178.108,13.89,0.0,0.0,6.9388,0.0,0.0,0.0,1.0,6.9388,True,6.9388
152176#2,59.82,13.89,augtime,preseed,False,5,782.061,13.89,0.0,0.0,4.3067,0.0,0.0,0.0,1.0,4.3067,True,4.3067
152355#0,1.68,13.89,augtime,preseed,False,0,782.061,13.89,0.0,0.0,0.121,0.0,0.0,0.0,1.0,0.121,False,0.121
-152176#2,61.95,13.89,augtime,ema_unlocked,False,3,978.07,13.89,0.0,0.0,4.46,0.0,0.0,0.0,1.0,4.46,True,4.46
152177,95.26,13.89,augtime,preseed,False,5,855.289,13.89,0.0,0.0,6.8582,0.0,0.0,0.0,1.0,6.8582,True,6.8582
152621,103.02,13.89,augtime,preseed,False,0,782.061,13.89,0.0,0.0,7.4168,0.0,0.0,0.0,1.0,7.4168,False,7.4168
-152177,96.16,13.89,augtime,ema_unlocked,False,3,548.82,13.89,0.0,8364.866,6.923,0.0,0.6008,0.0,1.0,6.923,True,6.923
153384#0,222.96,13.89,augtime,preseed,False,5,873.784,13.89,0.0,46844.299,16.0518,0.0,1.0,0.0,1.0,16.0518,True,16.0518
153563,34.69,13.89,augtime,preseed,False,0,782.061,13.89,0.0,0.0,2.4975,0.0,0.0,0.0,1.0,2.4975,False,2.4975
-152206,96.08,22.22,augtime,ema_unlocked,False,6,1685.389,22.22,0.0,14879.686,4.324,0.0,0.5209,0.0,1.0,4.324,True,4.324
-152385,41.96,13.89,augtime,preseed,False,1,777.967,13.89,0.0,0.0,3.0209,0.0,0.0,0.0,1.0,3.0209,True,3.0209
152206,95.23,22.22,augtime,preseed,False,1,1746.686,22.22,0.0,0.0,4.2858,0.0,0.0,0.0,1.0,4.2858,True,4.2858
152461,280.81,13.89,augtime,ema_unlocked,False,7,616.629,13.89,0.0,14004.521,20.2167,0.0,0.0617,0.0,1.0,20.2167,True,20.2167
-152210,80.55,27.78,augtime,preseed,False,4,2490.528,27.78,0.0,0.0,2.8996,0.0,0.0,0.0,1.0,2.8996,True,2.8996
152536,30.91,13.89,augtime,ema_unlocked,False,4,21.004,13.89,0.0,0.0,2.2253,0.0,0.0,0.0,1.0,2.2253,True,2.2253
-152855,19.06,13.89,augtime,preseed,False,4,944.108,13.89,0.0,0.0,1.3722,0.0,0.0,0.0,1.0,1.3722,True,1.3722
152210,82.48,27.78,augtime,ema_unlocked,False,6,1291.302,27.78,0.0,0.0,2.969,0.0,0.0,0.0,1.0,2.969,True,2.969
-152213,23.94,13.89,augtime,preseed,False,3,782.061,13.89,0.0,0.0,1.7235,0.0,0.0,0.0,1.0,1.7235,True,1.7235
153555,33.55,13.89,augtime,preseed,False,0,782.061,13.89,0.0,0.0,2.4154,0.0,0.0,0.0,1.0,2.4154,False,2.4154
-152557#0,23.27,13.89,augtime,preseed,False,0,782.061,13.89,0.0,0.0,1.6753,0.0,0.0,0.0,1.0,1.6753,False,1.6753
152557#1,252.41,13.89,augtime,preseed,False,3,782.061,13.89,0.0,38790.381,18.1721,0.0,0.8647,0.0,1.0,18.1721,True,18.1721
-152215,21.58,22.22,augtime,preseed,False,1,1734.91,22.22,0.0,0.0,0.9712,0.0,0.0,0.0,1.0,0.9712,True,0.9712
153374#0,4.11,13.89,augtime,preseed,False,0,782.061,13.89,0.0,0.0,0.2959,0.0,0.0,0.0,1.0,0.2959,False,0.2959
-152566#1,44.4,13.89,augtime,preseed,False,1,803.127,13.89,0.0,0.0,3.1965,0.0,0.0,0.0,1.0,3.1965,True,3.1965
152215,24.75,22.22,augtime,preseed,False,1,1676.402,22.22,0.0,0.0,1.1139,0.0,0.0,0.0,1.0,1.1139,True,1.1139
-152218,32.82,22.22,augtime,preseed,False,1,1676.402,22.22,0.0,0.0,1.477,0.0,0.0,0.0,1.0,1.477,True,1.477
-152578#1,61.28,13.89,augtime,preseed,False,1,782.061,13.89,0.0,0.0,4.4118,0.0,0.0,0.0,1.0,4.4118,True,4.4118
152218,40.58,22.22,augtime,preseed,False,1,1676.402,22.22,0.0,0.0,1.8263,0.0,0.0,0.0,1.0,1.8263,True,1.8263
153378#0,23.68,13.89,augtime,preseed,False,1,782.061,13.89,0.0,0.0,1.7048,0.0,0.0,0.0,1.0,1.7048,True,1.7048
-152220,10.65,22.22,augtime,preseed,False,2,1676.402,22.22,0.0,0.0,0.4793,0.0,0.0,0.0,1.0,0.4793,True,0.4793
152579#0,42.76,13.89,augtime,preseed,False,2,615.278,13.89,0.0,869.124,3.0785,0.0,0.0,0.0,1.0,3.0785,True,3.0785
-152587#3,27.42,13.89,augtime,preseed,False,4,782.061,13.659,0.0011,0.0,2.0075,0.0,0.0,0.0,1.0,2.0075,True,1.9741
152220,10.39,22.22,augtime,preseed,False,1,1676.402,22.22,0.0,0.0,0.4676,0.0,0.0,0.0,1.0,0.4676,True,0.4676
-152223,8.28,27.78,augtime,ema_unlocked,False,4,347.27,27.78,0.0,0.0,0.2981,0.0,0.0,0.0,1.0,0.2981,True,0.2981
152453,9.34,13.89,augtime,ema_unlocked,False,9,947.4,13.89,0.0,0.0,0.6724,0.0,0.0,0.0,1.0,0.6724,True,0.6724
152224,12.73,22.22,augtime,preseed,False,6,1788.437,22.22,0.0,0.0,0.5729,0.0,0.0,0.0,1.0,0.5729,True,0.5729
152587#0,168.75,13.89,augtime,preseed,False,1,782.061,13.89,0.0,0.0,12.149,0.0,0.0,0.0,1.0,12.149,True,12.149
-152226,326.91,22.22,augtime,preseed,False,6,1557.57,22.22,0.0,0.0,14.7124,0.0,0.0,0.0,1.0,14.7124,True,14.7124
152669#0,10.2,13.89,augtime,preseed,False,1,782.061,13.89,0.0,0.0,0.7343,0.0,0.0,0.0,1.0,0.7343,True,0.7343
-152290,304.79,22.22,augtime,ema_unlocked,False,7,1172.788,21.85,0.0002,0.0,13.9494,0.0,0.0,0.0,1.0,13.9494,True,13.7169
152286,298.87,22.22,augtime,preseed,False,1,1676.402,22.22,0.0,0.0,13.4505,0.0,0.0,0.0,1.0,13.4505,True,13.4505
152287,65.16,13.89,augtime,preseed,False,2,577.624,13.89,0.0,0.0,4.6911,0.0,0.0,0.0,1.0,4.6911,True,4.6911
-152239,40.29,27.78,augtime,preseed,False,0,2281.462,27.78,0.0,0.0,1.4503,0.0,0.0,0.0,1.0,1.4503,False,1.4503
153357#0,167.29,13.89,augtime,preseed,False,0,782.061,13.89,0.0,0.0,12.0439,0.0,0.0,0.0,1.0,12.0439,False,12.0439
152239,37.74,27.78,augtime,preseed,False,0,2281.462,27.78,0.0,0.0,1.3585,0.0,0.0,0.0,1.0,1.3585,False,1.3585
-152241,6.14,27.78,augtime,preseed,False,0,2281.462,27.78,0.0,0.0,0.221,0.0,0.0,0.0,1.0,0.221,False,0.221
-153362#1,463.58,13.89,augtime,preseed,False,0,782.061,13.89,0.0,0.0,33.3751,0.0,0.0,0.0,1.0,33.3751,False,33.3751
-153351,67.8,13.89,augtime,preseed,False,0,782.061,13.89,0.0,0.0,4.8812,0.0,0.0,0.0,1.0,4.8812,False,4.8812
152241,3.8,27.78,augtime,preseed,False,0,2281.462,27.78,0.0,0.0,0.1368,0.0,0.0,0.0,1.0,0.1368,False,0.1368
-152243,3.93,22.22,augtime,preseed,False,0,1676.402,22.22,0.0,0.0,0.1769,0.0,0.0,0.0,1.0,0.1769,False,0.1769
153347#0,257.1,13.89,augtime,preseed,False,0,782.061,13.89,0.0,0.0,18.5097,0.0,0.0,0.0,1.0,18.5097,False,18.5097
-153352,19.58,13.89,augtime,preseed,False,0,782.061,13.89,0.0,0.0,1.4096,0.0,0.0,0.0,1.0,1.4096,False,1.4096
152243,3.93,22.22,augtime,preseed,False,0,1676.402,22.22,0.0,0.0,0.1769,0.0,0.0,0.0,1.0,0.1769,False,0.1769
-152244,19.46,27.78,augtime,preseed,False,0,2281.462,27.78,0.0,0.0,0.7005,0.0,0.0,0.0,1.0,0.7005,False,0.7005
153373,75.67,13.89,augtime,preseed,False,0,782.061,13.89,0.0,0.0,5.4478,0.0,0.0,0.0,1.0,5.4478,False,5.4478
-152618#1,125.79,13.89,augtime,preseed,False,0,782.061,13.89,0.0,0.0,9.0562,0.0,0.0,0.0,1.0,9.0562,False,9.0562
152214,12.04,27.78,augtime,preseed,False,0,2281.462,27.78,0.0,0.0,0.4334,0.0,0.0,0.0,1.0,0.4334,False,0.4334
-152245,18.37,27.78,augtime,preseed,False,1,2281.462,27.78,0.0,0.0,0.6613,0.0,0.0,0.0,1.0,0.6613,True,0.6613
152565,18.35,13.89,augtime,preseed,False,3,763.125,13.89,0.0,0.0,1.3211,0.0,0.0,0.0,1.0,1.3211,True,1.3211
-153369#1,42.31,13.89,augtime,preseed,False,1,782.061,13.89,0.0,0.0,3.0461,0.0,0.0,0.0,1.0,3.0461,True,3.0461
152245,17.88,27.78,augtime,preseed,False,3,2059.362,27.568,0.0015,2263.945,0.6486,0.0,0.3475,0.0,1.0,0.6486,True,0.6436
-152246,18.41,27.78,augtime,preseed,False,2,1948.847,27.78,0.0,0.0,0.6627,0.0,0.0,0.0,1.0,0.6627,True,0.6627
-153383#5,17.36,13.89,augtime,preseed,False,1,782.061,13.89,0.0,0.0,1.2498,0.0,0.0,0.0,1.0,1.2498,True,1.2498
152246,20.37,27.78,augtime,preseed,False,1,2281.462,27.78,0.0,0.0,0.7333,0.0,0.0,0.0,1.0,0.7333,True,0.7333
153369#0,139.08,13.89,augtime,preseed,False,2,582.068,13.89,0.0,0.0,10.013,0.0,0.0,0.0,1.0,10.013,True,10.013
-152247,23.03,27.78,augtime,preseed,False,0,2281.462,27.78,0.0,0.0,0.829,0.0,0.0,0.0,1.0,0.829,False,0.829
153371#0,92.92,13.89,augtime,preseed,False,0,782.061,13.89,0.0,0.0,6.6897,0.0,0.0,0.0,1.0,6.6897,False,6.6897
-153370#1,295.92,13.89,augtime,preseed,False,0,782.061,13.89,0.0,0.0,21.3045,0.0,0.0,0.0,1.0,21.3045,False,21.3045
152247,19.99,27.78,augtime,preseed,False,0,2281.462,27.78,0.0,0.0,0.7196,0.0,0.0,0.0,1.0,0.7196,False,0.7196
-152248,9.65,27.78,augtime,preseed,False,0,2281.462,27.78,0.0,0.0,0.3474,0.0,0.0,0.0,1.0,0.3474,False,0.3474
153370#0,47.12,13.89,augtime,preseed,False,0,782.061,13.89,0.0,0.0,3.3924,0.0,0.0,0.0,1.0,3.3924,False,3.3924
-153373,77.75,13.89,augtime,preseed,False,0,782.061,13.89,0.0,0.0,5.5976,0.0,0.0,0.0,1.0,5.5976,False,5.5976
152248,9.72,27.78,augtime,preseed,False,0,2281.462,27.78,0.0,0.0,0.3499,0.0,0.0,0.0,1.0,0.3499,False,0.3499
-152250,22.89,27.78,augtime,ema_unlocked,False,1,1222.706,27.78,0.0,0.0,0.824,0.0,0.0,0.0,1.0,0.824,True,0.824
153383#0,12.14,13.89,augtime,preseed,False,4,917.423,13.89,0.0,0.0,0.874,0.0,0.0,0.0,1.0,0.874,True,0.874
-153385#1,201.27,13.89,augtime,ema_unlocked,False,1,185.947,13.89,0.0,0.0,14.4903,0.0,0.0,0.0,1.0,14.4903,True,14.4903
152250,22.35,27.78,augtime,preseed,False,4,1993.813,27.78,0.0,0.0,0.8045,0.0,0.0,0.0,1.0,0.8045,True,0.8045
-152251,10.19,27.78,augtime,ema_unlocked,False,1,674.011,27.78,0.0,0.0,0.3668,0.0,0.0,0.0,1.0,0.3668,True,0.3668
153385#0,319.59,13.89,augtime,preseed,False,4,884.079,13.89,0.0,0.0,23.0086,0.0,0.0,0.0,1.0,23.0086,True,23.0086
-153412#5,305.2,13.89,augtime,ema_unlocked,False,1,860.039,13.89,0.0,0.0,21.9726,0.0,0.0,0.0,1.0,21.9726,True,21.9726
152251,9.01,27.78,augtime,preseed,False,4,2106.915,27.78,0.0,2483.2,0.3243,0.0,1.0,0.0,1.0,0.3243,True,0.3243
-152252,15.18,27.78,augtime,preseed,False,1,2281.462,27.78,0.0,0.0,0.5464,0.0,0.0,0.0,1.0,0.5464,True,0.5464
153395,632.61,13.89,augtime,preseed,False,6,458.891,13.89,0.0,0.0,45.5443,0.0,0.0,0.0,1.0,45.5443,True,45.5443
-152413#3,1074.26,13.89,augtime,ema_unlocked,False,1,1408.906,13.89,0.0,0.0,77.3405,0.0,0.0,0.0,1.0,77.3405,True,77.3405
152252,10.92,27.78,augtime,preseed,False,4,1893.737,27.78,0.0,0.0,0.3931,0.0,0.0,0.0,1.0,0.3931,True,0.3931
-152253,11.8,27.78,augtime,ema_unlocked,False,2,1745.48,27.78,0.0,0.0,0.4248,0.0,0.0,0.0,1.0,0.4248,True,0.4248
-153436,1328.29,13.89,augtime,preseed,False,4,671.516,13.89,0.0,0.0,95.6292,0.0,0.0,0.0,1.0,95.6292,True,95.6292
-153395,642.99,13.89,augtime,ema_unlocked,False,2,1475.626,13.89,0.0,0.0,46.2916,0.0,0.0,0.0,1.0,46.2916,True,46.2916
152253,11.72,27.78,augtime,preseed,False,1,1912.314,27.78,0.0,0.0,0.4219,0.0,0.0,0.0,1.0,0.4219,True,0.4219
-152254,6.07,27.78,augtime,preseed,False,0,2281.462,27.78,0.0,0.0,0.2185,0.0,0.0,0.0,1.0,0.2185,False,0.2185
153412#0,3.91,13.89,augtime,preseed,False,0,782.061,13.89,0.0,0.0,0.2815,0.0,0.0,0.0,1.0,0.2815,False,0.2815
152254,5.96,27.78,augtime,preseed,False,2,2457.718,27.78,0.0,0.0,0.2145,0.0,0.0,0.0,1.0,0.2145,True,0.2145
-152255#0,11.43,27.78,augtime,preseed,False,2,2364.32,27.78,0.0,1949.371,0.4114,0.0,0.5019,0.0,1.0,0.4114,True,0.4114
-153042#0,34.76,13.89,augtime,preseed,False,0,782.061,13.89,0.0,0.0,2.5025,0.0,0.0,0.0,1.0,2.5025,False,2.5025
152255#1,25.66,27.78,augtime,preseed,False,2,2281.462,27.78,0.0,0.0,0.9237,0.0,0.0,0.0,1.0,0.9237,True,0.9237
153042#1,21.17,13.89,augtime,preseed,False,0,782.061,13.89,0.0,0.0,1.5241,0.0,0.0,0.0,1.0,1.5241,False,1.5241
-153423#4,3.6,13.89,augtime,preseed,False,1,787.924,13.89,0.0,0.0,0.2592,0.0,0.0,0.0,1.0,0.2592,True,0.2592
152255#0,11.43,27.78,augtime,preseed,False,0,2281.462,27.78,0.0,0.0,0.4114,0.0,0.0,0.0,1.0,0.4114,False,0.4114
-152255#1,25.67,27.78,augtime,preseed,False,2,1558.777,27.78,0.0,0.0,0.924,0.0,0.0,0.0,1.0,0.924,True,0.924
-153440#6,26.53,13.89,augtime,preseed,False,2,782.061,13.89,0.0,0.0,1.91,0.0,0.0,0.0,1.0,1.91,True,1.91
-152256,36.57,27.78,augtime,ema_unlocked,False,3,610.414,27.78,0.0,0.0,1.3164,0.0,0.0,0.0,1.0,1.3164,True,1.3164
153459#0,210.08,13.89,augtime,ema_unlocked,False,1,831.258,13.89,0.0,0.0,15.1246,0.0,0.0,0.0,1.0,15.1246,True,15.1246
152256,35.05,27.78,augtime,ema_unlocked,False,1,2250.48,27.78,0.0,0.0,1.2617,0.0,0.0,0.0,1.0,1.2617,True,1.2617
153460,112.64,13.89,augtime,ema_unlocked,False,3,788.425,13.89,0.0,0.0,8.1094,0.0,0.0,0.0,1.0,8.1094,True,8.1094
-152257,41.87,27.78,augtime,ema_unlocked,False,10,1870.902,27.78,0.0,0.0,1.5072,0.0,0.0,0.0,1.0,1.5072,True,1.5072
153477#0,123.16,13.89,augtime,ema_unlocked,False,9,1195.442,13.89,0.0,0.0,8.8668,0.0,0.0,0.0,1.0,8.8668,True,8.8668
-152927,774.87,13.89,augtime,ema_unlocked,False,10,488.108,13.89,0.0,0.0,55.7862,0.0,0.0,0.0,1.0,55.7862,True,55.7862
152257,37.47,27.78,augtime,ema_unlocked,False,10,756.867,27.317,0.0006,0.0,1.3717,0.0,0.0,0.0,1.0,1.3717,True,1.3488
-152270,88.4,27.78,augtime,ema_unlocked,False,9,2140.939,27.78,0.0,16190.146,3.1821,0.0,0.6882,0.0,1.0,3.1821,True,3.1821
152419#0,64.99,13.89,augtime,ema_unlocked,False,8,330.56,13.659,0.0007,0.0,4.7582,0.0,0.0,0.0,1.0,4.7582,True,4.6789
-152418,141.63,13.89,augtime,ema_unlocked,False,4,873.567,13.89,0.0,0.0,10.1965,0.0,0.0,0.0,1.0,10.1965,True,10.1965
152270,83.92,27.78,augtime,ema_unlocked,False,8,2799.887,27.78,0.0,16429.758,3.0209,0.0,0.4712,0.0,1.0,3.0209,True,3.0209
-152283,129.84,27.78,augtime,ema_unlocked,False,7,1469.874,27.78,0.0,19359.752,4.6739,0.0,0.909,0.0,1.0,4.6739,True,4.6739
-152555,1955.18,13.89,augtime,ema_unlocked,False,2,951.561,13.89,0.0,0.0,140.7617,0.0,0.0,0.0,1.0,140.7617,True,140.7617
152283,111.08,27.78,augtime,ema_unlocked,False,2,3122.375,27.78,0.0,0.0,3.9986,0.0,0.0,0.0,1.0,3.9986,True,3.9986
152554,1324.33,13.89,augtime,ema_unlocked,False,7,257.905,13.89,0.0,0.0,95.3441,0.0,0.0,0.0,1.0,95.3441,True,95.3441
-152284,86.71,13.89,augtime,preseed,False,1,782.061,13.89,0.0,0.0,6.2426,0.0,0.0,0.0,1.0,6.2426,True,6.2426
152589,169.33,13.89,augtime,preseed,False,0,782.061,13.89,0.0,0.0,12.1908,0.0,0.0,0.0,1.0,12.1908,False,12.1908
152284,86.49,13.89,augtime,preseed,False,0,782.061,13.89,0.0,0.0,6.2268,0.0,0.0,0.0,1.0,6.2268,False,6.2268
152594,154.5,13.89,augtime,preseed,False,1,782.061,13.89,0.0,0.0,11.1231,0.0,0.0,0.0,1.0,11.1231,True,11.1231
-152288,1604.92,27.78,augtime,preseed,False,4,2354.473,27.713,0.0,169701.504,57.9112,0.0,0.1223,0.0,1.0,57.9112,True,57.7725
152855,19.06,13.89,augtime,preseed,False,0,782.061,13.89,0.0,0.0,1.3722,0.0,0.0,0.0,1.0,1.3722,False,1.3722
152288,1601.46,27.78,augtime,ema_unlocked,False,6,866.888,27.78,0.0,0.0,57.6479,0.0,0.0,0.0,1.0,57.6479,True,57.6479
152325#0,47.97,13.89,augtime,preseed,False,4,1051.716,13.89,0.0,0.0,3.4536,0.0,0.0,0.0,1.0,3.4536,True,3.4536
-152289,383.22,13.89,augtime,preseed,False,0,782.061,13.89,0.0,0.0,27.5896,0.0,0.0,0.0,1.0,27.5896,False,27.5896
152662,72.83,13.89,augtime,preseed,False,0,782.061,13.89,0.0,0.0,5.2433,0.0,0.0,0.0,1.0,5.2433,False,5.2433
-152762,193.78,13.89,augtime,preseed,False,0,782.061,13.89,0.0,0.0,13.951,0.0,0.0,0.0,1.0,13.951,False,13.951
152289,386.42,13.89,augtime,preseed,False,2,782.061,13.89,0.0,0.0,27.82,0.0,0.0,0.0,1.0,27.82,True,27.82
-152761,58.65,13.89,augtime,ema_unlocked,False,7,2258.158,13.89,0.0,0.0,4.2225,0.0,0.0,0.0,1.0,4.2225,True,4.2225
152290,307.16,22.22,augtime,preseed,False,2,1592.528,22.22,0.0,0.0,13.8236,0.0,0.0,0.0,1.0,13.8236,True,13.8236
-152291,72.49,22.22,augtime,ema_unlocked,False,7,1476.553,22.22,0.0,0.0,3.2624,0.0,0.0,0.0,1.0,3.2624,True,3.2624
152761,58.65,13.89,augtime,preseed,False,0,782.061,13.89,0.0,0.0,4.2225,0.0,0.0,0.0,1.0,4.2225,False,4.2225
-152800,101.64,13.89,augtime,ema_unlocked,False,7,628.326,13.89,0.0,5060.927,7.3175,0.0,0.0504,0.0,1.0,7.3175,True,7.3175
152291,72.75,22.22,augtime,preseed,False,1,1791.889,22.22,0.0,0.0,3.2741,0.0,0.0,0.0,1.0,3.2741,True,3.2741
-152292,44.66,22.22,augtime,ema_unlocked,False,7,1862.095,22.22,0.0,0.0,2.0099,0.0,0.0,0.0,1.0,2.0099,True,2.0099
152800,102.62,13.89,augtime,preseed,False,1,782.128,13.89,0.0,0.0,7.388,0.0,0.0,0.0,1.0,7.388,True,7.388
-152794,68.13,13.89,augtime,ema_unlocked,False,7,957.907,13.89,0.0,4780.706,4.905,0.0,0.0087,0.0,1.0,4.905,True,4.905
152292,44.69,22.22,augtime,preseed,False,1,1745.475,22.22,0.0,0.0,2.0113,0.0,0.0,0.0,1.0,2.0113,True,2.0113
-152293,101.89,22.22,augtime,preseed,False,1,1738.145,22.22,0.0,0.0,4.5855,0.0,0.0,0.0,1.0,4.5855,True,4.5855
152385,42.44,13.89,augtime,ema_unlocked,False,7,650.073,13.89,0.0,0.0,3.0554,0.0,0.0,0.0,1.0,3.0554,True,3.0554
152293,102.13,22.22,augtime,ema_unlocked,False,7,2067.082,22.22,0.0,0.0,4.5963,0.0,0.0,0.0,1.0,4.5963,True,4.5963
152794,67.6,13.89,augtime,preseed,False,1,755.331,13.89,0.0,0.0,4.8668,0.0,0.0,0.0,1.0,4.8668,True,4.8668
-152298,124.48,13.89,augtime,preseed,False,2,762.68,13.89,0.0,0.0,8.9618,0.0,0.0,0.0,1.0,8.9618,True,8.9618
-152646,29.04,13.89,augtime,preseed,False,1,655.992,13.89,0.0,0.0,2.0907,0.0,0.0,0.0,1.0,2.0907,True,2.0907
-152873#3,30.09,13.89,augtime,preseed,False,0,782.061,13.89,0.0,0.0,2.1663,0.0,0.0,0.0,1.0,2.1663,False,2.1663
152298,125.31,13.89,augtime,preseed,False,1,784.019,13.88,0.0005,7801.622,9.028,0.0,0.0511,0.0,1.0,9.028,True,9.0216
-152299,43.57,22.22,augtime,preseed,False,3,1836.664,22.22,0.0,0.0,1.9608,0.0,0.0,0.0,1.0,1.9608,True,1.9608
-152898#2,181.07,13.89,augtime,preseed,False,2,679.49,13.89,0.0,0.0,13.036,0.0,0.0,0.0,1.0,13.036,True,13.036
152299,43.57,22.22,augtime,preseed,False,1,1541.858,22.22,0.0,0.0,1.9608,0.0,0.0,0.0,1.0,1.9608,True,1.9608
152857,64.34,13.89,augtime,preseed,False,3,796.257,13.659,0.0012,0.0,4.7106,0.0,0.0,0.0,1.0,4.7106,True,4.6321
-152300,65.91,27.78,augtime,preseed,False,1,2281.462,27.78,0.0,0.0,2.3726,0.0,0.0,0.0,1.0,2.3726,True,2.3726
-152892#1,174.69,13.89,augtime,preseed,False,2,782.061,13.89,0.0,0.0,12.5767,0.0,0.0,0.0,1.0,12.5767,True,12.5767
152300,65.91,27.78,augtime,preseed,False,2,2281.462,27.78,0.0,0.0,2.3726,0.0,0.0,0.0,1.0,2.3726,True,2.3726
152891#0,198.23,13.89,augtime,preseed,False,1,782.061,13.89,0.0,0.0,14.2714,0.0,0.0,0.0,1.0,14.2714,True,14.2714
-152302,26.57,27.78,augtime,ema_unlocked,False,10,5481.671,27.78,0.0,10491.599,0.9564,0.0,0.5006,0.0,1.0,0.9564,True,0.9564
153342,43.54,13.89,augtime,ema_unlocked,False,9,2416.849,13.659,0.0004,8203.948,3.1878,0.0,0.0324,0.0,1.0,3.1878,True,3.1346
-153477#1,644.89,13.89,augtime,ema_unlocked,False,10,533.489,13.89,0.0,0.0,46.4284,0.0,0.0,0.0,1.0,46.4284,True,46.4284
152302,26.59,27.78,augtime,ema_unlocked,False,9,212.775,27.78,0.0,0.0,0.9572,0.0,0.0,0.0,1.0,0.9572,True,0.9572
-152303,42.53,27.78,augtime,ema_unlocked,False,10,2759.191,27.78,0.0,0.0,1.531,0.0,0.0,0.0,1.0,1.531,True,1.531
-153476#26,370.55,13.89,augtime,ema_unlocked,False,7,373.948,13.649,0.0002,11670.536,27.1482,0.0,0.0748,0.0,1.0,27.1482,True,26.6775
-153342,45.01,13.89,augtime,ema_unlocked,False,10,171.005,13.89,0.0,0.0,3.2405,0.0,0.0,0.0,1.0,3.2405,True,3.2405
152303,42.5,27.78,augtime,ema_unlocked,False,9,2536.431,27.116,0.0018,7287.605,1.5673,0.0,0.4166,0.0,1.0,1.5673,True,1.5299
-152304,617.11,27.78,augtime,ema_unlocked,False,10,1219.034,27.725,0.0002,40997.779,22.2581,0.0,0.2555,0.0,1.0,22.2581,True,22.2142
152927,773.05,13.89,augtime,ema_unlocked,False,10,968.105,13.616,0.0002,61591.784,56.7757,0.0,0.0603,0.0,1.0,56.7757,True,55.6551
-153478,542.5,13.89,augtime,ema_unlocked,False,10,422.235,13.89,0.0,0.0,39.0569,0.0,0.0,0.0,1.0,39.0569,True,39.0569
152304,616.71,27.78,augtime,ema_unlocked,False,10,2410.269,27.78,0.0,0.0,22.1998,0.0,0.0,0.0,1.0,22.1998,True,22.1998
-152305,13.55,13.89,augtime,ema_unlocked,False,5,328.702,13.89,0.0,1340.319,0.9755,0.0,1.0,0.0,1.0,0.9755,True,0.9755
152312#0,5.92,22.22,augtime,ema_unlocked,False,6,1583.73,22.22,0.0,2059.901,0.2664,0.0,1.0,0.0,1.0,0.2664,True,0.2664
-152831#2,80.59,13.89,augtime,ema_unlocked,False,5,309.153,13.89,0.0,0.0,5.802,0.0,0.0,0.0,1.0,5.802,True,5.802
152305,13.06,13.89,augtime,ema_unlocked,False,6,876.024,13.89,0.0,0.0,0.9402,0.0,0.0,0.0,1.0,0.9402,True,0.9402
152960#5,8.43,13.89,augtime,ema_unlocked,False,4,1678.461,13.89,0.0,0.0,0.6069,0.0,0.0,0.0,1.0,0.6069,True,0.6069
-152307,73.48,27.78,augtime,preseed,False,1,2281.462,27.78,0.0,0.0,2.6451,0.0,0.0,0.0,1.0,2.6451,True,2.6451
-153372#4,38.92,13.89,augtime,preseed,False,3,734.096,13.869,0.0003,2176.659,2.8062,0.0,0.0283,0.0,1.0,2.8062,True,2.802
-152565,18.35,13.89,augtime,preseed,False,1,782.061,13.89,0.0,0.0,1.3211,0.0,0.0,0.0,1.0,1.3211,True,1.3211
152307,73.68,27.78,augtime,preseed,False,3,2014.228,27.78,0.0,7807.987,2.6523,0.0,0.2308,0.0,1.0,2.6523,True,2.6523
-152308,102.27,27.78,augtime,ema_unlocked,False,10,2682.132,27.78,0.0,0.0,3.6814,0.0,0.0,0.0,1.0,3.6814,True,3.6814
152281,1576.87,27.78,augtime,ema_unlocked,False,10,2782.115,27.757,0.0,92743.955,56.8102,0.0,0.0,0.0,1.0,56.8102,True,56.7628
152308,104.23,27.78,augtime,ema_unlocked,False,5,1724.137,27.78,0.0,12293.597,3.752,0.0,0.4502,0.0,1.0,3.752,True,3.752
-152309,232.46,22.22,augtime,ema_unlocked,False,10,1292.301,22.22,0.0,0.0,10.4617,0.0,0.0,0.0,1.0,10.4617,True,10.4617
152309,232.96,22.22,augtime,ema_unlocked,False,5,1690.284,22.22,0.0,0.0,10.4842,0.0,0.0,0.0,1.0,10.4842,True,10.4842
152318#1,20.11,27.78,augtime,ema_unlocked,False,10,865.442,26.854,0.0035,4216.953,0.7489,0.0,1.0,0.0,1.0,0.7489,True,0.7239
-152313,62.54,13.89,augtime,preseed,False,0,782.061,13.89,0.0,0.0,4.5025,0.0,0.0,0.0,1.0,4.5025,False,4.5025
-153491#2,1.1,13.89,augtime,preseed,False,0,782.061,13.89,0.0,0.0,0.0792,0.0,0.0,0.0,1.0,0.0792,False,0.0792
153491#3,188.44,13.89,augtime,preseed,False,0,782.061,13.89,0.0,0.0,13.5666,0.0,0.0,0.0,1.0,13.5666,False,13.5666
-152592,38.79,13.89,augtime,preseed,False,0,782.061,13.89,0.0,0.0,2.7927,0.0,0.0,0.0,1.0,2.7927,False,2.7927
152313,58.83,13.89,augtime,preseed,False,0,782.061,13.89,0.0,0.0,4.2354,0.0,0.0,0.0,1.0,4.2354,False,4.2354
-152319,79.79,13.89,augtime,preseed,False,2,931.228,13.89,0.0,0.0,5.7444,0.0,0.0,0.0,1.0,5.7444,True,5.7444
-152615#2,60.29,13.89,augtime,preseed,False,2,557.35,13.89,0.0,0.0,4.3405,0.0,0.0,0.0,1.0,4.3405,True,4.3405
-152965#1,11.54,13.89,augtime,preseed,False,0,782.061,13.89,0.0,0.0,0.8308,0.0,0.0,0.0,1.0,0.8308,False,0.8308
152319,90.68,13.89,augtime,preseed,False,2,815.836,13.89,0.0,0.0,6.5284,0.0,0.0,0.0,1.0,6.5284,True,6.5284
-152321,169.16,13.89,augtime,preseed,False,0,782.061,13.89,0.0,0.0,12.1785,0.0,0.0,0.0,1.0,12.1785,False,12.1785
152496,338.75,13.89,augtime,preseed,False,0,782.061,13.89,0.0,0.0,24.388,0.0,0.0,0.0,1.0,24.388,False,24.388
-152915,538.17,13.89,augtime,preseed,False,0,782.061,13.89,0.0,0.0,38.7451,0.0,0.0,0.0,1.0,38.7451,False,38.7451
152321,170.86,13.89,augtime,preseed,False,0,782.061,13.89,0.0,0.0,12.3009,0.0,0.0,0.0,1.0,12.3009,False,12.3009
-152330#0,782.42,13.89,augtime,ema_unlocked,False,10,1172.811,13.89,0.0,0.0,56.3297,0.0,0.0,0.0,1.0,56.3297,True,56.3297
-153479#11,125.67,13.89,augtime,preseed,False,1,782.061,13.89,0.0,0.0,9.0475,0.0,0.0,0.0,1.0,9.0475,True,9.0475
152330#1,127.16,13.89,augtime,ema_unlocked,False,9,310.556,13.89,0.0,0.0,9.1548,0.0,0.0,0.0,1.0,9.1548,True,9.1548
152404#0,39.48,13.89,augtime,preseed,False,0,782.061,13.89,0.0,0.0,2.8423,0.0,0.0,0.0,1.0,2.8423,False,2.8423
-152409#3,472.63,13.89,augtime,preseed,False,3,862.316,13.89,0.0,0.0,34.0266,0.0,0.0,0.0,1.0,34.0266,True,34.0266
152330#0,781.23,13.89,augtime,observed,True,8,335.553,13.89,0.0,0.0,56.2441,0.0,0.0,0.0,1.0,56.2441,True,56.2441
153637,1024.03,13.89,augtime,ema_unlocked,False,10,1250.742,13.111,0.0012,103015.634,78.103,0.0,0.0273,0.0,1.0,78.103,True,73.7243
-152330#1,121.97,13.89,augtime,ema_unlocked,False,10,1055.78,13.89,0.0,0.0,8.7811,0.0,0.0,0.0,1.0,8.7811,True,8.7811
152330#2,326.59,13.89,augtime,ema_unlocked,False,9,267.24,13.651,0.0004,8159.033,23.924,0.0,0.1381,0.0,1.0,23.924,True,23.5126
153468#0,17.14,13.89,augtime,preseed,False,0,782.061,13.89,0.0,0.0,1.234,0.0,0.0,0.0,1.0,1.234,False,1.234
-152330#2,317.81,13.89,augtime,ema_unlocked,False,10,1305.176,13.442,0.0005,31558.61,23.6426,0.0,0.0114,0.0,1.0,23.6426,True,22.8805
152330#3,53.55,13.89,augtime,ema_unlocked,False,9,188.465,13.89,0.0,662.09,3.8553,0.0,0.0,0.0,1.0,3.8553,True,3.8553
-152330#3,51.34,13.89,augtime,ema_unlocked,False,10,1342.214,13.659,0.0004,5302.647,3.7588,0.0,0.0255,0.0,1.0,3.7588,True,3.6962
152330#4,75.77,13.89,augtime,ema_unlocked,False,10,323.224,13.89,0.0,0.0,5.455,0.0,0.0,0.0,1.0,5.455,True,5.455
152407,83.59,13.89,augtime,preseed,False,1,748.223,13.89,0.0,0.0,6.018,0.0,0.0,0.0,1.0,6.018,True,6.018
-152330#4,75.05,13.89,augtime,ema_unlocked,False,10,1116.359,13.427,0.001,7090.515,5.5895,0.0,0.0682,0.0,1.0,5.5895,True,5.4032
152330#5,96.46,13.89,augtime,ema_unlocked,False,10,321.165,13.659,0.0001,0.0,7.0623,0.0,0.0,0.0,1.0,7.0623,True,6.9446
-152332,39.17,13.89,augtime,preseed,False,0,782.061,13.89,0.0,0.0,2.82,0.0,0.0,0.0,1.0,2.82,False,2.82
-152931#3,180.99,13.89,augtime,preseed,False,1,782.061,13.89,0.0,0.0,13.0302,0.0,0.0,0.0,1.0,13.0302,True,13.0302
152467,39.25,13.89,augtime,preseed,False,0,782.061,13.89,0.0,0.0,2.8258,0.0,0.0,0.0,1.0,2.8258,False,2.8258
152931#4,189.41,13.89,augtime,preseed,False,0,782.061,13.89,0.0,0.0,13.6364,0.0,0.0,0.0,1.0,13.6364,False,13.6364
153489#1,14.44,13.89,augtime,preseed,False,0,782.061,13.89,0.0,0.0,1.0396,0.0,0.0,0.0,1.0,1.0396,False,1.0396
-152333,4.45,13.89,augtime,preseed,False,0,782.061,13.89,0.0,0.0,0.3204,0.0,0.0,0.0,1.0,0.3204,False,0.3204
-152787#2,8.06,13.89,augtime,preseed,False,0,782.061,13.89,0.0,0.0,0.5803,0.0,0.0,0.0,1.0,0.5803,False,0.5803
152762,195.92,13.89,augtime,preseed,False,2,782.061,13.89,0.0,0.0,14.1051,0.0,0.0,0.0,1.0,14.1051,True,14.1051
-153548#1,7.9,13.89,augtime,preseed,False,0,782.061,13.89,0.0,0.0,0.5688,0.0,0.0,0.0,1.0,0.5688,False,0.5688
152333,4.45,13.89,augtime,preseed,False,0,782.061,13.89,0.0,0.0,0.3204,0.0,0.0,0.0,1.0,0.3204,False,0.3204
153548#2,89.6,13.89,augtime,preseed,False,0,782.061,13.89,0.0,0.0,6.4507,0.0,0.0,0.0,1.0,6.4507,False,6.4507
-152335,198.13,13.89,augtime,preseed,False,0,782.061,13.89,0.0,0.0,14.2642,0.0,0.0,0.0,1.0,14.2642,False,14.2642
-153355#3,346.11,13.89,augtime,preseed,False,0,782.061,13.89,0.0,0.0,24.9179,0.0,0.0,0.0,1.0,24.9179,False,24.9179
153355#4,158.6,13.89,augtime,preseed,False,0,782.061,13.89,0.0,0.0,11.4183,0.0,0.0,0.0,1.0,11.4183,False,11.4183
-153355#2,11.25,13.89,augtime,preseed,False,0,782.061,13.89,0.0,0.0,0.8099,0.0,0.0,0.0,1.0,0.8099,False,0.8099
152334,216.98,13.89,augtime,preseed,False,0,782.061,13.89,0.0,0.0,15.6213,0.0,0.0,0.0,1.0,15.6213,False,15.6213
153355#3,344.0,13.89,augtime,preseed,False,0,782.061,13.89,0.0,0.0,24.766,0.0,0.0,0.0,1.0,24.766,False,24.766
-152336,111.5,13.89,augtime,preseed,False,0,782.061,13.89,0.0,0.0,8.0274,0.0,0.0,0.0,1.0,8.0274,False,8.0274
-153354#1,66.39,13.89,augtime,ema_unlocked,False,2,96.118,13.89,0.0,546.728,4.7797,0.0,0.095,0.0,1.0,4.7797,True,4.7797
152336,99.99,13.89,augtime,preseed,False,0,782.061,13.89,0.0,0.0,7.1987,0.0,0.0,0.0,1.0,7.1987,False,7.1987
153354#2,324.7,13.89,augtime,ema_unlocked,False,1,1398.503,13.89,0.0,0.0,23.3765,0.0,0.0,0.0,1.0,23.3765,True,23.3765
-152337,121.88,13.89,augtime,preseed,False,0,782.061,13.89,0.0,0.0,8.7747,0.0,0.0,0.0,1.0,8.7747,False,8.7747
-153354#0,44.02,13.89,augtime,ema_unlocked,False,2,1191.823,13.89,0.0,0.0,3.1692,0.0,0.0,0.0,1.0,3.1692,True,3.1692
152337,115.61,13.89,augtime,preseed,False,0,782.061,13.89,0.0,0.0,8.3233,0.0,0.0,0.0,1.0,8.3233,False,8.3233
153354#1,66.83,13.89,augtime,ema_unlocked,False,1,2046.203,13.89,0.0,0.0,4.8114,0.0,0.0,0.0,1.0,4.8114,True,4.8114
-152338,46.71,13.89,augtime,preseed,False,0,782.061,13.89,0.0,0.0,3.3629,0.0,0.0,0.0,1.0,3.3629,False,3.3629
-153361#1,228.97,13.89,augtime,preseed,False,0,782.061,13.89,0.0,0.0,16.4845,0.0,0.0,0.0,1.0,16.4845,False,16.4845
152338,52.7,13.89,augtime,preseed,False,0,782.061,13.89,0.0,0.0,3.7941,0.0,0.0,0.0,1.0,3.7941,False,3.7941
153361#2,18.09,13.89,augtime,preseed,False,0,782.061,13.89,0.0,0.0,1.3024,0.0,0.0,0.0,1.0,1.3024,False,1.3024
-152339,33.8,13.89,augtime,preseed,False,0,782.061,13.89,0.0,0.0,2.4334,0.0,0.0,0.0,1.0,2.4334,False,2.4334
-153367#0,61.06,13.89,augtime,preseed,False,0,782.061,13.89,0.0,0.0,4.396,0.0,0.0,0.0,1.0,4.396,False,4.396
152339,37.43,13.89,augtime,preseed,False,0,782.061,13.89,0.0,0.0,2.6947,0.0,0.0,0.0,1.0,2.6947,False,2.6947
153367#1,170.35,13.89,augtime,preseed,False,0,782.061,13.89,0.0,0.0,12.2642,0.0,0.0,0.0,1.0,12.2642,False,12.2642
-152340,73.68,13.89,augtime,preseed,False,0,782.061,13.89,0.0,0.0,5.3045,0.0,0.0,0.0,1.0,5.3045,False,5.3045
-153381#0,150.18,13.89,augtime,preseed,False,0,782.061,13.89,0.0,0.0,10.8121,0.0,0.0,0.0,1.0,10.8121,False,10.8121
152340,74.79,13.89,augtime,preseed,False,0,782.061,13.89,0.0,0.0,5.3844,0.0,0.0,0.0,1.0,5.3844,False,5.3844
153381#1,205.47,13.89,augtime,preseed,False,1,782.061,13.89,0.0,0.0,14.7927,0.0,0.0,0.0,1.0,14.7927,True,14.7927
-152341,52.06,13.89,augtime,preseed,False,0,782.061,13.89,0.0,0.0,3.748,0.0,0.0,0.0,1.0,3.748,False,3.748
-152972#1,203.64,13.89,augtime,preseed,False,0,782.061,13.89,0.0,0.0,14.6609,0.0,0.0,0.0,1.0,14.6609,False,14.6609
152341,49.85,13.89,augtime,preseed,False,0,782.061,13.89,0.0,0.0,3.5889,0.0,0.0,0.0,1.0,3.5889,False,3.5889
152972#2,59.11,13.89,augtime,preseed,False,0,782.061,13.89,0.0,0.0,4.2556,0.0,0.0,0.0,1.0,4.2556,False,4.2556
-152342,204.66,13.89,augtime,preseed,False,0,782.061,13.89,0.0,0.0,14.7343,0.0,0.0,0.0,1.0,14.7343,False,14.7343
-153388#1,346.3,13.89,augtime,preseed,False,1,782.061,13.89,0.0,0.0,24.9316,0.0,0.0,0.0,1.0,24.9316,True,24.9316
152343,192.95,13.89,augtime,preseed,False,0,782.061,13.89,0.0,0.0,13.8913,0.0,0.0,0.0,1.0,13.8913,False,13.8913
152474#0,189.47,13.89,augtime,preseed,False,0,782.061,13.89,0.0,0.0,13.6407,0.0,0.0,0.0,1.0,13.6407,False,13.6407
153388#2,105.64,13.89,augtime,preseed,False,0,782.061,13.89,0.0,0.0,7.6055,0.0,0.0,0.0,1.0,7.6055,False,7.6055
-152347#0,193.33,13.89,augtime,preseed,False,0,782.061,13.89,0.0,0.0,13.9186,0.0,0.0,0.0,1.0,13.9186,False,13.9186
152347#1,197.16,13.89,augtime,preseed,False,2,782.061,13.89,0.0,0.0,14.1944,0.0,0.0,0.0,1.0,14.1944,True,14.1944
152460,117.57,13.89,augtime,preseed,False,2,736.872,13.89,0.0,0.0,8.4644,0.0,0.0,0.0,1.0,8.4644,True,8.4644
-152349,32.83,13.89,augtime,preseed,False,2,799.268,13.89,0.0,0.0,2.3636,0.0,0.0,0.0,1.0,2.3636,True,2.3636
152582#1,17.95,13.89,augtime,preseed,False,2,546.817,13.89,0.0,0.0,1.2923,0.0,0.0,0.0,1.0,1.2923,True,1.2923
-152582#0,99.42,13.89,augtime,ema_unlocked,False,5,882.856,13.89,0.0,0.0,7.1577,0.0,0.0,0.0,1.0,7.1577,True,7.1577
-152582#1,18.31,13.89,augtime,ema_unlocked,False,6,637.561,13.659,0.0004,0.0,1.3406,0.0,0.0,0.0,1.0,1.3406,True,1.3182
152349,50.36,13.89,augtime,preseed,False,0,782.061,13.89,0.0,0.0,3.6256,0.0,0.0,0.0,1.0,3.6256,False,3.6256
-152590#2,43.62,13.89,augtime,preseed,False,2,782.061,13.89,0.0,0.0,3.1404,0.0,0.0,0.0,1.0,3.1404,True,3.1404
152582#2,135.01,13.89,augtime,ema_unlocked,False,4,280.203,13.852,0.0007,9123.873,9.7469,0.0,1.0,0.0,1.0,9.7469,True,9.7199
-152351,221.16,13.89,augtime,preseed,False,0,782.061,13.89,0.0,0.0,15.9222,0.0,0.0,0.0,1.0,15.9222,False,15.9222
-153381#6,207.58,13.89,augtime,preseed,False,0,782.061,13.659,0.0001,0.0,15.1979,0.0,0.0,0.0,1.0,15.1979,False,14.9446
153381#7,243.17,13.89,augtime,preseed,False,1,782.061,13.89,0.0,0.0,17.5068,0.0,0.0,0.0,1.0,17.5068,True,17.5068
-152442,207.83,13.89,augtime,preseed,False,0,782.061,13.89,0.0,0.0,14.9626,0.0,0.0,0.0,1.0,14.9626,False,14.9626
-152352#0,46.49,13.89,augtime,preseed,False,0,782.061,13.89,0.0,0.0,3.347,0.0,0.0,0.0,1.0,3.347,False,3.347
152352#1,36.58,13.89,augtime,preseed,False,0,782.061,13.89,0.0,0.0,2.6335,0.0,0.0,0.0,1.0,2.6335,False,2.6335
152539#0,58.06,13.89,augtime,preseed,False,0,782.061,13.89,0.0,0.0,4.18,0.0,0.0,0.0,1.0,4.18,False,4.18
152352#0,46.17,13.89,augtime,preseed,False,0,782.061,13.89,0.0,0.0,3.324,0.0,0.0,0.0,1.0,3.324,False,3.324
-152352#1,47.05,13.89,augtime,preseed,False,0,782.061,13.89,0.0,0.0,3.3873,0.0,0.0,0.0,1.0,3.3873,False,3.3873
-152599,26.12,13.89,augtime,preseed,False,0,782.061,13.89,0.0,0.0,1.8805,0.0,0.0,0.0,1.0,1.8805,False,1.8805
152352#2,13.84,13.89,augtime,preseed,False,0,782.061,13.89,0.0,0.0,0.9964,0.0,0.0,0.0,1.0,0.9964,False,0.9964
-152352#2,13.26,13.89,augtime,preseed,False,0,782.061,13.89,0.0,0.0,0.9546,0.0,0.0,0.0,1.0,0.9546,False,0.9546
-152539#0,49.44,13.89,augtime,preseed,False,0,782.061,13.89,0.0,0.0,3.5594,0.0,0.0,0.0,1.0,3.5594,False,3.5594
152539#1,168.78,13.89,augtime,preseed,False,0,782.061,13.89,0.0,0.0,12.1512,0.0,0.0,0.0,1.0,12.1512,False,12.1512
-152354#0,122.11,13.89,augtime,preseed,False,1,807.07,13.89,0.0,0.0,8.7912,0.0,0.0,0.0,1.0,8.7912,True,8.7912
152354#1,160.51,13.89,augtime,preseed,False,2,782.061,13.89,0.0,0.0,11.5558,0.0,0.0,0.0,1.0,11.5558,True,11.5558
152354#0,118.75,13.89,augtime,preseed,False,0,782.061,13.89,0.0,0.0,8.5493,0.0,0.0,0.0,1.0,8.5493,False,8.5493
-152355#0,7.92,13.89,augtime,preseed,False,0,782.061,13.89,0.0,0.0,0.5702,0.0,0.0,0.0,1.0,0.5702,False,0.5702
152355#1,24.49,13.89,augtime,preseed,False,0,782.061,13.89,0.0,0.0,1.7631,0.0,0.0,0.0,1.0,1.7631,False,1.7631
-152355#1,22.28,13.89,augtime,preseed,False,0,782.061,13.89,0.0,0.0,1.604,0.0,0.0,0.0,1.0,1.604,False,1.604
-152357,143.39,13.89,augtime,preseed,False,0,782.061,13.89,0.0,0.0,10.3233,0.0,0.0,0.0,1.0,10.3233,False,10.3233
-152626#0,66.64,13.89,augtime,preseed,False,0,782.061,13.89,0.0,0.0,4.7977,0.0,0.0,0.0,1.0,4.7977,False,4.7977
152357,131.95,13.89,augtime,preseed,False,0,782.061,13.89,0.0,0.0,9.4996,0.0,0.0,0.0,1.0,9.4996,False,9.4996
152626#1,134.59,13.89,augtime,preseed,False,0,782.061,13.89,0.0,0.0,9.6897,0.0,0.0,0.0,1.0,9.6897,False,9.6897
-152358,32.37,13.89,augtime,preseed,False,0,782.061,13.89,0.0,0.0,2.3305,0.0,0.0,0.0,1.0,2.3305,False,2.3305
-153391#0,277.74,13.89,augtime,preseed,False,4,839.62,13.89,0.0,0.0,19.9957,0.0,0.0,0.0,1.0,19.9957,True,19.9957
153391#1,190.98,13.89,augtime,ema_unlocked,False,5,114.344,13.862,0.0004,2414.02,13.7768,0.0,0.2662,0.0,1.0,13.7768,True,13.7495
152358,31.57,13.89,augtime,preseed,False,0,782.061,13.89,0.0,0.0,2.2729,0.0,0.0,0.0,1.0,2.2729,False,2.2729
-152359,83.18,13.89,augtime,preseed,False,0,782.061,13.89,0.0,0.0,5.9885,0.0,0.0,0.0,1.0,5.9885,False,5.9885
-153490#1,230.6,13.89,augtime,preseed,False,0,782.061,13.89,0.0,0.0,16.6019,0.0,0.0,0.0,1.0,16.6019,False,16.6019
152359,77.23,13.89,augtime,preseed,False,0,782.061,13.89,0.0,0.0,5.5601,0.0,0.0,0.0,1.0,5.5601,False,5.5601
153490#2,38.86,13.89,augtime,preseed,False,1,782.061,13.89,0.0,0.0,2.7977,0.0,0.0,0.0,1.0,2.7977,True,2.7977
-152360,352.1,13.89,augtime,preseed,False,0,782.061,13.89,0.0,0.0,25.3492,0.0,0.0,0.0,1.0,25.3492,False,25.3492
-152750#7,134.49,13.89,augtime,preseed,False,0,782.061,13.89,0.0,0.0,9.6825,0.0,0.0,0.0,1.0,9.6825,False,9.6825
152750#8,268.64,13.89,augtime,preseed,False,0,782.061,13.89,0.0,0.0,19.3405,0.0,0.0,0.0,1.0,19.3405,False,19.3405
152360,348.99,13.89,augtime,preseed,False,0,782.061,13.89,0.0,0.0,25.1253,0.0,0.0,0.0,1.0,25.1253,False,25.1253
-152361,40.69,13.89,augtime,preseed,False,1,782.061,13.89,0.0,0.0,2.9294,0.0,0.0,0.0,1.0,2.9294,True,2.9294
-152480,476.93,13.89,augtime,preseed,False,0,782.061,13.89,0.0,0.0,34.3362,0.0,0.0,0.0,1.0,34.3362,False,34.3362
152534#4,255.62,13.89,augtime,preseed,False,3,754.91,13.89,0.0,14722.139,18.4032,0.0,0.0299,0.0,1.0,18.4032,True,18.4032
152535#4,257.92,13.89,augtime,observed,True,0,640.967,13.659,0.0,0.0,18.8835,0.0,0.0,0.0,1.0,18.8835,False,18.5688
152361,40.62,13.89,augtime,preseed,False,1,782.061,13.89,0.0,0.0,2.9244,0.0,0.0,0.0,1.0,2.9244,True,2.9244
-152364,42.91,13.89,augtime,preseed,False,0,782.061,13.89,0.0,0.0,3.0893,0.0,0.0,0.0,1.0,3.0893,False,3.0893
-152652#0,11.15,13.89,augtime,preseed,False,2,782.061,13.89,0.0,0.0,0.8027,0.0,0.0,0.0,1.0,0.8027,True,0.8027
152364,35.86,13.89,augtime,preseed,False,0,782.061,13.89,0.0,0.0,2.5817,0.0,0.0,0.0,1.0,2.5817,False,2.5817
152652#1,162.04,13.89,augtime,preseed,False,1,802.647,13.89,0.0,0.0,11.6659,0.0,0.0,0.0,1.0,11.6659,True,11.6659
-152367,90.44,13.89,augtime,preseed,False,0,782.061,13.89,0.0,0.0,6.5112,0.0,0.0,0.0,1.0,6.5112,False,6.5112
-153404#3,82.9,13.89,augtime,preseed,False,3,687.551,13.89,0.0,0.0,5.9683,0.0,0.0,0.0,1.0,5.9683,True,5.9683
152367,85.18,13.89,augtime,preseed,False,0,782.061,13.89,0.0,0.0,6.1325,0.0,0.0,0.0,1.0,6.1325,False,6.1325
153404#4,12.17,13.89,augtime,preseed,False,1,858.871,13.89,0.0,0.0,0.8762,0.0,0.0,0.0,1.0,0.8762,True,0.8762
-152368,66.72,13.89,augtime,preseed,False,0,782.061,13.89,0.0,0.0,4.8035,0.0,0.0,0.0,1.0,4.8035,False,4.8035
-153327#11,122.63,13.89,augtime,preseed,False,0,782.061,13.89,0.0,0.0,8.8287,0.0,0.0,0.0,1.0,8.8287,False,8.8287
152368,58.53,13.89,augtime,preseed,False,0,782.061,13.89,0.0,0.0,4.2138,0.0,0.0,0.0,1.0,4.2138,False,4.2138
153327#12,219.27,13.89,augtime,preseed,False,3,782.061,13.89,0.0,0.0,15.7862,0.0,0.0,0.0,1.0,15.7862,True,15.7862
-152370#0,59.45,13.89,augtime,preseed,False,0,782.061,13.89,0.0,0.0,4.2801,0.0,0.0,0.0,1.0,4.2801,False,4.2801
152370#1,58.83,13.89,augtime,preseed,False,0,782.061,13.89,0.0,0.0,4.2354,0.0,0.0,0.0,1.0,4.2354,False,4.2354
152482,39.77,13.89,augtime,preseed,False,0,782.061,13.89,0.0,0.0,2.8632,0.0,0.0,0.0,1.0,2.8632,False,2.8632
-153440#5,38.11,13.89,augtime,preseed,False,2,782.061,13.89,0.0,0.0,2.7437,0.0,0.0,0.0,1.0,2.7437,True,2.7437
152370#0,58.47,13.89,augtime,preseed,False,0,782.061,13.89,0.0,0.0,4.2095,0.0,0.0,0.0,1.0,4.2095,False,4.2095
153440#6,26.8,13.89,augtime,preseed,False,2,784.538,13.89,0.0,0.0,1.9294,0.0,0.0,0.0,1.0,1.9294,True,1.9294
-152370#1,47.17,13.89,augtime,preseed,False,0,782.061,13.89,0.0,0.0,3.396,0.0,0.0,0.0,1.0,3.396,False,3.396
-152371,79.06,13.89,augtime,preseed,False,0,782.061,13.89,0.0,0.0,5.6919,0.0,0.0,0.0,1.0,5.6919,False,5.6919
-153421#0,214.04,13.89,augtime,preseed,False,0,782.061,13.89,0.0,0.0,15.4096,0.0,0.0,0.0,1.0,15.4096,False,15.4096
152371,89.1,13.89,augtime,preseed,False,0,782.061,13.89,0.0,0.0,6.4147,0.0,0.0,0.0,1.0,6.4147,False,6.4147
153421#1,54.99,13.89,augtime,preseed,False,0,782.061,13.89,0.0,0.0,3.959,0.0,0.0,0.0,1.0,3.959,False,3.959
-152372,68.93,13.89,augtime,preseed,False,0,782.061,13.89,0.0,0.0,4.9626,0.0,0.0,0.0,1.0,4.9626,False,4.9626
-152741#0,111.34,13.89,augtime,preseed,False,0,782.061,13.89,0.0,0.0,8.0158,0.0,0.0,0.0,1.0,8.0158,False,8.0158
152372,67.99,13.89,augtime,preseed,False,0,782.061,13.89,0.0,0.0,4.8949,0.0,0.0,0.0,1.0,4.8949,False,4.8949
152741#1,136.24,13.89,augtime,preseed,False,0,782.061,13.89,0.0,0.0,9.8085,0.0,0.0,0.0,1.0,9.8085,False,9.8085
-152373,36.72,13.89,augtime,preseed,False,0,782.061,13.89,0.0,0.0,2.6436,0.0,0.0,0.0,1.0,2.6436,False,2.6436
-153489#1,14.95,13.89,augtime,preseed,False,0,782.061,13.89,0.0,0.0,1.0763,0.0,0.0,0.0,1.0,1.0763,False,1.0763
153489#2,117.58,13.89,augtime,preseed,False,0,782.061,13.89,0.0,0.0,8.4651,0.0,0.0,0.0,1.0,8.4651,False,8.4651
152373,37.13,13.89,augtime,preseed,False,0,782.061,13.89,0.0,0.0,2.6731,0.0,0.0,0.0,1.0,2.6731,False,2.6731
-152374#0,78.99,13.89,augtime,preseed,False,0,782.061,13.89,0.0,0.0,5.6868,0.0,0.0,0.0,1.0,5.6868,False,5.6868
152374#1,63.26,13.89,augtime,preseed,False,0,782.061,13.89,0.0,0.0,4.5544,0.0,0.0,0.0,1.0,4.5544,False,4.5544
152735,41.4,13.89,augtime,preseed,False,0,782.061,13.89,0.0,0.0,2.9806,0.0,0.0,0.0,1.0,2.9806,False,2.9806
152374#0,81.06,13.89,augtime,preseed,False,0,782.061,13.89,0.0,0.0,5.8359,0.0,0.0,0.0,1.0,5.8359,False,5.8359
-152374#1,65.67,13.89,augtime,preseed,False,0,782.061,13.89,0.0,0.0,4.7279,0.0,0.0,0.0,1.0,4.7279,False,4.7279
-152740,113.94,13.89,augtime,preseed,False,0,782.061,13.89,0.0,0.0,8.203,0.0,0.0,0.0,1.0,8.203,False,8.203
152374#2,43.62,13.89,augtime,preseed,False,0,782.061,13.89,0.0,0.0,3.1404,0.0,0.0,0.0,1.0,3.1404,False,3.1404
-152374#2,48.7,13.89,augtime,preseed,False,0,782.061,13.89,0.0,0.0,3.5061,0.0,0.0,0.0,1.0,3.5061,False,3.5061
152840,5.37,13.89,augtime,preseed,False,0,782.061,13.89,0.0,0.0,0.3866,0.0,0.0,0.0,1.0,0.3866,False,0.3866
152844,71.11,13.89,augtime,preseed,False,0,782.061,13.89,0.0,0.0,5.1195,0.0,0.0,0.0,1.0,5.1195,False,5.1195
-152375,37.01,13.89,augtime,preseed,False,0,782.061,13.89,0.0,0.0,2.6645,0.0,0.0,0.0,1.0,2.6645,False,2.6645
-152378#0,49.77,13.89,augtime,preseed,False,0,782.061,13.89,0.0,0.0,3.5832,0.0,0.0,0.0,1.0,3.5832,False,3.5832
152375,46.75,13.89,augtime,preseed,False,0,782.061,13.89,0.0,0.0,3.3657,0.0,0.0,0.0,1.0,3.3657,False,3.3657
-152376,74.53,13.89,augtime,preseed,False,0,782.061,13.89,0.0,0.0,5.3657,0.0,0.0,0.0,1.0,5.3657,False,5.3657
-153451#3,44.22,13.89,augtime,ema_unlocked,False,4,1060.124,13.89,0.0,0.0,3.1836,0.0,0.0,0.0,1.0,3.1836,True,3.1836
152376,68.36,13.89,augtime,preseed,False,0,782.061,13.89,0.0,0.0,4.9215,0.0,0.0,0.0,1.0,4.9215,False,4.9215
153451#4,110.84,13.89,augtime,ema_unlocked,False,8,248.414,13.89,0.0,0.0,7.9798,0.0,0.0,0.0,1.0,7.9798,True,7.9798
-152377,86.55,13.89,augtime,preseed,False,0,782.061,13.89,0.0,0.0,6.2311,0.0,0.0,0.0,1.0,6.2311,False,6.2311
-153456#0,277.06,13.89,augtime,ema_unlocked,False,5,1916.746,13.659,0.0003,0.0,20.2848,0.0,0.0,0.0,1.0,20.2848,True,19.9467
152377,91.24,13.89,augtime,preseed,False,0,782.061,13.89,0.0,0.0,6.5688,0.0,0.0,0.0,1.0,6.5688,False,6.5688
153456#1,38.75,13.89,augtime,preseed,False,0,782.061,13.89,0.0,0.0,2.7898,0.0,0.0,0.0,1.0,2.7898,False,2.7898
-152749,140.02,13.89,augtime,preseed,False,0,782.061,13.89,0.0,0.0,10.0806,0.0,0.0,0.0,1.0,10.0806,False,10.0806
-152751#0,61.52,13.89,augtime,preseed,False,0,782.061,13.89,0.0,0.0,4.4291,0.0,0.0,0.0,1.0,4.4291,False,4.4291
152378#0,50.96,13.89,augtime,preseed,False,0,782.061,13.89,0.0,0.0,3.6688,0.0,0.0,0.0,1.0,3.6688,False,3.6688
152751#2,4.38,13.89,augtime,preseed,False,0,782.061,13.89,0.0,0.0,0.3153,0.0,0.0,0.0,1.0,0.3153,False,0.3153
-152380,312.54,13.89,augtime,preseed,False,0,782.061,13.89,0.0,0.0,22.5011,0.0,0.0,0.0,1.0,22.5011,False,22.5011
-152383#0,104.91,13.89,augtime,preseed,False,2,782.061,13.89,0.0,0.0,7.5529,0.0,0.0,0.0,1.0,7.5529,True,7.5529
152380,312.5,13.89,augtime,preseed,False,0,782.061,13.89,0.0,0.0,22.4982,0.0,0.0,0.0,1.0,22.4982,False,22.4982
152383#1,10.37,13.89,augtime,preseed,False,2,782.061,13.89,0.0,0.0,0.7466,0.0,0.0,0.0,1.0,0.7466,True,0.7466
-152381,52.26,13.89,augtime,ema_unlocked,False,6,1899.26,13.89,0.0,0.0,3.7624,0.0,0.0,0.0,1.0,3.7624,True,3.7624
-152672#2,62.73,13.89,augtime,preseed,False,5,611.57,13.659,0.0002,0.0,4.5927,0.0,0.0,0.0,1.0,4.5927,True,4.5162
-152775#0,73.2,13.89,augtime,ema_unlocked,False,3,362.152,13.89,0.0,0.0,5.27,0.0,0.0,0.0,1.0,5.27,True,5.27
152775#2,17.43,13.89,augtime,ema_unlocked,False,6,1500.486,13.89,0.0,0.0,1.2549,0.0,0.0,0.0,1.0,1.2549,True,1.2549
-152716,72.99,13.89,augtime,ema_unlocked,False,6,1063.062,13.89,0.0,7255.458,5.2549,0.0,0.1494,0.0,1.0,5.2549,True,5.2549
152381,58.09,13.89,augtime,preseed,False,6,505.513,13.89,0.0,0.0,4.1821,0.0,0.0,0.0,1.0,4.1821,True,4.1821
152665,19.83,13.89,augtime,preseed,False,2,782.061,13.89,0.0,0.0,1.4276,0.0,0.0,0.0,1.0,1.4276,True,1.4276
152781,138.93,13.89,augtime,preseed,False,1,827.679,13.89,0.0,0.0,10.0022,0.0,0.0,0.0,1.0,10.0022,True,10.0022
-152422#1,292.7,13.89,augtime,preseed,False,2,782.061,13.89,0.0,0.0,21.0727,0.0,0.0,0.0,1.0,21.0727,True,21.0727
-153553,132.07,13.89,augtime,preseed,False,0,782.061,13.89,0.0,0.0,9.5083,0.0,0.0,0.0,1.0,9.5083,False,9.5083
152383#0,101.46,13.89,augtime,preseed,False,2,782.061,13.89,0.0,0.0,7.3045,0.0,0.0,0.0,1.0,7.3045,True,7.3045
-152383#1,10.37,13.89,augtime,preseed,False,2,782.061,13.89,0.0,0.0,0.7466,0.0,0.0,0.0,1.0,0.7466,True,0.7466
-152386#0,97.15,13.89,augtime,preseed,False,0,782.061,13.89,0.0,0.0,6.9942,0.0,0.0,0.0,1.0,6.9942,False,6.9942
-152831#0,45.33,13.89,augtime,preseed,False,5,520.832,13.89,0.0,0.0,3.2635,0.0,0.0,0.0,1.0,3.2635,True,3.2635
152386#1,20.64,13.89,augtime,preseed,False,0,782.061,13.89,0.0,0.0,1.486,0.0,0.0,0.0,1.0,1.486,False,1.486
152831#1,66.09,13.89,augtime,ema_unlocked,False,3,1048.379,13.89,0.0,0.0,4.7581,0.0,0.0,0.0,1.0,4.7581,True,4.7581
152386#0,99.45,13.89,augtime,preseed,False,2,852.897,13.89,0.0,0.0,7.1598,0.0,0.0,0.0,1.0,7.1598,True,7.1598
152811,56.98,13.89,augtime,preseed,False,0,782.061,13.89,0.0,0.0,4.1022,0.0,0.0,0.0,1.0,4.1022,False,4.1022
-152386#1,20.64,13.89,augtime,preseed,False,2,782.061,13.89,0.0,0.0,1.486,0.0,0.0,0.0,1.0,1.486,True,1.486
-152783#1,27.2,13.89,augtime,preseed,False,0,782.061,13.89,0.0,0.0,1.9582,0.0,0.0,0.0,1.0,1.9582,False,1.9582
152386#2,10.83,13.89,augtime,preseed,False,0,782.061,13.89,0.0,0.0,0.7797,0.0,0.0,0.0,1.0,0.7797,False,0.7797
-152386#2,10.36,13.89,augtime,preseed,False,2,782.061,13.89,0.0,0.0,0.7459,0.0,0.0,0.0,1.0,0.7459,True,0.7459
-152784#1,29.71,13.89,augtime,preseed,False,0,782.061,13.89,0.0,0.0,2.1389,0.0,0.0,0.0,1.0,2.1389,False,2.1389
152386#3,36.53,13.89,augtime,preseed,False,1,782.061,13.89,0.0,0.0,2.6299,0.0,0.0,0.0,1.0,2.6299,True,2.6299
-152386#3,36.21,13.89,augtime,preseed,False,1,782.061,13.89,0.0,0.0,2.6069,0.0,0.0,0.0,1.0,2.6069,True,2.6069
-152390,91.17,13.89,augtime,preseed,False,0,782.061,13.89,0.0,0.0,6.5637,0.0,0.0,0.0,1.0,6.5637,False,6.5637
-153335#4,73.86,13.89,augtime,preseed,False,3,782.061,13.89,0.0,0.0,5.3175,0.0,0.0,0.0,1.0,5.3175,True,5.3175
152390,87.79,13.89,augtime,preseed,False,0,782.061,13.89,0.0,0.0,6.3204,0.0,0.0,0.0,1.0,6.3204,False,6.3204
153335#5,68.61,13.89,augtime,preseed,False,0,782.061,13.89,0.0,0.0,4.9395,0.0,0.0,0.0,1.0,4.9395,False,4.9395
-152391,24.72,13.89,augtime,preseed,False,1,782.061,13.89,0.0,0.0,1.7797,0.0,0.0,0.0,1.0,1.7797,True,1.7797
152836#2,3.77,13.89,augtime,preseed,False,1,782.061,13.89,0.0,0.0,0.2714,0.0,0.0,0.0,1.0,0.2714,True,0.2714
-152836#1,17.21,13.89,augtime,preseed,False,2,1052.684,13.89,0.0,0.0,1.239,0.0,0.0,0.0,1.0,1.239,True,1.239
-152836#2,3.62,13.89,augtime,preseed,False,2,1026.203,13.89,0.0,0.0,0.2606,0.0,0.0,0.0,1.0,0.2606,True,0.2606
152391,42.05,13.89,augtime,preseed,False,0,782.061,13.89,0.0,0.0,3.0274,0.0,0.0,0.0,1.0,3.0274,False,3.0274
152836#3,136.19,13.89,augtime,preseed,False,2,782.061,13.89,0.0,0.0,9.8049,0.0,0.0,0.0,1.0,9.8049,True,9.8049
-152392,64.63,13.89,augtime,preseed,False,1,797.485,13.89,0.0,0.0,4.653,0.0,0.0,0.0,1.0,4.653,True,4.653
-152841#0,203.09,13.89,augtime,preseed,False,0,782.061,13.89,0.0,0.0,14.6213,0.0,0.0,0.0,1.0,14.6213,False,14.6213
152841#1,304.84,13.89,augtime,preseed,False,1,874.268,13.89,0.0,0.0,21.9467,0.0,0.0,0.0,1.0,21.9467,True,21.9467
152392,61.3,13.89,augtime,preseed,False,1,819.125,13.89,0.0,0.0,4.4132,0.0,0.0,0.0,1.0,4.4132,True,4.4132
-152393,58.63,13.89,augtime,preseed,False,0,782.061,13.89,0.0,0.0,4.221,0.0,0.0,0.0,1.0,4.221,False,4.221
-153456#2,408.22,13.89,augtime,ema_unlocked,False,4,1795.136,13.849,0.0001,62211.213,29.4757,0.0,0.0879,0.0,1.0,29.4757,True,29.3895
152393,60.78,13.89,augtime,preseed,False,0,782.061,13.89,0.0,0.0,4.3758,0.0,0.0,0.0,1.0,4.3758,False,4.3758
153456#3,24.13,13.89,augtime,preseed,False,1,782.061,13.89,0.0,0.0,1.7372,0.0,0.0,0.0,1.0,1.7372,True,1.7372
-152396#1,111.18,13.89,augtime,preseed,False,1,782.061,13.89,0.0,0.0,8.0043,0.0,0.0,0.0,1.0,8.0043,True,8.0043
152396#2,114.3,13.89,augtime,preseed,False,2,702.85,13.89,0.0,0.0,8.2289,0.0,0.0,0.0,1.0,8.2289,True,8.2289
-152873#1,69.02,13.89,augtime,preseed,False,1,812.64,13.659,0.0004,8137.623,5.0533,0.0,0.4908,0.0,1.0,5.0533,True,4.969
152396#1,106.13,13.89,augtime,preseed,False,2,814.762,13.89,0.0,0.0,7.6407,0.0,0.0,0.0,1.0,7.6407,True,7.6407
152873#2,22.58,13.89,augtime,preseed,False,1,782.061,13.89,0.0,0.0,1.6256,0.0,0.0,0.0,1.0,1.6256,True,1.6256
-152396#2,115.05,13.89,augtime,preseed,False,1,782.061,13.89,0.0,0.0,8.2829,0.0,0.0,0.0,1.0,8.2829,True,8.2829
152458#2,13.91,13.89,augtime,preseed,False,2,687.965,13.89,0.0,0.0,1.0014,0.0,0.0,0.0,1.0,1.0014,True,1.0014
-152398#0,33.11,13.89,augtime,preseed,False,5,440.637,13.89,0.0,737.161,2.3837,0.0,0.0,0.0,1.0,2.3837,True,2.3837
152398#1,48.19,13.89,augtime,preseed,False,1,782.061,13.89,0.0,0.0,3.4694,0.0,0.0,0.0,1.0,3.4694,True,3.4694
152398#0,30.08,13.89,augtime,preseed,False,1,782.061,13.89,0.0,0.0,2.1656,0.0,0.0,0.0,1.0,2.1656,True,2.1656
152458#3,10.4,13.89,augtime,preseed,False,6,604.853,13.89,0.0,0.0,0.7487,0.0,0.0,0.0,1.0,0.7487,True,0.7487
-152398#1,50.41,13.89,augtime,preseed,False,5,1014.517,13.89,0.0,0.0,3.6292,0.0,0.0,0.0,1.0,3.6292,True,3.6292
152398#2,63.34,13.89,augtime,preseed,False,1,782.061,13.89,0.0,0.0,4.5601,0.0,0.0,0.0,1.0,4.5601,True,4.5601
152646,28.8,13.89,augtime,preseed,False,1,782.061,13.89,0.0,0.0,2.0734,0.0,0.0,0.0,1.0,2.0734,True,2.0734
-152398#2,65.9,13.89,augtime,ema_unlocked,False,4,667.335,13.89,0.0,0.0,4.7444,0.0,0.0,0.0,1.0,4.7444,True,4.7444
152398#3,109.76,13.89,augtime,preseed,False,2,782.061,13.89,0.0,0.0,7.9021,0.0,0.0,0.0,1.0,7.9021,True,7.9021
-152398#3,110.04,13.89,augtime,ema_unlocked,False,4,493.753,13.89,0.0,0.0,7.9222,0.0,0.0,0.0,1.0,7.9222,True,7.9222
152398#4,11.61,13.89,augtime,preseed,False,1,782.061,13.89,0.0,0.0,0.8359,0.0,0.0,0.0,1.0,0.8359,True,0.8359
152858,30.28,13.89,augtime,preseed,False,0,782.061,13.89,0.0,0.0,2.18,0.0,0.0,0.0,1.0,2.18,False,2.18
-152398#4,11.64,13.89,augtime,preseed,False,1,782.061,13.89,0.0,0.0,0.838,0.0,0.0,0.0,1.0,0.838,True,0.838
-152400,146.83,13.89,augtime,preseed,False,4,787.182,13.89,0.0,0.0,10.5709,0.0,0.0,0.0,1.0,10.5709,True,10.5709
152400,138.64,13.89,augtime,preseed,False,0,782.061,13.89,0.0,0.0,9.9813,0.0,0.0,0.0,1.0,9.9813,False,9.9813
152421,53.03,13.89,augtime,preseed,False,4,782.061,13.659,0.0006,0.0,3.8826,0.0,0.0,0.0,1.0,3.8826,True,3.8179
-152401,85.74,13.89,augtime,preseed,False,0,782.061,13.89,0.0,0.0,6.1728,0.0,0.0,0.0,1.0,6.1728,False,6.1728
-153008#0,70.92,13.89,augtime,preseed,False,2,782.061,13.89,0.0,0.0,5.1058,0.0,0.0,0.0,1.0,5.1058,True,5.1058
152401,86.31,13.89,augtime,preseed,False,0,782.061,13.89,0.0,0.0,6.2138,0.0,0.0,0.0,1.0,6.2138,False,6.2138
153008#1,10.4,13.89,augtime,ema_unlocked,False,6,3876.731,13.89,0.0,0.0,0.7487,0.0,0.0,0.0,1.0,0.7487,True,0.7487
-152404#0,48.35,13.89,augtime,preseed,False,0,782.061,13.89,0.0,0.0,3.4809,0.0,0.0,0.0,1.0,3.4809,False,3.4809
152404#1,57.62,13.89,augtime,preseed,False,0,782.061,13.89,0.0,0.0,4.1483,0.0,0.0,0.0,1.0,4.1483,False,4.1483
-152404#1,50.99,13.89,augtime,preseed,False,0,782.061,13.89,0.0,0.0,3.671,0.0,0.0,0.0,1.0,3.671,False,3.671
152404#2,27.71,13.89,augtime,preseed,False,0,782.061,13.89,0.0,0.0,1.995,0.0,0.0,0.0,1.0,1.995,False,1.995
-152404#2,28.66,13.89,augtime,preseed,False,0,782.061,13.89,0.0,0.0,2.0634,0.0,0.0,0.0,1.0,2.0634,False,2.0634
152404#3,31.45,13.89,augtime,preseed,False,0,782.061,13.89,0.0,0.0,2.2642,0.0,0.0,0.0,1.0,2.2642,False,2.2642
152980,178.99,13.89,augtime,preseed,False,0,782.061,13.89,0.0,0.0,12.8862,0.0,0.0,0.0,1.0,12.8862,False,12.8862
-152404#3,30.05,13.89,augtime,preseed,False,0,782.061,13.89,0.0,0.0,2.1634,0.0,0.0,0.0,1.0,2.1634,False,2.1634
-152407,77.3,13.89,augtime,preseed,False,1,851.895,13.89,0.0,0.0,5.5652,0.0,0.0,0.0,1.0,5.5652,True,5.5652
-152408,68.05,13.89,augtime,preseed,False,0,782.061,13.89,0.0,0.0,4.8992,0.0,0.0,0.0,1.0,4.8992,False,4.8992
-153476#19,35.87,13.89,augtime,ema_unlocked,False,7,190.849,13.89,0.0,865.179,2.5824,0.0,0.3777,0.0,1.0,2.5824,True,2.5824
153476#20,150.07,13.89,augtime,ema_unlocked,False,10,876.501,13.89,0.0,0.0,10.8042,0.0,0.0,0.0,1.0,10.8042,True,10.8042
152408,61.25,13.89,augtime,preseed,False,0,782.061,13.89,0.0,0.0,4.4096,0.0,0.0,0.0,1.0,4.4096,False,4.4096
-152409#0,1687.54,13.89,augtime,preseed,False,0,782.061,13.89,0.0,0.0,121.4932,0.0,0.0,0.0,1.0,121.4932,False,121.4932
152409#1,885.61,13.89,augtime,preseed,False,0,782.061,13.89,0.0,0.0,63.7588,0.0,0.0,0.0,1.0,63.7588,False,63.7588
153572#0,172.85,13.89,augtime,preseed,False,0,782.061,13.89,0.0,0.0,12.4442,0.0,0.0,0.0,1.0,12.4442,False,12.4442
-152908#7,91.59,13.89,augtime,preseed,False,0,782.061,13.89,0.0,0.0,6.594,0.0,0.0,0.0,1.0,6.594,False,6.594
152908#8,1741.82,13.89,augtime,preseed,False,0,782.061,13.89,0.0,0.0,125.401,0.0,0.0,0.0,1.0,125.401,False,125.401
152931#0,362.7,13.89,augtime,preseed,False,0,782.061,13.89,0.0,0.0,26.1123,0.0,0.0,0.0,1.0,26.1123,False,26.1123
-152409#1,893.37,13.89,augtime,preseed,False,0,782.061,13.89,0.0,0.0,64.3175,0.0,0.0,0.0,1.0,64.3175,False,64.3175
152409#2,471.48,13.89,augtime,preseed,False,0,782.061,13.89,0.0,0.0,33.9438,0.0,0.0,0.0,1.0,33.9438,False,33.9438
152904#0,66.57,13.89,augtime,preseed,False,1,831.118,13.89,0.0,0.0,4.7927,0.0,0.0,0.0,1.0,4.7927,True,4.7927
-152409#2,479.97,13.89,augtime,preseed,False,1,806.31,13.89,0.0,0.0,34.5551,0.0,0.0,0.0,1.0,34.5551,True,34.5551
-153454#1,326.43,13.89,augtime,preseed,False,2,762.296,13.89,0.0,0.0,23.5011,0.0,0.0,0.0,1.0,23.5011,True,23.5011
152409#3,477.93,13.89,augtime,preseed,False,1,798.529,13.89,0.0,0.0,34.4082,0.0,0.0,0.0,1.0,34.4082,True,34.4082
-152411,421.9,13.89,augtime,preseed,False,0,782.061,13.89,0.0,0.0,30.3744,0.0,0.0,0.0,1.0,30.3744,False,30.3744
152531,301.2,13.89,augtime,ema_unlocked,False,3,526.253,13.89,0.0,0.0,21.6847,0.0,0.0,0.0,1.0,21.6847,True,21.6847
152411,441.9,13.89,augtime,ema_unlocked,False,3,322.512,13.89,0.0,0.0,31.8143,0.0,0.0,0.0,1.0,31.8143,True,31.8143
152928#1,3.32,13.89,augtime,preseed,False,0,782.061,13.89,0.0,0.0,0.239,0.0,0.0,0.0,1.0,0.239,False,0.239
-152413#0,82.09,13.89,augtime,ema_unlocked,False,1,814.237,13.878,0.0005,6374.861,5.9149,0.0,0.1618,0.0,1.0,5.9149,True,5.91
-152750#8,267.9,13.89,augtime,preseed,False,0,782.061,13.89,0.0,0.0,19.2873,0.0,0.0,0.0,1.0,19.2873,False,19.2873
152413#1,150.98,13.89,augtime,preseed,False,4,646.747,13.89,0.0,1054.892,10.8697,0.0,0.0,0.0,1.0,10.8697,True,10.8697
152412,4.77,13.89,augtime,ema_unlocked,False,1,613.114,13.659,0.0052,0.0,0.3492,0.0,0.0,0.0,1.0,0.3492,True,0.3434
152413#0,92.29,13.89,augtime,preseed,False,4,773.217,13.89,0.0,4688.959,6.6443,0.0,0.0,0.0,1.0,6.6443,True,6.6443
-152413#1,149.76,13.89,augtime,ema_unlocked,False,1,1842.535,13.89,0.0,0.0,10.7819,0.0,0.0,0.0,1.0,10.7819,True,10.7819
-152756#2,77.68,13.89,augtime,preseed,False,0,782.061,13.89,0.0,0.0,5.5925,0.0,0.0,0.0,1.0,5.5925,False,5.5925
152413#2,117.8,13.89,augtime,preseed,False,4,659.133,13.89,0.0,0.0,8.4809,0.0,0.0,0.0,1.0,8.4809,True,8.4809
-152413#2,117.65,13.89,augtime,ema_unlocked,False,1,1414.834,13.89,0.0,0.0,8.4701,0.0,0.0,0.0,1.0,8.4701,True,8.4701
152413#3,1250.91,13.89,augtime,preseed,False,4,601.872,13.89,0.0,0.0,90.0583,0.0,0.0,0.0,1.0,90.0583,True,90.0583
153394#0,79.75,13.89,augtime,preseed,False,0,782.061,13.89,0.0,0.0,5.7415,0.0,0.0,0.0,1.0,5.7415,False,5.7415
-152958,48.4,13.89,augtime,ema_unlocked,False,4,1875.647,13.89,0.0,10935.051,3.4845,0.0,0.3366,0.0,1.0,3.4845,True,3.4845
152418,144.34,13.89,augtime,ema_unlocked,False,8,861.066,13.86,0.0002,11389.125,10.414,0.0,0.135,0.0,1.0,10.414,True,10.3916
152538#0,188.55,13.89,augtime,preseed,False,2,782.061,13.89,0.0,0.0,13.5745,0.0,0.0,0.0,1.0,13.5745,True,13.5745
-152420,4.72,13.89,augtime,preseed,False,0,782.061,13.89,0.0,0.0,0.3398,0.0,0.0,0.0,1.0,0.3398,False,0.3398
-153548#0,159.35,13.89,augtime,preseed,False,0,782.061,13.89,0.0,0.0,11.4723,0.0,0.0,0.0,1.0,11.4723,False,11.4723
153548#1,7.9,13.89,augtime,preseed,False,0,782.061,13.89,0.0,0.0,0.5688,0.0,0.0,0.0,1.0,0.5688,False,0.5688
-152787#1,158.96,13.89,augtime,preseed,False,0,782.061,13.89,0.0,0.0,11.4442,0.0,0.0,0.0,1.0,11.4442,False,11.4442
152420,4.72,13.89,augtime,preseed,False,0,782.061,13.89,0.0,0.0,0.3398,0.0,0.0,0.0,1.0,0.3398,False,0.3398
152787#2,8.17,13.89,augtime,preseed,False,2,782.061,13.89,0.0,0.0,0.5882,0.0,0.0,0.0,1.0,0.5882,True,0.5882
-152421,59.71,13.89,augtime,preseed,False,0,782.061,13.89,0.0,0.0,4.2988,0.0,0.0,0.0,1.0,4.2988,False,4.2988
-152895#1,4.46,13.89,augtime,ema_unlocked,False,6,844.366,13.89,0.0,1445.955,0.3211,0.0,1.0,0.0,1.0,0.3211,True,0.3211
152895#2,193.87,13.89,augtime,ema_unlocked,False,1,332.781,13.89,0.0,0.0,13.9575,0.0,0.0,0.0,1.0,13.9575,True,13.9575
-152422#0,79.75,13.89,augtime,preseed,False,1,782.061,13.89,0.0,0.0,5.7415,0.0,0.0,0.0,1.0,5.7415,True,5.7415
152422#1,292.84,13.89,augtime,preseed,False,2,782.061,13.89,0.0,0.0,21.0828,0.0,0.0,0.0,1.0,21.0828,True,21.0828
-152789#0,48.31,13.89,augtime,preseed,False,3,782.061,13.89,0.0,0.0,3.478,0.0,0.0,0.0,1.0,3.478,True,3.478
152422#0,79.72,13.89,augtime,preseed,False,0,782.061,13.89,0.0,0.0,5.7394,0.0,0.0,0.0,1.0,5.7394,False,5.7394
152789#1,235.46,13.89,augtime,preseed,False,1,782.061,13.89,0.0,0.0,16.9518,0.0,0.0,0.0,1.0,16.9518,True,16.9518
-152426,143.09,13.89,augtime,preseed,False,0,782.061,13.89,0.0,0.0,10.3017,0.0,0.0,0.0,1.0,10.3017,False,10.3017
-152750#5,302.35,13.89,augtime,preseed,False,0,782.061,13.89,0.0,0.0,21.7675,0.0,0.0,0.0,1.0,21.7675,False,21.7675
152426,127.25,13.89,augtime,preseed,False,0,782.061,13.89,0.0,0.0,9.1613,0.0,0.0,0.0,1.0,9.1613,False,9.1613
152428,106.19,13.89,augtime,preseed,False,0,782.061,13.89,0.0,0.0,7.6451,0.0,0.0,0.0,1.0,7.6451,False,7.6451
152750#7,136.55,13.89,augtime,preseed,False,0,782.061,13.89,0.0,0.0,9.8308,0.0,0.0,0.0,1.0,9.8308,False,9.8308
-152427,141.79,13.89,augtime,preseed,False,1,782.061,13.89,0.0,0.0,10.2081,0.0,0.0,0.0,1.0,10.2081,True,10.2081
-153394#3,132.28,13.89,augtime,preseed,False,1,762.094,13.89,0.0,0.0,9.5234,0.0,0.0,0.0,1.0,9.5234,True,9.5234
152427,160.05,13.89,augtime,preseed,False,0,782.061,13.89,0.0,0.0,11.5227,0.0,0.0,0.0,1.0,11.5227,False,11.5227
153394#4,2.69,13.89,augtime,preseed,False,0,782.061,13.89,0.0,0.0,0.1937,0.0,0.0,0.0,1.0,0.1937,False,0.1937
-152428,108.73,13.89,augtime,preseed,False,0,782.061,13.89,0.0,0.0,7.8279,0.0,0.0,0.0,1.0,7.8279,False,7.8279
-152439,88.25,13.89,augtime,preseed,False,0,782.061,13.89,0.0,0.0,6.3535,0.0,0.0,0.0,1.0,6.3535,False,6.3535
-153368#0,331.74,13.89,augtime,preseed,False,2,771.906,13.89,0.0,0.0,23.8834,0.0,0.0,0.0,1.0,23.8834,True,23.8834
152439,92.6,13.89,augtime,preseed,False,0,782.061,13.89,0.0,0.0,6.6667,0.0,0.0,0.0,1.0,6.6667,False,6.6667
153368#1,576.83,13.89,augtime,preseed,False,0,782.061,13.89,0.0,0.0,41.5284,0.0,0.0,0.0,1.0,41.5284,False,41.5284
-152440#0,105.88,13.89,augtime,preseed,False,0,782.061,13.89,0.0,0.0,7.6228,0.0,0.0,0.0,1.0,7.6228,False,7.6228
152440#1,59.15,13.89,augtime,preseed,False,0,782.061,13.89,0.0,0.0,4.2585,0.0,0.0,0.0,1.0,4.2585,False,4.2585
152440#0,117.7,13.89,augtime,preseed,False,0,782.061,13.89,0.0,0.0,8.4737,0.0,0.0,0.0,1.0,8.4737,False,8.4737
-152440#1,58.48,13.89,augtime,preseed,False,0,782.061,13.89,0.0,0.0,4.2102,0.0,0.0,0.0,1.0,4.2102,False,4.2102
-153372#3,498.76,13.89,augtime,preseed,False,3,534.016,13.89,0.0,0.0,35.9078,0.0,0.0,0.0,1.0,35.9078,True,35.9078
153372#4,38.74,13.89,augtime,preseed,False,1,782.061,13.89,0.0,0.0,2.7891,0.0,0.0,0.0,1.0,2.7891,True,2.7891
-152441#0,10.37,13.89,augtime,preseed,False,0,782.061,13.89,0.0,0.0,0.7466,0.0,0.0,0.0,1.0,0.7466,False,0.7466
152441#1,132.82,13.89,augtime,preseed,False,0,782.061,13.89,0.0,0.0,9.5623,0.0,0.0,0.0,1.0,9.5623,False,9.5623
153060,267.43,13.89,augtime,preseed,False,0,782.061,13.89,0.0,0.0,19.2534,0.0,0.0,0.0,1.0,19.2534,False,19.2534
-153059#0,91.77,13.89,augtime,preseed,False,0,782.061,13.89,0.0,0.0,6.6069,0.0,0.0,0.0,1.0,6.6069,False,6.6069
152441#0,7.04,13.89,augtime,preseed,False,0,782.061,13.89,0.0,0.0,0.5068,0.0,0.0,0.0,1.0,0.5068,False,0.5068
153059#1,87.11,13.89,augtime,preseed,False,0,782.061,13.89,0.0,0.0,6.2714,0.0,0.0,0.0,1.0,6.2714,False,6.2714
-152441#1,125.51,13.89,augtime,preseed,False,0,782.061,13.89,0.0,0.0,9.036,0.0,0.0,0.0,1.0,9.036,False,9.036
152441#2,18.2,13.89,augtime,preseed,False,0,782.061,13.89,0.0,0.0,1.3103,0.0,0.0,0.0,1.0,1.3103,False,1.3103
152972#0,49.2,13.89,augtime,preseed,False,0,782.061,13.89,0.0,0.0,3.5421,0.0,0.0,0.0,1.0,3.5421,False,3.5421
-152441#2,21.12,13.89,augtime,preseed,False,0,782.061,13.89,0.0,0.0,1.5205,0.0,0.0,0.0,1.0,1.5205,False,1.5205
152441#3,39.64,13.89,augtime,preseed,False,0,782.061,13.89,0.0,0.0,2.8539,0.0,0.0,0.0,1.0,2.8539,False,2.8539
-152441#3,52.83,13.89,augtime,preseed,False,0,782.061,13.89,0.0,0.0,3.8035,0.0,0.0,0.0,1.0,3.8035,False,3.8035
-152443,76.55,13.89,augtime,preseed,False,0,782.061,13.89,0.0,0.0,5.5112,0.0,0.0,0.0,1.0,5.5112,False,5.5112
-152471#0,12.09,13.89,augtime,preseed,False,0,782.061,13.89,0.0,0.0,0.8704,0.0,0.0,0.0,1.0,0.8704,False,0.8704
152443,75.46,13.89,augtime,preseed,False,0,782.061,13.89,0.0,0.0,5.4327,0.0,0.0,0.0,1.0,5.4327,False,5.4327
152471#1,115.43,13.89,augtime,preseed,False,0,782.061,13.89,0.0,0.0,8.3103,0.0,0.0,0.0,1.0,8.3103,False,8.3103
-152445,50.0,13.89,augtime,preseed,False,0,782.061,13.89,0.0,0.0,3.5997,0.0,0.0,0.0,1.0,3.5997,False,3.5997
-153070#0,225.96,13.89,augtime,preseed,False,0,782.061,13.89,0.0,0.0,16.2678,0.0,0.0,0.0,1.0,16.2678,False,16.2678
-153488#0,182.68,13.89,augtime,preseed,False,0,782.061,13.89,0.0,0.0,13.1519,0.0,0.0,0.0,1.0,13.1519,False,13.1519
152445,49.69,13.89,augtime,preseed,False,0,782.061,13.89,0.0,0.0,3.5774,0.0,0.0,0.0,1.0,3.5774,False,3.5774
153070#1,146.99,13.89,augtime,preseed,False,0,782.061,13.89,0.0,0.0,10.5824,0.0,0.0,0.0,1.0,10.5824,False,10.5824
-152446,248.18,13.89,augtime,preseed,False,0,782.061,13.89,0.0,0.0,17.8675,0.0,0.0,0.0,1.0,17.8675,False,17.8675
-152931#2,47.35,13.89,augtime,preseed,False,0,782.061,13.89,0.0,0.0,3.4089,0.0,0.0,0.0,1.0,3.4089,False,3.4089
152446,260.52,13.89,augtime,preseed,False,0,782.061,13.89,0.0,0.0,18.7559,0.0,0.0,0.0,1.0,18.7559,False,18.7559
152931#3,178.08,13.89,augtime,preseed,False,0,782.061,13.89,0.0,0.0,12.8207,0.0,0.0,0.0,1.0,12.8207,False,12.8207
-152447,38.68,13.89,augtime,preseed,False,0,782.061,13.89,0.0,0.0,2.7847,0.0,0.0,0.0,1.0,2.7847,False,2.7847
-153487#0,74.92,13.89,augtime,preseed,False,0,782.061,13.89,0.0,0.0,5.3938,0.0,0.0,0.0,1.0,5.3938,False,5.3938
153487#1,152.55,13.89,augtime,preseed,False,0,782.061,13.89,0.0,0.0,10.9827,0.0,0.0,0.0,1.0,10.9827,False,10.9827
152447,43.45,13.89,augtime,preseed,False,0,782.061,13.89,0.0,0.0,3.1281,0.0,0.0,0.0,1.0,3.1281,False,3.1281
-152448,92.93,13.89,augtime,preseed,False,0,782.061,13.89,0.0,0.0,6.6904,0.0,0.0,0.0,1.0,6.6904,False,6.6904
-153388#2,105.46,13.89,augtime,preseed,False,1,782.061,13.89,0.0,0.0,7.5925,0.0,0.0,0.0,1.0,7.5925,True,7.5925
153388#3,259.54,13.89,augtime,preseed,False,0,782.061,13.89,0.0,0.0,18.6854,0.0,0.0,0.0,1.0,18.6854,False,18.6854
152448,87.06,13.89,augtime,preseed,False,0,782.061,13.89,0.0,0.0,6.2678,0.0,0.0,0.0,1.0,6.2678,False,6.2678
-152449,106.22,13.89,augtime,preseed,False,0,782.061,13.89,0.0,0.0,7.6472,0.0,0.0,0.0,1.0,7.6472,False,7.6472
-152725#1,132.15,13.89,augtime,preseed,False,0,782.061,13.89,0.0,0.0,9.514,0.0,0.0,0.0,1.0,9.514,False,9.514
152449,105.82,13.89,augtime,preseed,False,0,782.061,13.89,0.0,0.0,7.6184,0.0,0.0,0.0,1.0,7.6184,False,7.6184
152725#2,75.99,13.89,augtime,preseed,False,0,782.061,13.89,0.0,0.0,5.4708,0.0,0.0,0.0,1.0,5.4708,False,5.4708
-152450,49.67,13.89,augtime,preseed,False,0,782.061,13.89,0.0,0.0,3.576,0.0,0.0,0.0,1.0,3.576,False,3.576
-152451,185.27,13.89,augtime,preseed,False,6,776.977,13.846,0.0002,18479.161,13.3808,0.0,0.3887,0.0,1.0,13.3808,True,13.3384
152458#0,3.42,13.89,augtime,preseed,False,1,782.061,13.89,0.0,0.0,0.2462,0.0,0.0,0.0,1.0,0.2462,True,0.2462
152451,180.76,13.89,augtime,preseed,False,3,782.061,13.89,0.0,0.0,13.0137,0.0,0.0,0.0,1.0,13.0137,True,13.0137
-152452,116.19,13.89,augtime,preseed,False,0,782.061,13.89,0.0,0.0,8.365,0.0,0.0,0.0,1.0,8.365,False,8.365
152452,124.63,13.89,augtime,preseed,False,0,782.061,13.89,0.0,0.0,8.9726,0.0,0.0,0.0,1.0,8.9726,False,8.9726
-152453,12.74,13.89,augtime,ema_unlocked,False,4,1487.521,13.89,0.0,0.0,0.9172,0.0,0.0,0.0,1.0,0.9172,True,0.9172
152454#1,16.12,13.89,augtime,ema_unlocked,False,10,945.373,13.89,0.0,0.0,1.1605,0.0,0.0,0.0,1.0,1.1605,True,1.1605
-152455,42.56,13.89,augtime,preseed,False,2,832.117,13.89,0.0,0.0,3.0641,0.0,0.0,0.0,1.0,3.0641,True,3.0641
152456#0,31.85,13.89,augtime,preseed,False,4,820.315,13.884,0.0026,1295.919,2.2941,0.0,0.0,0.0,1.0,2.2941,True,2.293
-152965#0,53.93,13.89,augtime,preseed,False,0,782.061,13.89,0.0,0.0,3.8826,0.0,0.0,0.0,1.0,3.8826,False,3.8826
152455,36.2,13.89,augtime,preseed,False,2,823.374,13.89,0.0,0.0,2.6062,0.0,0.0,0.0,1.0,2.6062,True,2.6062
152965#1,11.54,13.89,augtime,preseed,False,2,859.768,13.89,0.0,0.0,0.8308,0.0,0.0,0.0,1.0,0.8308,True,0.8308
-152457#0,56.32,13.89,augtime,preseed,False,0,782.061,13.89,0.0,0.0,4.0547,0.0,0.0,0.0,1.0,4.0547,False,4.0547
152457#1,45.95,13.89,augtime,preseed,False,4,782.061,13.89,0.0,0.0,3.3081,0.0,0.0,0.0,1.0,3.3081,True,3.3081
-152457#1,30.78,13.89,augtime,preseed,False,0,782.061,13.89,0.0,0.0,2.216,0.0,0.0,0.0,1.0,2.216,False,2.216
152457#0,73.68,13.89,augtime,ema_unlocked,False,1,741.856,13.89,0.0,6121.299,5.3045,0.0,0.2778,0.0,1.0,5.3045,True,5.3045
152457#2,3.89,13.89,augtime,preseed,False,3,782.061,13.89,0.0,0.0,0.2801,0.0,0.0,0.0,1.0,0.2801,True,0.2801
-152459#0,209.93,13.89,augtime,preseed,False,2,830.911,13.89,0.0,0.0,15.1138,0.0,0.0,0.0,1.0,15.1138,True,15.1138
-152460,120.21,13.89,augtime,preseed,False,1,782.061,13.89,0.0,0.0,8.6544,0.0,0.0,0.0,1.0,8.6544,True,8.6544
152459#1,120.43,13.89,augtime,preseed,False,0,782.061,13.89,0.0,0.0,8.6703,0.0,0.0,0.0,1.0,8.6703,False,8.6703
152459#0,217.76,13.89,augtime,preseed,False,0,782.061,13.89,0.0,0.0,15.6775,0.0,0.0,0.0,1.0,15.6775,False,15.6775
-152459#1,112.51,13.89,augtime,preseed,False,1,782.061,13.89,0.0,0.0,8.1001,0.0,0.0,0.0,1.0,8.1001,True,8.1001
-152462,9.26,13.89,augtime,preseed,False,0,782.061,13.89,0.0,0.0,0.6667,0.0,0.0,0.0,1.0,0.6667,False,0.6667
-152463#0,55.78,13.89,augtime,preseed,False,0,782.061,13.89,0.0,0.0,4.0158,0.0,0.0,0.0,1.0,4.0158,False,4.0158
152463#1,94.41,13.89,augtime,preseed,False,1,782.061,13.89,0.0,0.0,6.797,0.0,0.0,0.0,1.0,6.797,True,6.797
152462,9.28,13.89,augtime,preseed,False,1,782.061,13.89,0.0,0.0,0.6681,0.0,0.0,0.0,1.0,0.6681,True,0.6681
152960#3,70.83,13.89,augtime,ema_unlocked,False,5,1516.561,13.89,0.0,0.0,5.0994,0.0,0.0,0.0,1.0,5.0994,True,5.0994
152463#0,55.9,13.89,augtime,preseed,False,0,782.061,13.89,0.0,0.0,4.0245,0.0,0.0,0.0,1.0,4.0245,False,4.0245
-152463#1,86.98,13.89,augtime,preseed,False,0,782.061,13.89,0.0,0.0,6.2621,0.0,0.0,0.0,1.0,6.2621,False,6.2621
152960#4,11.55,13.89,augtime,preseed,False,2,786.526,13.89,0.0,0.0,0.8315,0.0,0.0,0.0,1.0,0.8315,True,0.8315
-152464,210.39,13.89,augtime,preseed,False,0,782.061,13.89,0.0,0.0,15.1469,0.0,0.0,0.0,1.0,15.1469,False,15.1469
152789#3,172.67,13.89,augtime,preseed,False,0,782.061,13.89,0.0,0.0,12.4312,0.0,0.0,0.0,1.0,12.4312,False,12.4312
-152789#2,36.47,13.89,augtime,preseed,False,2,782.061,13.89,0.0,0.0,2.6256,0.0,0.0,0.0,1.0,2.6256,True,2.6256
-152789#3,179.48,13.89,augtime,preseed,False,2,782.061,13.89,0.0,0.0,12.9215,0.0,0.0,0.0,1.0,12.9215,True,12.9215
152464,227.86,13.89,augtime,preseed,False,0,782.061,13.89,0.0,0.0,16.4046,0.0,0.0,0.0,1.0,16.4046,False,16.4046
152789#4,68.94,13.89,augtime,preseed,False,0,782.061,13.89,0.0,0.0,4.9633,0.0,0.0,0.0,1.0,4.9633,False,4.9633
-152465#0,103.56,13.89,augtime,preseed,False,0,782.061,13.89,0.0,0.0,7.4557,0.0,0.0,0.0,1.0,7.4557,False,7.4557
-153555,35.75,13.89,augtime,preseed,False,3,782.061,13.89,0.0,0.0,2.5738,0.0,0.0,0.0,1.0,2.5738,True,2.5738
152465#1,82.97,13.89,augtime,preseed,False,0,782.061,13.89,0.0,0.0,5.9734,0.0,0.0,0.0,1.0,5.9734,False,5.9734
-152970#0,57.37,13.89,augtime,preseed,False,0,782.061,13.89,0.0,0.0,4.1303,0.0,0.0,0.0,1.0,4.1303,False,4.1303
152465#0,99.65,13.89,augtime,preseed,False,3,782.061,13.89,0.0,20644.041,7.1742,0.0,1.0,0.0,1.0,7.1742,True,7.1742
152970#1,4.2,13.89,augtime,preseed,False,0,782.061,13.89,0.0,0.0,0.3024,0.0,0.0,0.0,1.0,0.3024,False,0.3024
-152465#1,91.94,13.89,augtime,preseed,False,0,782.061,13.89,0.0,0.0,6.6192,0.0,0.0,0.0,1.0,6.6192,False,6.6192
-152469,14.81,13.89,augtime,preseed,False,0,782.061,13.89,0.0,0.0,1.0662,0.0,0.0,0.0,1.0,1.0662,False,1.0662
-153050#0,189.87,13.89,augtime,preseed,False,0,782.061,13.89,0.0,0.0,13.6695,0.0,0.0,0.0,1.0,13.6695,False,13.6695
153050#1,346.78,13.89,augtime,preseed,False,0,782.061,13.89,0.0,0.0,24.9662,0.0,0.0,0.0,1.0,24.9662,False,24.9662
-152908#6,611.74,13.89,augtime,preseed,False,0,782.061,13.89,0.0,0.0,44.0418,0.0,0.0,0.0,1.0,44.0418,False,44.0418
152469,14.81,13.89,augtime,preseed,False,0,782.061,13.89,0.0,0.0,1.0662,0.0,0.0,0.0,1.0,1.0662,False,1.0662
152908#7,94.04,13.89,augtime,preseed,False,0,782.061,13.89,0.0,0.0,6.7703,0.0,0.0,0.0,1.0,6.7703,False,6.7703
-152470,34.76,13.89,augtime,preseed,False,1,782.061,13.89,0.0,0.0,2.5025,0.0,0.0,0.0,1.0,2.5025,True,2.5025
-153444#3,44.87,13.89,augtime,preseed,False,2,852.747,13.89,0.0,0.0,3.2304,0.0,0.0,0.0,1.0,3.2304,True,3.2304
152470,32.2,13.89,augtime,preseed,False,1,782.061,13.89,0.0,0.0,2.3182,0.0,0.0,0.0,1.0,2.3182,True,2.3182
153444#4,173.16,13.89,augtime,preseed,False,2,782.061,13.89,0.0,0.0,12.4665,0.0,0.0,0.0,1.0,12.4665,True,12.4665
-152913#1,48.77,13.89,augtime,preseed,False,0,782.061,13.89,0.0,0.0,3.5112,0.0,0.0,0.0,1.0,3.5112,False,3.5112
152471#0,12.46,13.89,augtime,preseed,False,0,782.061,13.89,0.0,0.0,0.897,0.0,0.0,0.0,1.0,0.897,False,0.897
152913#2,28.16,13.89,augtime,preseed,False,0,782.061,13.89,0.0,0.0,2.0274,0.0,0.0,0.0,1.0,2.0274,False,2.0274
-152471#1,105.96,13.89,augtime,preseed,False,0,782.061,13.89,0.0,0.0,7.6285,0.0,0.0,0.0,1.0,7.6285,False,7.6285
-152472#0,23.61,13.89,augtime,preseed,False,2,782.061,13.89,0.0,0.0,1.6998,0.0,0.0,0.0,1.0,1.6998,True,1.6998
152472#1,8.43,13.89,augtime,preseed,False,1,782.061,13.89,0.0,0.0,0.6069,0.0,0.0,0.0,1.0,0.6069,True,0.6069
-152676#2,33.56,13.89,augtime,preseed,False,2,782.061,13.89,0.0,0.0,2.4161,0.0,0.0,0.0,1.0,2.4161,True,2.4161
152472#0,23.61,13.89,augtime,preseed,False,2,782.061,13.89,0.0,0.0,1.6998,0.0,0.0,0.0,1.0,1.6998,True,1.6998
152676#3,43.62,13.89,augtime,preseed,False,0,782.061,13.89,0.0,0.0,3.1404,0.0,0.0,0.0,1.0,3.1404,False,3.1404
-152472#1,8.43,13.89,augtime,preseed,False,2,782.061,13.89,0.0,0.0,0.6069,0.0,0.0,0.0,1.0,0.6069,True,0.6069
-152473,58.89,13.89,augtime,preseed,False,0,782.061,13.89,0.0,0.0,4.2397,0.0,0.0,0.0,1.0,4.2397,False,4.2397
-153485#1,179.18,13.89,augtime,preseed,False,0,782.061,13.89,0.0,0.0,12.8999,0.0,0.0,0.0,1.0,12.8999,False,12.8999
152473,53.05,13.89,augtime,preseed,False,0,782.061,13.89,0.0,0.0,3.8193,0.0,0.0,0.0,1.0,3.8193,False,3.8193
153485#2,117.51,13.89,augtime,preseed,False,0,782.061,13.89,0.0,0.0,8.46,0.0,0.0,0.0,1.0,8.46,False,8.46
-152474#0,195.59,13.89,augtime,preseed,False,0,782.061,13.89,0.0,0.0,14.0814,0.0,0.0,0.0,1.0,14.0814,False,14.0814
-152477,188.74,13.89,augtime,preseed,False,0,782.061,13.89,0.0,0.0,13.5882,0.0,0.0,0.0,1.0,13.5882,False,13.5882
152474#1,90.78,13.89,augtime,preseed,False,0,782.061,13.89,0.0,0.0,6.5356,0.0,0.0,0.0,1.0,6.5356,False,6.5356
-152474#1,107.67,13.89,augtime,preseed,False,0,782.061,13.89,0.0,0.0,7.7516,0.0,0.0,0.0,1.0,7.7516,False,7.7516
152477,172.34,13.89,augtime,preseed,False,0,782.061,13.89,0.0,0.0,12.4075,0.0,0.0,0.0,1.0,12.4075,False,12.4075
152474#2,234.33,13.89,augtime,preseed,False,0,782.061,13.89,0.0,0.0,16.8704,0.0,0.0,0.0,1.0,16.8704,False,16.8704
-152474#2,236.95,13.89,augtime,preseed,False,0,782.061,13.89,0.0,0.0,17.059,0.0,0.0,0.0,1.0,17.059,False,17.059
-152475,166.06,13.89,augtime,preseed,False,0,782.061,13.89,0.0,0.0,11.9554,0.0,0.0,0.0,1.0,11.9554,False,11.9554
-153039,85.19,13.89,augtime,preseed,False,1,782.061,13.89,0.0,0.0,6.1332,0.0,0.0,0.0,1.0,6.1332,True,6.1332
152475,162.44,13.89,augtime,preseed,False,0,782.061,13.89,0.0,0.0,11.6947,0.0,0.0,0.0,1.0,11.6947,False,11.6947
153041,149.53,13.89,augtime,preseed,False,1,782.061,13.89,0.0,0.0,10.7653,0.0,0.0,0.0,1.0,10.7653,True,10.7653
-152476,66.54,13.89,augtime,preseed,False,0,782.061,13.89,0.0,0.0,4.7905,0.0,0.0,0.0,1.0,4.7905,False,4.7905
-152478#0,10.61,13.89,augtime,preseed,False,0,782.061,13.89,0.0,0.0,0.7639,0.0,0.0,0.0,1.0,0.7639,False,0.7639
152476,78.95,13.89,augtime,preseed,False,0,782.061,13.89,0.0,0.0,5.6839,0.0,0.0,0.0,1.0,5.6839,False,5.6839
152478#1,112.0,13.89,augtime,preseed,False,0,782.061,13.89,0.0,0.0,8.0634,0.0,0.0,0.0,1.0,8.0634,False,8.0634
-153490#4,132.87,13.89,augtime,preseed,False,1,796.281,13.89,0.0,0.0,9.5659,0.0,0.0,0.0,1.0,9.5659,True,9.5659
152478#0,4.47,13.89,augtime,preseed,False,0,782.061,13.89,0.0,0.0,0.3218,0.0,0.0,0.0,1.0,0.3218,False,0.3218
153490#5,157.99,13.89,augtime,preseed,False,1,782.061,13.89,0.0,0.0,11.3744,0.0,0.0,0.0,1.0,11.3744,True,11.3744
-152478#1,106.19,13.89,augtime,preseed,False,0,782.061,13.89,0.0,0.0,7.6451,0.0,0.0,0.0,1.0,7.6451,False,7.6451
-152479,77.13,13.89,augtime,preseed,False,2,782.061,13.89,0.0,0.0,5.5529,0.0,0.0,0.0,1.0,5.5529,True,5.5529
-153394#2,273.94,13.89,augtime,preseed,False,1,791.809,13.89,0.0,0.0,19.7221,0.0,0.0,0.0,1.0,19.7221,True,19.7221
153394#3,128.26,13.89,augtime,preseed,False,0,782.061,13.89,0.0,0.0,9.234,0.0,0.0,0.0,1.0,9.234,False,9.234
152479,69.56,13.89,augtime,preseed,False,2,782.061,13.89,0.0,0.0,5.0079,0.0,0.0,0.0,1.0,5.0079,True,5.0079
152480,486.54,13.89,augtime,preseed,False,0,782.061,13.89,0.0,0.0,35.0281,0.0,0.0,0.0,1.0,35.0281,False,35.0281
-152481,628.93,13.89,augtime,preseed,False,0,782.061,13.89,0.0,0.0,45.2793,0.0,0.0,0.0,1.0,45.2793,False,45.2793
-153412#0,3.91,13.89,augtime,preseed,False,0,782.061,13.89,0.0,0.0,0.2815,0.0,0.0,0.0,1.0,0.2815,False,0.2815
153032,618.56,13.89,augtime,preseed,False,0,782.061,13.89,0.0,0.0,44.5328,0.0,0.0,0.0,1.0,44.5328,False,44.5328
153412#1,11.03,13.89,augtime,preseed,False,2,636.433,13.89,0.0,0.0,0.7941,0.0,0.0,0.0,1.0,0.7941,True,0.7941
-152482,34.07,13.89,augtime,preseed,False,0,782.061,13.89,0.0,0.0,2.4528,0.0,0.0,0.0,1.0,2.4528,False,2.4528
-152483#0,32.93,13.89,augtime,preseed,False,0,782.061,13.89,0.0,0.0,2.3708,0.0,0.0,0.0,1.0,2.3708,False,2.3708
152483#1,35.44,13.89,augtime,preseed,False,0,782.061,13.89,0.0,0.0,2.5515,0.0,0.0,0.0,1.0,2.5515,False,2.5515
152484,125.85,13.89,augtime,preseed,False,0,782.061,13.89,0.0,0.0,9.0605,0.0,0.0,0.0,1.0,9.0605,False,9.0605
152483#0,33.16,13.89,augtime,preseed,False,0,782.061,13.89,0.0,0.0,2.3873,0.0,0.0,0.0,1.0,2.3873,False,2.3873
-152483#1,28.13,13.89,augtime,preseed,False,0,782.061,13.89,0.0,0.0,2.0252,0.0,0.0,0.0,1.0,2.0252,False,2.0252
-153048#0,91.68,13.89,augtime,preseed,False,0,782.061,13.89,0.0,0.0,6.6004,0.0,0.0,0.0,1.0,6.6004,False,6.6004
153048#1,69.95,13.89,augtime,preseed,False,0,782.061,13.89,0.0,0.0,5.036,0.0,0.0,0.0,1.0,5.036,False,5.036
-152484,137.64,13.89,augtime,preseed,False,0,782.061,13.89,0.0,0.0,9.9093,0.0,0.0,0.0,1.0,9.9093,False,9.9093
-152485,95.11,13.89,augtime,preseed,False,0,782.061,13.89,0.0,0.0,6.8474,0.0,0.0,0.0,1.0,6.8474,False,6.8474
-153335#0,84.59,13.89,augtime,preseed,False,3,652.948,13.659,0.0009,0.0,6.1932,0.0,0.0,0.0,1.0,6.1932,True,6.09
153335#1,156.68,13.89,augtime,preseed,False,1,850.688,13.89,0.0,0.0,11.2801,0.0,0.0,0.0,1.0,11.2801,True,11.2801
152485,87.28,13.89,augtime,preseed,False,0,782.061,13.89,0.0,0.0,6.2837,0.0,0.0,0.0,1.0,6.2837,False,6.2837
-152486,116.15,13.89,augtime,preseed,False,0,782.061,13.89,0.0,0.0,8.3621,0.0,0.0,0.0,1.0,8.3621,False,8.3621
-153335#3,23.07,13.89,augtime,preseed,False,2,782.061,13.89,0.0,0.0,1.6609,0.0,0.0,0.0,1.0,1.6609,True,1.6609
153335#4,75.88,13.89,augtime,preseed,False,0,782.061,13.89,0.0,0.0,5.4629,0.0,0.0,0.0,1.0,5.4629,False,5.4629
152486,104.74,13.89,augtime,preseed,False,2,782.061,13.89,0.0,0.0,7.5407,0.0,0.0,0.0,1.0,7.5407,True,7.5407
-152487#0,935.82,13.89,augtime,preseed,False,0,782.061,13.89,0.0,0.0,67.3737,0.0,0.0,0.0,1.0,67.3737,False,67.3737
-153569#1,650.51,13.89,augtime,preseed,False,0,782.061,13.89,0.0,0.0,46.833,0.0,0.0,0.0,1.0,46.833,False,46.833
152487#1,26.31,13.89,augtime,preseed,False,0,782.061,13.89,0.0,0.0,1.8942,0.0,0.0,0.0,1.0,1.8942,False,1.8942
152487#0,974.28,13.89,augtime,preseed,False,0,782.061,13.89,0.0,0.0,70.1425,0.0,0.0,0.0,1.0,70.1425,False,70.1425
-152487#1,25.2,13.89,augtime,preseed,False,0,782.061,13.89,0.0,0.0,1.8143,0.0,0.0,0.0,1.0,1.8143,False,1.8143
152487#2,51.2,13.89,augtime,preseed,False,0,782.061,13.89,0.0,0.0,3.6861,0.0,0.0,0.0,1.0,3.6861,False,3.6861
153571,659.72,13.89,augtime,preseed,False,0,782.061,13.89,0.0,0.0,47.496,0.0,0.0,0.0,1.0,47.496,False,47.496
-152487#2,37.22,13.89,augtime,preseed,False,0,782.061,13.89,0.0,0.0,2.6796,0.0,0.0,0.0,1.0,2.6796,False,2.6796
-152489#3,100.27,13.89,augtime,preseed,False,0,782.061,13.89,0.0,0.0,7.2189,0.0,0.0,0.0,1.0,7.2189,False,7.2189
152487#3,152.22,13.89,augtime,preseed,False,0,782.061,13.89,0.0,0.0,10.959,0.0,0.0,0.0,1.0,10.959,False,10.959
-152487#3,146.32,13.89,augtime,preseed,False,0,782.061,13.89,0.0,0.0,10.5342,0.0,0.0,0.0,1.0,10.5342,False,10.5342
-152750#1,125.89,13.89,augtime,preseed,False,0,782.061,13.89,0.0,0.0,9.0634,0.0,0.0,0.0,1.0,9.0634,False,9.0634
152750#2,168.19,13.89,augtime,preseed,False,0,782.061,13.89,0.0,0.0,12.1087,0.0,0.0,0.0,1.0,12.1087,False,12.1087
-152488,123.19,13.89,augtime,preseed,False,0,782.061,13.89,0.0,0.0,8.869,0.0,0.0,0.0,1.0,8.869,False,8.869
-153348#0,281.32,13.89,augtime,preseed,False,0,782.061,13.89,0.0,0.0,20.2534,0.0,0.0,0.0,1.0,20.2534,False,20.2534
153348#1,578.64,13.89,augtime,preseed,False,0,782.061,13.89,0.0,0.0,41.6587,0.0,0.0,0.0,1.0,41.6587,False,41.6587
152488,129.99,13.89,augtime,preseed,False,0,782.061,13.89,0.0,0.0,9.3585,0.0,0.0,0.0,1.0,9.3585,False,9.3585
-152489#0,725.92,13.89,augtime,preseed,False,0,782.061,13.89,0.0,0.0,52.2621,0.0,0.0,0.0,1.0,52.2621,False,52.2621
152489#1,125.82,13.89,augtime,preseed,False,0,782.061,13.89,0.0,0.0,9.0583,0.0,0.0,0.0,1.0,9.0583,False,9.0583
152963,26.38,13.89,augtime,preseed,False,0,782.061,13.89,0.0,0.0,1.8992,0.0,0.0,0.0,1.0,1.8992,False,1.8992
-152572#6,215.03,13.89,augtime,preseed,False,0,782.061,13.89,0.0,0.0,15.4809,0.0,0.0,0.0,1.0,15.4809,False,15.4809
-153061,167.45,13.89,augtime,preseed,False,0,782.061,13.89,0.0,0.0,12.0554,0.0,0.0,0.0,1.0,12.0554,False,12.0554
152572#7,729.13,13.89,augtime,preseed,False,0,782.061,13.89,0.0,0.0,52.4932,0.0,0.0,0.0,1.0,52.4932,False,52.4932
-152489#1,125.94,13.89,augtime,preseed,False,0,782.061,13.89,0.0,0.0,9.067,0.0,0.0,0.0,1.0,9.067,False,9.067
-152567,24.45,13.89,augtime,preseed,False,0,782.061,13.89,0.0,0.0,1.7603,0.0,0.0,0.0,1.0,1.7603,False,1.7603
152489#2,505.23,13.89,augtime,preseed,False,0,782.061,13.89,0.0,0.0,36.3737,0.0,0.0,0.0,1.0,36.3737,False,36.3737
-152489#2,504.93,13.89,augtime,preseed,False,0,782.061,13.89,0.0,0.0,36.3521,0.0,0.0,0.0,1.0,36.3521,False,36.3521
152489#3,96.23,13.89,augtime,preseed,False,0,782.061,13.89,0.0,0.0,6.928,0.0,0.0,0.0,1.0,6.928,False,6.928
153028,160.17,13.89,augtime,preseed,False,0,782.061,13.89,0.0,0.0,11.5313,0.0,0.0,0.0,1.0,11.5313,False,11.5313
-152491#0,35.14,13.89,augtime,preseed,False,0,782.061,13.89,0.0,0.0,2.5299,0.0,0.0,0.0,1.0,2.5299,False,2.5299
152491#1,17.5,13.89,augtime,preseed,False,0,782.061,13.89,0.0,0.0,1.2599,0.0,0.0,0.0,1.0,1.2599,False,1.2599
152699,80.58,13.89,augtime,preseed,False,0,782.061,13.89,0.0,0.0,5.8013,0.0,0.0,0.0,1.0,5.8013,False,5.8013
-152701#4,74.41,13.89,augtime,ema_unlocked,False,6,1324.148,13.89,0.0,0.0,5.3571,0.0,0.0,0.0,1.0,5.3571,True,5.3571
152491#0,29.75,13.89,augtime,preseed,False,0,782.061,13.89,0.0,0.0,2.1418,0.0,0.0,0.0,1.0,2.1418,False,2.1418
152701#5,22.92,13.89,augtime,ema_unlocked,False,10,55.979,13.925,0.0012,92.796,1.646,0.0,0.0035,0.0,1.0,1.646,True,1.6501
-152491#1,15.44,13.89,augtime,preseed,False,1,782.061,13.89,0.0,0.0,1.1116,0.0,0.0,0.0,1.0,1.1116,True,1.1116
-152697,71.58,13.89,augtime,preseed,False,0,782.061,13.89,0.0,0.0,5.1533,0.0,0.0,0.0,1.0,5.1533,False,5.1533
152491#2,10.3,13.89,augtime,preseed,False,0,782.061,13.89,0.0,0.0,0.7415,0.0,0.0,0.0,1.0,0.7415,False,0.7415
-152491#2,10.3,13.89,augtime,preseed,False,0,782.061,13.89,0.0,0.0,0.7415,0.0,0.0,0.0,1.0,0.7415,False,0.7415
152491#3,23.78,13.89,augtime,preseed,False,0,782.061,13.89,0.0,0.0,1.712,0.0,0.0,0.0,1.0,1.712,False,1.712
-152491#3,23.78,13.89,augtime,preseed,False,1,782.061,13.89,0.0,0.0,1.712,0.0,0.0,0.0,1.0,1.712,True,1.712
-152712,60.0,13.89,augtime,preseed,False,0,782.061,13.89,0.0,0.0,4.3197,0.0,0.0,0.0,1.0,4.3197,False,4.3197
152491#5,4.03,13.89,augtime,preseed,False,0,782.061,13.89,0.0,0.0,0.2901,0.0,0.0,0.0,1.0,0.2901,False,0.2901
152696,70.81,13.89,augtime,preseed,False,2,782.061,13.89,0.0,0.0,5.0979,0.0,0.0,0.0,1.0,5.0979,True,5.0979
-152491#5,4.03,13.89,augtime,preseed,False,1,782.061,13.89,0.0,0.0,0.2901,0.0,0.0,0.0,1.0,0.2901,True,0.2901
-152693#1,51.4,13.89,augtime,preseed,False,0,782.061,13.89,0.0,0.0,3.7005,0.0,0.0,0.0,1.0,3.7005,False,3.7005
152693#2,65.26,13.89,augtime,preseed,False,0,782.061,13.89,0.0,0.0,4.6983,0.0,0.0,0.0,1.0,4.6983,False,4.6983
-152492,113.69,13.89,augtime,preseed,False,0,782.061,13.89,0.0,0.0,8.185,0.0,0.0,0.0,1.0,8.185,False,8.185
-153370#0,46.28,13.89,augtime,preseed,False,0,782.061,13.89,0.0,0.0,3.3319,0.0,0.0,0.0,1.0,3.3319,False,3.3319
153370#1,307.63,13.89,augtime,preseed,False,0,782.061,13.89,0.0,0.0,22.1476,0.0,0.0,0.0,1.0,22.1476,False,22.1476
152492,103.03,13.89,augtime,preseed,False,0,782.061,13.89,0.0,0.0,7.4176,0.0,0.0,0.0,1.0,7.4176,False,7.4176
-152493,44.62,13.89,augtime,preseed,False,0,782.061,13.89,0.0,0.0,3.2124,0.0,0.0,0.0,1.0,3.2124,False,3.2124
-153065#0,40.26,13.89,augtime,preseed,False,0,782.061,13.89,0.0,0.0,2.8985,0.0,0.0,0.0,1.0,2.8985,False,2.8985
152493,41.12,13.89,augtime,preseed,False,0,782.061,13.89,0.0,0.0,2.9604,0.0,0.0,0.0,1.0,2.9604,False,2.9604
153065#1,25.33,13.89,augtime,preseed,False,0,782.061,13.89,0.0,0.0,1.8236,0.0,0.0,0.0,1.0,1.8236,False,1.8236
-152494,87.48,13.89,augtime,preseed,False,0,782.061,13.89,0.0,0.0,6.2981,0.0,0.0,0.0,1.0,6.2981,False,6.2981
-152572#1,10.97,13.89,augtime,preseed,False,1,782.061,13.89,0.0,0.0,0.7898,0.0,0.0,0.0,1.0,0.7898,True,0.7898
152494,89.17,13.89,augtime,preseed,False,0,782.061,13.89,0.0,0.0,6.4197,0.0,0.0,0.0,1.0,6.4197,False,6.4197
-152495,662.59,13.89,augtime,preseed,False,0,782.061,13.89,0.0,0.0,47.7027,0.0,0.0,0.0,1.0,47.7027,False,47.7027
-153332#0,308.85,13.89,augtime,preseed,False,0,782.061,13.89,0.0,0.0,22.2354,0.0,0.0,0.0,1.0,22.2354,False,22.2354
152495,658.99,13.89,augtime,preseed,False,0,782.061,13.89,0.0,0.0,47.4435,0.0,0.0,0.0,1.0,47.4435,False,47.4435
153332#1,52.34,13.89,augtime,preseed,False,0,782.061,13.89,0.0,0.0,3.7682,0.0,0.0,0.0,1.0,3.7682,False,3.7682
-152496,339.95,13.89,augtime,preseed,False,0,782.061,13.89,0.0,0.0,24.4744,0.0,0.0,0.0,1.0,24.4744,False,24.4744
-152505,9.32,13.89,augtime,preseed,False,2,782.061,13.89,0.0,0.0,0.671,0.0,0.0,0.0,1.0,0.671,True,0.671
152936,26.84,13.89,augtime,preseed,False,0,782.061,13.89,0.0,0.0,1.9323,0.0,0.0,0.0,1.0,1.9323,False,1.9323
-152866,18.8,13.89,augtime,preseed,False,1,782.061,13.89,0.0,0.0,1.3535,0.0,0.0,0.0,1.0,1.3535,True,1.3535
152505,9.32,13.89,augtime,preseed,False,0,782.061,13.89,0.0,0.0,0.671,0.0,0.0,0.0,1.0,0.671,False,0.671
152864,6.32,13.89,augtime,preseed,False,0,782.061,13.89,0.0,0.0,0.455,0.0,0.0,0.0,1.0,0.455,False,0.455
-152513#0,117.46,13.89,augtime,preseed,False,0,782.061,13.89,0.0,0.0,8.4564,0.0,0.0,0.0,1.0,8.4564,False,8.4564
-152606#9,4.13,13.89,augtime,preseed,False,3,881.702,13.89,0.0,0.0,0.2973,0.0,0.0,0.0,1.0,0.2973,True,0.2973
152513#1,83.43,13.89,augtime,preseed,False,1,797.48,13.89,0.0,0.0,6.0065,0.0,0.0,0.0,1.0,6.0065,True,6.0065
152513#0,116.09,13.89,augtime,preseed,False,0,782.061,13.89,0.0,0.0,8.3578,0.0,0.0,0.0,1.0,8.3578,False,8.3578
-152513#1,87.83,13.89,augtime,preseed,False,3,918.113,13.89,0.0,0.0,6.3233,0.0,0.0,0.0,1.0,6.3233,True,6.3233
152353#4,8.32,13.89,augtime,preseed,False,1,801.317,13.89,0.0,0.0,0.599,0.0,0.0,0.0,1.0,0.599,True,0.599
-152536,30.26,13.89,augtime,preseed,False,4,928.092,13.89,0.0,0.0,2.1785,0.0,0.0,0.0,1.0,2.1785,True,2.1785
152394,33.2,13.89,augtime,ema_unlocked,False,3,7.903,13.89,0.0,0.0,2.3902,0.0,0.0,0.0,1.0,2.3902,True,2.3902
-152537,549.71,13.89,augtime,ema_unlocked,False,3,520.231,13.89,0.0,0.0,39.576,0.0,0.0,0.0,1.0,39.576,True,39.576
152444#1,17.07,13.89,augtime,ema_unlocked,False,1,555.504,13.89,0.0,0.0,1.2289,0.0,0.0,0.0,1.0,1.2289,True,1.2289
152537,541.04,13.89,augtime,preseed,False,0,782.061,13.89,0.0,0.0,38.9518,0.0,0.0,0.0,1.0,38.9518,False,38.9518
152928#4,6.95,13.89,augtime,ema_unlocked,False,3,341.426,13.89,0.0,0.0,0.5004,0.0,0.0,0.0,1.0,0.5004,True,0.5004
-152539#1,161.96,13.89,augtime,preseed,False,0,782.061,13.89,0.0,0.0,11.6602,0.0,0.0,0.0,1.0,11.6602,False,11.6602
152539#2,8.01,13.89,augtime,preseed,False,0,782.061,13.89,0.0,0.0,0.5767,0.0,0.0,0.0,1.0,0.5767,False,0.5767
-152539#2,8.01,13.89,augtime,preseed,False,0,782.061,13.89,0.0,0.0,0.5767,0.0,0.0,0.0,1.0,0.5767,False,0.5767
-152745,21.32,13.89,augtime,preseed,False,1,782.061,13.89,0.0,0.0,1.5349,0.0,0.0,0.0,1.0,1.5349,True,1.5349
-153429,28.68,13.89,augtime,preseed,False,0,782.061,13.89,0.0,0.0,2.0648,0.0,0.0,0.0,1.0,2.0648,False,2.0648
152540,11.63,13.89,augtime,preseed,False,0,782.061,13.89,0.0,0.0,0.8373,0.0,0.0,0.0,1.0,0.8373,False,0.8373
153481,17.98,13.89,augtime,preseed,False,0,782.061,13.89,0.0,0.0,1.2945,0.0,0.0,0.0,1.0,1.2945,False,1.2945
-152541,176.72,13.89,augtime,preseed,False,0,782.061,13.89,0.0,0.0,12.7228,0.0,0.0,0.0,1.0,12.7228,False,12.7228
-153489#2,122.61,13.89,augtime,preseed,False,0,782.061,13.89,0.0,0.0,8.8272,0.0,0.0,0.0,1.0,8.8272,False,8.8272
152541,171.21,13.89,augtime,preseed,False,0,782.061,13.89,0.0,0.0,12.3261,0.0,0.0,0.0,1.0,12.3261,False,12.3261
153489#3,43.23,13.89,augtime,preseed,False,0,782.061,13.89,0.0,0.0,3.1123,0.0,0.0,0.0,1.0,3.1123,False,3.1123
-152544,61.77,13.89,augtime,preseed,False,0,782.061,13.89,0.0,0.0,4.4471,0.0,0.0,0.0,1.0,4.4471,False,4.4471
152544,62.4,13.89,augtime,preseed,False,0,782.061,13.89,0.0,0.0,4.4924,0.0,0.0,0.0,1.0,4.4924,False,4.4924
153352,12.43,13.89,augtime,preseed,False,0,782.061,13.89,0.0,0.0,0.8949,0.0,0.0,0.0,1.0,0.8949,False,0.8949
-152545,48.15,13.89,augtime,preseed,False,0,782.061,13.89,0.0,0.0,3.4665,0.0,0.0,0.0,1.0,3.4665,False,3.4665
-153349#0,1559.15,13.89,augtime,preseed,False,0,782.061,13.89,0.0,0.0,112.2498,0.0,0.0,0.0,1.0,112.2498,False,112.2498
152545,43.54,13.89,augtime,preseed,False,0,782.061,13.89,0.0,0.0,3.1346,0.0,0.0,0.0,1.0,3.1346,False,3.1346
153349#1,48.79,13.89,augtime,preseed,False,0,782.061,13.89,0.0,0.0,3.5126,0.0,0.0,0.0,1.0,3.5126,False,3.5126
-152546,44.03,13.89,augtime,preseed,False,2,824.763,13.89,0.0,0.0,3.1699,0.0,0.0,0.0,1.0,3.1699,True,3.1699
-152767#2,31.61,13.89,augtime,ema_unlocked,False,6,209.933,13.659,0.0011,0.0,2.3143,0.0,0.0,0.0,1.0,2.3143,True,2.2757
152767#3,72.69,13.89,augtime,preseed,False,6,544.018,13.89,0.0,0.0,5.2333,0.0,0.0,0.0,1.0,5.2333,True,5.2333
-152781,148.47,13.89,augtime,preseed,False,2,687.568,13.89,0.0,0.0,10.689,0.0,0.0,0.0,1.0,10.689,True,10.689
-152939#2,177.66,13.89,augtime,ema_unlocked,False,1,84.525,13.89,0.0,0.0,12.7905,0.0,0.0,0.0,1.0,12.7905,True,12.7905
152546,42.45,13.89,augtime,preseed,False,1,782.061,13.89,0.0,0.0,3.0562,0.0,0.0,0.0,1.0,3.0562,True,3.0562
152939#4,43.66,13.89,augtime,preseed,False,0,782.061,13.89,0.0,0.0,3.1433,0.0,0.0,0.0,1.0,3.1433,False,3.1433
-152548,255.28,13.89,augtime,preseed,False,0,782.061,13.89,0.0,0.0,18.3787,0.0,0.0,0.0,1.0,18.3787,False,18.3787
-153357#0,168.76,13.89,augtime,preseed,False,0,782.061,13.89,0.0,0.0,12.1497,0.0,0.0,0.0,1.0,12.1497,False,12.1497
152548,249.5,13.89,augtime,preseed,False,0,782.061,13.89,0.0,0.0,17.9626,0.0,0.0,0.0,1.0,17.9626,False,17.9626
153357#1,606.78,13.89,augtime,preseed,False,0,782.061,13.89,0.0,0.0,43.6847,0.0,0.0,0.0,1.0,43.6847,False,43.6847
-152550,237.81,13.89,augtime,preseed,False,0,782.061,13.89,0.0,0.0,17.121,0.0,0.0,0.0,1.0,17.121,False,17.121
-153359#0,234.9,13.89,augtime,ema_unlocked,False,2,1325.529,13.911,0.0003,23744.831,16.8853,0.0,0.0304,0.0,1.0,16.8853,True,16.9114
152550,225.4,13.89,augtime,preseed,False,0,782.061,13.89,0.0,0.0,16.2275,0.0,0.0,0.0,1.0,16.2275,False,16.2275
153359#1,293.12,13.89,augtime,ema_unlocked,False,1,748.533,13.89,0.0,0.0,21.103,0.0,0.0,0.0,1.0,21.103,True,21.103
-152551,78.7,13.89,augtime,preseed,False,0,782.061,13.89,0.0,0.0,5.6659,0.0,0.0,0.0,1.0,5.6659,False,5.6659
-152994#1,91.33,13.89,augtime,preseed,False,0,782.061,13.89,0.0,0.0,6.5752,0.0,0.0,0.0,1.0,6.5752,False,6.5752
152994#2,89.18,13.89,augtime,preseed,False,0,782.061,13.89,0.0,0.0,6.4204,0.0,0.0,0.0,1.0,6.4204,False,6.4204
-152994#0,89.26,13.89,augtime,preseed,False,0,782.061,13.89,0.0,0.0,6.4262,0.0,0.0,0.0,1.0,6.4262,False,6.4262
152551,80.15,13.89,augtime,preseed,False,0,782.061,13.89,0.0,0.0,5.7703,0.0,0.0,0.0,1.0,5.7703,False,5.7703
152994#1,83.24,13.89,augtime,preseed,False,0,782.061,13.89,0.0,0.0,5.9928,0.0,0.0,0.0,1.0,5.9928,False,5.9928
-152552,111.53,13.89,augtime,preseed,False,1,803.457,13.89,0.0,0.0,8.0295,0.0,0.0,0.0,1.0,8.0295,True,8.0295
-152993#0,387.87,13.89,augtime,preseed,False,0,782.061,13.89,0.0,0.0,27.9244,0.0,0.0,0.0,1.0,27.9244,False,27.9244
152552,115.96,13.89,augtime,preseed,False,1,783.483,13.89,0.0,0.0,8.3485,0.0,0.0,0.0,1.0,8.3485,True,8.3485
-152553,129.59,13.89,augtime,preseed,False,0,782.061,13.89,0.0,0.0,9.3297,0.0,0.0,0.0,1.0,9.3297,False,9.3297
-153360#0,106.77,13.89,augtime,preseed,False,0,782.061,13.89,0.0,0.0,7.6868,0.0,0.0,0.0,1.0,7.6868,False,7.6868
152553,114.39,13.89,augtime,preseed,False,0,782.061,13.89,0.0,0.0,8.2354,0.0,0.0,0.0,1.0,8.2354,False,8.2354
153360#1,788.03,13.89,augtime,preseed,False,0,782.061,13.89,0.0,0.0,56.7336,0.0,0.0,0.0,1.0,56.7336,False,56.7336
-152957,1958.7,13.89,augtime,ema_unlocked,False,7,545.024,13.89,0.0,0.0,141.0151,0.0,0.0,0.0,1.0,141.0151,True,141.0151
-153357#2,184.38,13.89,augtime,ema_unlocked,False,2,828.387,13.89,0.0,17902.675,13.2743,0.0,0.314,0.0,1.0,13.2743,True,13.2743
153492,526.44,13.89,augtime,preseed,False,2,782.061,13.89,0.0,0.0,37.9006,0.0,0.0,0.0,1.0,37.9006,True,37.9006
-152556,45.36,13.89,augtime,preseed,False,0,782.061,13.89,0.0,0.0,3.2657,0.0,0.0,0.0,1.0,3.2657,False,3.2657
-153326#1,501.0,13.89,augtime,preseed,False,0,782.061,13.89,0.0,0.0,36.0691,0.0,0.0,0.0,1.0,36.0691,False,36.0691
-153367#1,170.51,13.89,augtime,preseed,False,0,782.061,13.89,0.0,0.0,12.2757,0.0,0.0,0.0,1.0,12.2757,False,12.2757
153326#2,25.25,13.89,augtime,preseed,False,0,782.061,13.89,0.0,0.0,1.8179,0.0,0.0,0.0,1.0,1.8179,False,1.8179
152556,48.97,13.89,augtime,preseed,False,0,782.061,13.89,0.0,0.0,3.5256,0.0,0.0,0.0,1.0,3.5256,False,3.5256
-152557#1,266.5,13.89,augtime,preseed,False,0,782.061,13.89,0.0,0.0,19.1865,0.0,0.0,0.0,1.0,19.1865,False,19.1865
-152561,80.1,13.89,augtime,preseed,False,0,782.061,13.89,0.0,0.0,5.7667,0.0,0.0,0.0,1.0,5.7667,False,5.7667
-153365#1,274.22,13.89,augtime,ema_unlocked,False,1,623.559,13.89,0.0,0.0,19.7423,0.0,0.0,0.0,1.0,19.7423,True,19.7423
153365#3,117.51,13.89,augtime,ema_unlocked,False,1,845.811,13.89,0.0,0.0,8.46,0.0,0.0,0.0,1.0,8.46,True,8.46
-152558#0,50.74,13.89,augtime,preseed,False,1,782.061,13.89,0.0,0.0,3.653,0.0,0.0,0.0,1.0,3.653,True,3.653
152558#1,6.42,13.89,augtime,preseed,False,1,782.061,13.89,0.0,0.0,0.4622,0.0,0.0,0.0,1.0,0.4622,True,0.4622
153366#0,123.3,13.89,augtime,preseed,False,0,782.061,13.89,0.0,0.0,8.8769,0.0,0.0,0.0,1.0,8.8769,False,8.8769
-153326#4,360.5,13.89,augtime,preseed,False,1,782.061,13.89,0.0,0.0,25.9539,0.0,0.0,0.0,1.0,25.9539,True,25.9539
-153372#0,45.11,13.89,augtime,preseed,False,1,782.061,13.89,0.0,0.0,3.2477,0.0,0.0,0.0,1.0,3.2477,True,3.2477
153372#1,87.33,13.89,augtime,preseed,False,1,782.061,13.89,0.0,0.0,6.2873,0.0,0.0,0.0,1.0,6.2873,True,6.2873
-152558#1,6.42,13.89,augtime,preseed,False,1,782.061,13.89,0.0,0.0,0.4622,0.0,0.0,0.0,1.0,0.4622,True,0.4622
152558#2,135.47,13.89,augtime,preseed,False,1,782.061,13.89,0.0,0.0,9.7531,0.0,0.0,0.0,1.0,9.7531,True,9.7531
-152558#2,134.59,13.89,augtime,preseed,False,1,782.061,13.89,0.0,0.0,9.6897,0.0,0.0,0.0,1.0,9.6897,True,9.6897
152558#3,110.92,13.89,augtime,preseed,False,1,782.061,13.89,0.0,0.0,7.9856,0.0,0.0,0.0,1.0,7.9856,True,7.9856
-152558#3,111.17,13.89,augtime,preseed,False,1,782.061,13.89,0.0,0.0,8.0036,0.0,0.0,0.0,1.0,8.0036,True,8.0036
152558#5,230.77,13.89,augtime,preseed,False,1,782.061,13.89,0.0,0.0,16.6141,0.0,0.0,0.0,1.0,16.6141,True,16.6141
-152558#5,231.77,13.89,augtime,preseed,False,1,782.061,13.89,0.0,0.0,16.6861,0.0,0.0,0.0,1.0,16.6861,True,16.6861
152558#6,95.18,13.89,augtime,preseed,False,1,782.061,13.89,0.0,0.0,6.8524,0.0,0.0,0.0,1.0,6.8524,True,6.8524
-152558#6,98.98,13.89,augtime,preseed,False,1,782.061,13.89,0.0,0.0,7.126,0.0,0.0,0.0,1.0,7.126,True,7.126
-153323#4,281.57,13.89,augtime,ema_unlocked,False,2,890.352,13.89,0.0,0.0,20.2714,0.0,0.0,0.0,1.0,20.2714,True,20.2714
152993#0,383.69,13.89,augtime,preseed,False,1,780.514,13.659,0.0001,0.0,28.0917,0.0,0.0,0.0,1.0,28.0917,True,27.6235
153359#0,245.17,13.89,augtime,ema_unlocked,False,1,522.301,13.89,0.0,0.0,17.6508,0.0,0.0,0.0,1.0,17.6508,True,17.6508
-152559,263.71,13.89,augtime,preseed,False,0,782.061,13.89,0.0,0.0,18.9856,0.0,0.0,0.0,1.0,18.9856,False,18.9856
152512#3,29.96,13.89,augtime,preseed,False,1,782.061,13.89,0.0,0.0,2.1569,0.0,0.0,0.0,1.0,2.1569,True,2.1569
152527,216.22,13.89,augtime,preseed,False,0,782.061,13.89,0.0,0.0,15.5666,0.0,0.0,0.0,1.0,15.5666,False,15.5666
152559,268.3,13.89,augtime,preseed,False,1,782.061,13.89,0.0,0.0,19.3161,0.0,0.0,0.0,1.0,19.3161,True,19.3161
-152560,317.89,13.89,augtime,preseed,False,0,782.061,13.89,0.0,0.0,22.8862,0.0,0.0,0.0,1.0,22.8862,False,22.8862
-152581#4,141.04,13.89,augtime,preseed,False,1,805.776,13.89,0.0,0.0,10.1541,0.0,0.0,0.0,1.0,10.1541,True,10.1541
152581#5,175.27,13.89,augtime,preseed,False,0,782.061,13.89,0.0,0.0,12.6184,0.0,0.0,0.0,1.0,12.6184,False,12.6184
-153363#2,48.01,13.89,augtime,preseed,False,0,782.061,13.89,0.0,0.0,3.4564,0.0,0.0,0.0,1.0,3.4564,False,3.4564
152560,317.06,13.89,augtime,preseed,False,1,720.711,13.89,0.0,0.0,22.8265,0.0,0.0,0.0,1.0,22.8265,True,22.8265
153363#3,148.29,13.89,augtime,preseed,False,0,782.061,13.89,0.0,0.0,10.676,0.0,0.0,0.0,1.0,10.676,False,10.676
152561,87.46,13.89,augtime,preseed,False,0,782.061,13.89,0.0,0.0,6.2966,0.0,0.0,0.0,1.0,6.2966,False,6.2966
-152562#0,61.51,13.89,augtime,preseed,False,0,782.061,13.89,0.0,0.0,4.4284,0.0,0.0,0.0,1.0,4.4284,False,4.4284
-152564,139.65,13.89,augtime,preseed,False,1,782.061,13.89,0.0,0.0,10.054,0.0,0.0,0.0,1.0,10.054,True,10.054
152562#1,78.26,13.89,augtime,preseed,False,0,782.061,13.89,0.0,0.0,5.6343,0.0,0.0,0.0,1.0,5.6343,False,5.6343
152562#0,62.28,13.89,augtime,preseed,False,0,782.061,13.89,0.0,0.0,4.4838,0.0,0.0,0.0,1.0,4.4838,False,4.4838
-152562#1,77.61,13.89,augtime,preseed,False,0,782.061,13.89,0.0,0.0,5.5875,0.0,0.0,0.0,1.0,5.5875,False,5.5875
-152563#0,43.23,13.89,augtime,preseed,False,0,782.061,13.89,0.0,0.0,3.1123,0.0,0.0,0.0,1.0,3.1123,False,3.1123
152563#1,157.32,13.89,augtime,preseed,False,0,782.061,13.89,0.0,0.0,11.3261,0.0,0.0,0.0,1.0,11.3261,False,11.3261
-153480#1,37.74,13.89,augtime,preseed,False,4,889.577,13.89,0.0,0.0,2.7171,0.0,0.0,0.0,1.0,2.7171,True,2.7171
152563#0,50.11,13.89,augtime,preseed,False,0,782.061,13.89,0.0,0.0,3.6076,0.0,0.0,0.0,1.0,3.6076,False,3.6076
153480#2,172.63,13.89,augtime,preseed,False,3,435.042,13.89,0.0,0.0,12.4284,0.0,0.0,0.0,1.0,12.4284,True,12.4284
-152563#1,176.11,13.89,augtime,preseed,False,0,782.061,13.89,0.0,0.0,12.6789,0.0,0.0,0.0,1.0,12.6789,False,12.6789
-153480#2,171.96,13.89,augtime,preseed,False,4,976.42,13.89,0.0,0.0,12.3801,0.0,0.0,0.0,1.0,12.3801,True,12.3801
152564,135.49,13.89,augtime,preseed,False,0,782.061,13.89,0.0,0.0,9.7545,0.0,0.0,0.0,1.0,9.7545,False,9.7545
153480#3,61.73,13.89,augtime,preseed,False,2,518.063,13.89,0.0,280.551,4.4442,0.0,0.0,0.0,1.0,4.4442,True,4.4442
-152566#0,60.78,13.89,augtime,preseed,False,1,760.932,13.89,0.0,0.0,4.3758,0.0,0.0,0.0,1.0,4.3758,True,4.3758
152566#1,45.71,13.89,augtime,preseed,False,1,782.061,13.89,0.0,0.0,3.2909,0.0,0.0,0.0,1.0,3.2909,True,3.2909
153368#0,341.85,13.89,augtime,preseed,False,0,782.061,13.89,0.0,0.0,24.6112,0.0,0.0,0.0,1.0,24.6112,False,24.6112
-153369#0,139.26,13.89,augtime,preseed,False,1,782.061,13.89,0.0,0.0,10.0259,0.0,0.0,0.0,1.0,10.0259,True,10.0259
152566#0,58.27,13.89,augtime,preseed,False,1,782.061,13.89,0.0,0.0,4.1951,0.0,0.0,0.0,1.0,4.1951,True,4.1951
153369#1,39.39,13.89,augtime,preseed,False,3,574.96,13.89,0.0,134.132,2.8359,0.0,0.0,0.0,1.0,2.8359,True,2.8359
152567,30.9,13.89,augtime,preseed,False,0,782.061,13.89,0.0,0.0,2.2246,0.0,0.0,0.0,1.0,2.2246,False,2.2246
-152568,186.21,13.89,augtime,preseed,False,0,782.061,13.89,0.0,0.0,13.406,0.0,0.0,0.0,1.0,13.406,False,13.406
-152618#0,1691.67,13.89,augtime,preseed,False,0,782.061,13.89,0.0,0.0,121.7905,0.0,0.0,0.0,1.0,121.7905,False,121.7905
152618#1,128.85,13.89,augtime,preseed,False,0,782.061,13.89,0.0,0.0,9.2765,0.0,0.0,0.0,1.0,9.2765,False,9.2765
152568,189.35,13.89,augtime,preseed,False,0,782.061,13.89,0.0,0.0,13.6321,0.0,0.0,0.0,1.0,13.6321,False,13.6321
-152569,201.06,13.89,augtime,preseed,False,0,782.061,13.89,0.0,0.0,14.4752,0.0,0.0,0.0,1.0,14.4752,False,14.4752
-153371#0,88.67,13.89,augtime,preseed,False,0,782.061,13.89,0.0,0.0,6.3837,0.0,0.0,0.0,1.0,6.3837,False,6.3837
152569,200.43,13.89,augtime,preseed,False,0,782.061,13.89,0.0,0.0,14.4298,0.0,0.0,0.0,1.0,14.4298,False,14.4298
153371#1,268.08,13.89,augtime,preseed,False,0,782.061,13.89,0.0,0.0,19.3002,0.0,0.0,0.0,1.0,19.3002,False,19.3002
-152570,211.04,13.89,augtime,preseed,False,0,782.061,13.89,0.0,0.0,15.1937,0.0,0.0,0.0,1.0,15.1937,False,15.1937
-153388#0,9.67,13.89,augtime,preseed,False,0,782.061,13.89,0.0,0.0,0.6962,0.0,0.0,0.0,1.0,0.6962,False,0.6962
152570,210.17,13.89,augtime,preseed,False,0,782.061,13.89,0.0,0.0,15.131,0.0,0.0,0.0,1.0,15.131,False,15.131
153388#1,332.64,13.89,augtime,preseed,False,0,782.061,13.89,0.0,0.0,23.9482,0.0,0.0,0.0,1.0,23.9482,False,23.9482
-152572#0,88.51,13.89,augtime,preseed,False,0,782.061,13.89,0.0,0.0,6.3722,0.0,0.0,0.0,1.0,6.3722,False,6.3722
-152574#0,323.66,13.89,augtime,preseed,False,0,782.061,13.89,0.0,0.0,23.3017,0.0,0.0,0.0,1.0,23.3017,False,23.3017
152572#1,8.75,13.89,augtime,preseed,False,1,782.061,13.89,0.0,0.0,0.6299,0.0,0.0,0.0,1.0,0.6299,True,0.6299
152574#1,581.82,13.89,augtime,preseed,False,1,782.061,13.89,0.0,0.0,41.8877,0.0,0.0,0.0,1.0,41.8877,True,41.8877
-153062#0,66.24,13.89,augtime,preseed,False,0,782.061,13.89,0.0,0.0,4.7689,0.0,0.0,0.0,1.0,4.7689,False,4.7689
152572#0,91.34,13.89,augtime,preseed,False,0,782.061,13.89,0.0,0.0,6.576,0.0,0.0,0.0,1.0,6.576,False,6.576
153062#1,206.98,13.89,augtime,preseed,False,0,782.061,13.89,0.0,0.0,14.9014,0.0,0.0,0.0,1.0,14.9014,False,14.9014
-152572#4,57.86,13.89,augtime,preseed,False,0,782.061,13.89,0.0,0.0,4.1656,0.0,0.0,0.0,1.0,4.1656,False,4.1656
-153557,48.28,13.89,augtime,preseed,False,0,782.061,13.89,0.0,0.0,3.4759,0.0,0.0,0.0,1.0,3.4759,False,3.4759
152572#5,69.27,13.89,augtime,preseed,False,0,782.061,13.89,0.0,0.0,4.987,0.0,0.0,0.0,1.0,4.987,False,4.987
-152642#3,11.24,13.89,augtime,preseed,False,0,782.061,13.89,0.0,0.0,0.8092,0.0,0.0,0.0,1.0,0.8092,False,0.8092
152572#4,56.62,13.89,augtime,preseed,False,0,782.061,13.89,0.0,0.0,4.0763,0.0,0.0,0.0,1.0,4.0763,False,4.0763
-152572#5,75.98,13.89,augtime,preseed,False,0,782.061,13.89,0.0,0.0,5.4701,0.0,0.0,0.0,1.0,5.4701,False,5.4701
-152639,173.78,13.89,augtime,preseed,False,0,782.061,13.89,0.0,0.0,12.5112,0.0,0.0,0.0,1.0,12.5112,False,12.5112
152572#6,214.84,13.89,augtime,preseed,False,0,782.061,13.89,0.0,0.0,15.4672,0.0,0.0,0.0,1.0,15.4672,False,15.4672
-152573,121.41,13.89,augtime,preseed,False,0,782.061,13.89,0.0,0.0,8.7408,0.0,0.0,0.0,1.0,8.7408,False,8.7408
-153390#0,603.5,13.89,augtime,preseed,False,0,782.061,13.89,0.0,0.0,43.4485,0.0,0.0,0.0,1.0,43.4485,False,43.4485
153390#1,490.92,13.89,augtime,preseed,False,0,782.061,13.89,0.0,0.0,35.3434,0.0,0.0,0.0,1.0,35.3434,False,35.3434
152573,110.93,13.89,augtime,preseed,False,0,782.061,13.89,0.0,0.0,7.9863,0.0,0.0,0.0,1.0,7.9863,False,7.9863
-152624#3,51.85,13.89,augtime,preseed,False,0,782.061,13.89,0.0,0.0,3.7329,0.0,0.0,0.0,1.0,3.7329,False,3.7329
-153388#3,261.59,13.89,augtime,preseed,False,1,782.061,13.89,0.0,0.0,18.833,0.0,0.0,0.0,1.0,18.833,True,18.833
152574#0,326.23,13.89,augtime,preseed,False,0,782.061,13.89,0.0,0.0,23.4867,0.0,0.0,0.0,1.0,23.4867,False,23.4867
153389#0,196.75,13.89,augtime,preseed,False,0,782.061,13.89,0.0,0.0,14.1649,0.0,0.0,0.0,1.0,14.1649,False,14.1649
-152574#1,587.37,13.89,augtime,preseed,False,1,782.061,13.89,0.0,0.0,42.2873,0.0,0.0,0.0,1.0,42.2873,True,42.2873
-152575,9.12,13.89,augtime,preseed,False,0,782.061,13.89,0.0,0.0,0.6566,0.0,0.0,0.0,1.0,0.6566,False,0.6566
-152583#0,74.29,13.89,augtime,preseed,False,2,833.589,13.89,0.0,0.0,5.3485,0.0,0.0,0.0,1.0,5.3485,True,5.3485
152583#1,37.09,13.89,augtime,preseed,False,0,782.061,13.89,0.0,0.0,2.6703,0.0,0.0,0.0,1.0,2.6703,False,2.6703
-152579#0,42.64,13.89,augtime,preseed,False,2,731.811,13.89,0.0,0.0,3.0698,0.0,0.0,0.0,1.0,3.0698,True,3.0698
152575,16.18,13.89,augtime,preseed,False,2,742.138,13.89,0.0,0.0,1.1649,0.0,0.0,0.0,1.0,1.1649,True,1.1649
152579#1,79.18,13.89,augtime,preseed,False,1,782.061,13.89,0.0,0.0,5.7005,0.0,0.0,0.0,1.0,5.7005,True,5.7005
-152577#0,43.67,13.89,augtime,preseed,False,0,782.061,13.89,0.0,0.0,3.144,0.0,0.0,0.0,1.0,3.144,False,3.144
152577#1,47.66,13.89,augtime,preseed,False,0,782.061,13.89,0.0,0.0,3.4312,0.0,0.0,0.0,1.0,3.4312,False,3.4312
152970#0,66.94,13.89,augtime,preseed,False,0,782.061,13.89,0.0,0.0,4.8193,0.0,0.0,0.0,1.0,4.8193,False,4.8193
152577#0,45.6,13.89,augtime,preseed,False,0,782.061,13.89,0.0,0.0,3.2829,0.0,0.0,0.0,1.0,3.2829,False,3.2829
-152577#1,44.86,13.89,augtime,preseed,False,0,782.061,13.89,0.0,0.0,3.2297,0.0,0.0,0.0,1.0,3.2297,False,3.2297
-152970#1,4.14,13.89,augtime,preseed,False,3,782.061,13.89,0.0,0.0,0.2981,0.0,0.0,0.0,1.0,0.2981,True,0.2981
152577#2,1.25,13.89,augtime,preseed,False,0,782.061,13.89,0.0,0.0,0.09,0.0,0.0,0.0,1.0,0.09,False,0.09
-152577#2,1.25,13.89,augtime,preseed,False,0,782.061,13.89,0.0,0.0,0.09,0.0,0.0,0.0,1.0,0.09,False,0.09
152577#3,55.25,13.89,augtime,preseed,False,0,782.061,13.89,0.0,0.0,3.9777,0.0,0.0,0.0,1.0,3.9777,False,3.9777
-152577#3,49.83,13.89,augtime,preseed,False,3,782.061,13.89,0.0,0.0,3.5875,0.0,0.0,0.0,1.0,3.5875,True,3.5875
152577#4,8.91,13.89,augtime,preseed,False,0,782.061,13.89,0.0,0.0,0.6415,0.0,0.0,0.0,1.0,0.6415,False,0.6415
-152577#4,8.91,13.89,augtime,preseed,False,3,782.061,13.89,0.0,0.0,0.6415,0.0,0.0,0.0,1.0,0.6415,True,0.6415
152145,81.21,13.89,augtime,preseed,False,1,782.061,13.89,0.0,0.0,5.8467,0.0,0.0,0.0,1.0,5.8467,True,5.8467
-152579#1,77.4,13.89,augtime,preseed,False,2,812.608,13.89,0.0,0.0,5.5724,0.0,0.0,0.0,1.0,5.5724,True,5.5724
152348,15.42,13.89,augtime,preseed,False,1,782.061,13.89,0.0,0.0,1.1102,0.0,0.0,0.0,1.0,1.1102,True,1.1102
-152581#0,299.3,13.89,augtime,preseed,False,1,785.109,13.89,0.0,0.0,21.5479,0.0,0.0,0.0,1.0,21.5479,True,21.5479
152581#1,50.85,13.89,augtime,preseed,False,0,782.061,13.89,0.0,0.0,3.6609,0.0,0.0,0.0,1.0,3.6609,False,3.6609
152345#1,21.44,13.89,augtime,preseed,False,2,838.281,13.89,0.0,0.0,1.5436,0.0,0.0,0.0,1.0,1.5436,True,1.5436
152581#0,296.08,13.89,augtime,preseed,False,0,782.061,13.89,0.0,0.0,21.3161,0.0,0.0,0.0,1.0,21.3161,False,21.3161
-152581#1,50.98,13.89,augtime,preseed,False,1,693.903,13.659,0.0005,0.0,3.7325,0.0,0.0,0.0,1.0,3.7325,True,3.6703
152581#2,16.8,13.89,augtime,preseed,False,0,782.061,13.89,0.0,0.0,1.2095,0.0,0.0,0.0,1.0,1.2095,False,1.2095
-152581#2,17.19,13.89,augtime,preseed,False,1,804.752,13.89,0.0,0.0,1.2376,0.0,0.0,0.0,1.0,1.2376,True,1.2376
152581#3,26.95,13.89,augtime,preseed,False,0,782.061,13.89,0.0,0.0,1.9402,0.0,0.0,0.0,1.0,1.9402,False,1.9402
-152581#3,26.95,13.89,augtime,preseed,False,1,667.512,13.89,0.0,0.0,1.9402,0.0,0.0,0.0,1.0,1.9402,True,1.9402
152581#4,143.76,13.89,augtime,preseed,False,0,782.061,13.89,0.0,0.0,10.3499,0.0,0.0,0.0,1.0,10.3499,False,10.3499
-152581#5,174.3,13.89,augtime,preseed,False,0,782.061,13.89,0.0,0.0,12.5486,0.0,0.0,0.0,1.0,12.5486,False,12.5486
152576,64.35,13.89,augtime,ema_unlocked,False,5,1999.053,13.89,0.0,0.0,4.6328,0.0,0.0,0.0,1.0,4.6328,True,4.6328
152582#0,100.5,13.89,augtime,ema_unlocked,False,3,311.404,13.89,0.0,0.0,7.2354,0.0,0.0,0.0,1.0,7.2354,True,7.2354
-152582#2,142.72,13.89,augtime,ema_unlocked,False,7,1247.621,13.89,0.0,0.0,10.275,0.0,0.0,0.0,1.0,10.275,True,10.275
152582#3,134.25,13.89,augtime,ema_unlocked,False,3,801.682,13.659,0.0006,0.0,9.829,0.0,0.0,0.0,1.0,9.829,True,9.6652
-152582#3,127.84,13.89,augtime,ema_unlocked,False,8,538.824,13.89,0.0,0.0,9.2037,0.0,0.0,0.0,1.0,9.2037,True,9.2037
152582#4,134.95,13.89,augtime,ema_unlocked,False,2,860.902,13.89,0.0,0.0,9.7156,0.0,0.0,0.0,1.0,9.7156,True,9.7156
-152582#4,140.37,13.89,augtime,ema_unlocked,False,9,727.434,13.89,0.0,0.0,10.1058,0.0,0.0,0.0,1.0,10.1058,True,10.1058
-152587#2,258.41,13.89,augtime,preseed,False,6,808.627,13.89,0.0,0.0,18.604,0.0,0.0,0.0,1.0,18.604,True,18.604
152583#0,73.62,13.89,augtime,preseed,False,0,782.061,13.89,0.0,0.0,5.3002,0.0,0.0,0.0,1.0,5.3002,False,5.3002
152587#3,27.42,13.89,augtime,preseed,False,1,782.061,13.89,0.0,0.0,1.9741,0.0,0.0,0.0,1.0,1.9741,True,1.9741
-152583#1,24.19,13.89,augtime,preseed,False,0,782.061,13.89,0.0,0.0,1.7415,0.0,0.0,0.0,1.0,1.7415,False,1.7415
-152584,121.29,13.89,augtime,preseed,False,0,782.061,13.89,0.0,0.0,8.7322,0.0,0.0,0.0,1.0,8.7322,False,8.7322
-153378#0,28.93,13.89,augtime,preseed,False,1,782.061,13.89,0.0,0.0,2.0828,0.0,0.0,0.0,1.0,2.0828,True,2.0828
152584,132.25,13.89,augtime,preseed,False,0,782.061,13.89,0.0,0.0,9.5212,0.0,0.0,0.0,1.0,9.5212,False,9.5212
153378#1,160.42,13.89,augtime,preseed,False,1,782.061,13.89,0.0,0.0,11.5493,0.0,0.0,0.0,1.0,11.5493,True,11.5493
-152587#0,168.85,13.89,augtime,preseed,False,6,699.249,13.89,0.0,8235.104,12.1562,0.0,0.0,0.0,1.0,12.1562,True,12.1562
152587#1,59.34,13.89,augtime,preseed,False,1,782.061,13.89,0.0,0.0,4.2721,0.0,0.0,0.0,1.0,4.2721,True,4.2721
-152587#1,59.58,13.89,augtime,preseed,False,6,707.291,13.89,0.0,0.0,4.2894,0.0,0.0,0.0,1.0,4.2894,True,4.2894
152587#2,257.66,13.89,augtime,preseed,False,1,782.061,13.89,0.0,0.0,18.55,0.0,0.0,0.0,1.0,18.55,True,18.55
152613,26.75,13.89,augtime,preseed,False,0,782.061,13.89,0.0,0.0,1.9258,0.0,0.0,0.0,1.0,1.9258,False,1.9258
-152589,180.74,13.89,augtime,preseed,False,1,782.061,13.89,0.0,0.0,13.0122,0.0,0.0,0.0,1.0,13.0122,True,13.0122
-152590#0,61.29,13.89,augtime,preseed,False,1,782.061,13.89,0.0,0.0,4.4125,0.0,0.0,0.0,1.0,4.4125,True,4.4125
152590#1,124.27,13.89,augtime,preseed,False,0,782.061,13.89,0.0,0.0,8.9467,0.0,0.0,0.0,1.0,8.9467,False,8.9467
-153380#4,28.29,13.89,augtime,preseed,False,1,782.061,13.89,0.0,0.0,2.0367,0.0,0.0,0.0,1.0,2.0367,True,2.0367
153380#5,70.65,13.89,augtime,preseed,False,0,782.061,13.89,0.0,0.0,5.0864,0.0,0.0,0.0,1.0,5.0864,False,5.0864
153491#0,404.0,13.89,augtime,preseed,False,1,782.061,13.89,0.0,0.0,29.0857,0.0,0.0,0.0,1.0,29.0857,True,29.0857
-152590#1,129.7,13.89,augtime,preseed,False,2,782.061,13.89,0.0,0.0,9.3377,0.0,0.0,0.0,1.0,9.3377,True,9.3377
-152593,143.02,13.89,augtime,preseed,False,0,782.061,13.89,0.0,0.0,10.2966,0.0,0.0,0.0,1.0,10.2966,False,10.2966
152590#2,35.55,13.89,augtime,preseed,False,1,782.061,13.89,0.0,0.0,2.5594,0.0,0.0,0.0,1.0,2.5594,True,2.5594
-152591#0,7.56,13.89,augtime,preseed,False,0,782.061,13.89,0.0,0.0,0.5443,0.0,0.0,0.0,1.0,0.5443,False,0.5443
152591#1,1.72,13.89,augtime,preseed,False,0,782.061,13.89,0.0,0.0,0.1238,0.0,0.0,0.0,1.0,0.1238,False,0.1238
152591#0,7.56,13.89,augtime,preseed,False,0,782.061,13.89,0.0,0.0,0.5443,0.0,0.0,0.0,1.0,0.5443,False,0.5443
-152591#1,1.72,13.89,augtime,preseed,False,0,782.061,13.89,0.0,0.0,0.1238,0.0,0.0,0.0,1.0,0.1238,False,0.1238
152591#2,6.87,13.89,augtime,preseed,False,0,782.061,13.89,0.0,0.0,0.4946,0.0,0.0,0.0,1.0,0.4946,False,0.4946
152597,81.71,13.89,augtime,preseed,False,0,782.061,13.89,0.0,0.0,5.8826,0.0,0.0,0.0,1.0,5.8826,False,5.8826
-152591#2,10.64,13.89,augtime,preseed,False,0,782.061,13.89,0.0,0.0,0.766,0.0,0.0,0.0,1.0,0.766,False,0.766
152591#3,393.87,13.89,augtime,preseed,False,0,782.061,13.89,0.0,0.0,28.3564,0.0,0.0,0.0,1.0,28.3564,False,28.3564
-152591#3,399.72,13.89,augtime,preseed,False,0,782.061,13.659,0.0,0.0,29.2653,0.0,0.0,0.0,1.0,29.2653,False,28.7775
152591#4,27.18,13.89,augtime,preseed,False,0,782.061,13.89,0.0,0.0,1.9568,0.0,0.0,0.0,1.0,1.9568,False,1.9568
-152591#4,27.24,13.89,augtime,preseed,False,0,782.061,13.89,0.0,0.0,1.9611,0.0,0.0,0.0,1.0,1.9611,False,1.9611
152591#5,167.71,13.89,augtime,preseed,False,0,782.061,13.89,0.0,0.0,12.0742,0.0,0.0,0.0,1.0,12.0742,False,12.0742
152592,42.98,13.89,augtime,preseed,False,0,782.061,13.89,0.0,0.0,3.0943,0.0,0.0,0.0,1.0,3.0943,False,3.0943
152593,157.0,13.89,augtime,preseed,False,0,782.061,13.89,0.0,0.0,11.3031,0.0,0.0,0.0,1.0,11.3031,False,11.3031
-152595#0,111.23,13.89,augtime,preseed,False,0,782.061,13.89,0.0,0.0,8.0079,0.0,0.0,0.0,1.0,8.0079,False,8.0079
-153065#1,27.56,13.89,augtime,preseed,False,0,782.061,13.89,0.0,0.0,1.9842,0.0,0.0,0.0,1.0,1.9842,False,1.9842
152595#1,41.84,13.89,augtime,preseed,False,0,782.061,13.89,0.0,0.0,3.0122,0.0,0.0,0.0,1.0,3.0122,False,3.0122
152595#0,95.88,13.89,augtime,preseed,False,0,782.061,13.89,0.0,0.0,6.9028,0.0,0.0,0.0,1.0,6.9028,False,6.9028
-152595#1,41.31,13.89,augtime,preseed,False,1,882.286,13.89,0.0,0.0,2.9741,0.0,0.0,0.0,1.0,2.9741,True,2.9741
-152937#3,62.5,13.89,augtime,preseed,False,2,782.061,13.89,0.0,0.0,4.4996,0.0,0.0,0.0,1.0,4.4996,True,4.4996
152937#4,116.47,13.89,augtime,preseed,False,2,782.061,13.89,0.0,0.0,8.3852,0.0,0.0,0.0,1.0,8.3852,True,8.3852
-152596,383.51,13.89,augtime,preseed,False,0,782.061,13.89,0.0,0.0,27.6105,0.0,0.0,0.0,1.0,27.6105,False,27.6105
-153381#5,452.77,13.89,augtime,preseed,False,0,782.061,13.89,0.0,0.0,32.5968,0.0,0.0,0.0,1.0,32.5968,False,32.5968
153059#0,90.78,13.89,augtime,preseed,False,0,782.061,13.89,0.0,0.0,6.5356,0.0,0.0,0.0,1.0,6.5356,False,6.5356
153381#6,197.49,13.89,augtime,preseed,False,1,782.061,13.89,0.0,0.0,14.2181,0.0,0.0,0.0,1.0,14.2181,True,14.2181
152596,391.44,13.89,augtime,preseed,False,0,782.061,13.89,0.0,0.0,28.1814,0.0,0.0,0.0,1.0,28.1814,False,28.1814
-152597,85.88,13.89,augtime,preseed,False,0,782.061,13.89,0.0,0.0,6.1829,0.0,0.0,0.0,1.0,6.1829,False,6.1829
-152598,97.07,13.89,augtime,preseed,False,0,782.061,13.89,0.0,0.0,6.9885,0.0,0.0,0.0,1.0,6.9885,False,6.9885
-153383#4,82.24,13.89,augtime,preseed,False,1,782.061,13.89,0.0,0.0,5.9208,0.0,0.0,0.0,1.0,5.9208,True,5.9208
153383#5,11.99,13.89,augtime,preseed,False,0,782.061,13.89,0.0,0.0,0.8632,0.0,0.0,0.0,1.0,0.8632,False,0.8632
152598,88.42,13.89,augtime,preseed,False,0,782.061,13.89,0.0,0.0,6.3657,0.0,0.0,0.0,1.0,6.3657,False,6.3657
-153023#1,70.32,13.89,augtime,preseed,False,0,782.061,13.89,0.0,0.0,5.0626,0.0,0.0,0.0,1.0,5.0626,False,5.0626
152599,18.82,13.89,augtime,preseed,False,0,782.061,13.89,0.0,0.0,1.3549,0.0,0.0,0.0,1.0,1.3549,False,1.3549
153023#2,165.77,13.89,augtime,preseed,False,2,595.562,13.89,0.0,0.0,11.9345,0.0,0.0,0.0,1.0,11.9345,True,11.9345
-152600,66.76,13.89,augtime,preseed,False,0,782.061,13.89,0.0,0.0,4.8063,0.0,0.0,0.0,1.0,4.8063,False,4.8063
-153023#0,226.65,13.89,augtime,preseed,False,0,782.061,13.89,0.0,0.0,16.3175,0.0,0.0,0.0,1.0,16.3175,False,16.3175
153023#1,71.32,13.89,augtime,preseed,False,2,587.35,13.89,0.0,0.0,5.1346,0.0,0.0,0.0,1.0,5.1346,True,5.1346
152600,67.19,13.89,augtime,preseed,False,0,782.061,13.89,0.0,0.0,4.8373,0.0,0.0,0.0,1.0,4.8373,False,4.8373
-152601,23.68,13.89,augtime,preseed,False,3,782.061,13.89,0.0,0.0,1.7048,0.0,0.0,0.0,1.0,1.7048,True,1.7048
152601,23.68,13.89,augtime,preseed,False,1,782.061,13.89,0.0,0.0,1.7048,0.0,0.0,0.0,1.0,1.7048,True,1.7048
152614,3.01,13.89,augtime,preseed,False,3,782.061,13.89,0.0,0.0,0.2167,0.0,0.0,0.0,1.0,0.2167,True,0.2167
-152605#0,119.56,13.89,augtime,ema_unlocked,False,1,611.373,13.89,0.0,0.0,8.6076,0.0,0.0,0.0,1.0,8.6076,True,8.6076
152605#1,201.86,13.89,augtime,ema_unlocked,False,9,395.344,13.89,0.0,0.0,14.5328,0.0,0.0,0.0,1.0,14.5328,True,14.5328
-152667#10,123.48,13.89,augtime,ema_unlocked,False,1,1398.056,13.89,0.0,0.0,8.8898,0.0,0.0,0.0,1.0,8.8898,True,8.8898
152652#0,6.51,13.89,augtime,preseed,False,1,787.72,13.89,0.0,0.0,0.4687,0.0,0.0,0.0,1.0,0.4687,True,0.4687
152667#11,114.72,13.89,augtime,ema_unlocked,False,9,780.37,13.89,0.0,0.0,8.2592,0.0,0.0,0.0,1.0,8.2592,True,8.2592
-152605#1,198.35,13.89,augtime,ema_unlocked,False,1,1065.744,13.89,0.0,0.0,14.2801,0.0,0.0,0.0,1.0,14.2801,True,14.2801
152605#2,26.09,13.89,augtime,ema_unlocked,False,8,465.363,13.89,0.0,0.0,1.8783,0.0,0.0,0.0,1.0,1.8783,True,1.8783
-152606#0,31.16,13.89,augtime,preseed,False,1,782.061,13.89,0.0,0.0,2.2433,0.0,0.0,0.0,1.0,2.2433,True,2.2433
152606#1,38.31,13.89,augtime,preseed,False,1,805.298,13.89,0.0,0.0,2.7581,0.0,0.0,0.0,1.0,2.7581,True,2.7581
152454#4,4.55,13.89,augtime,ema_unlocked,False,2,248.412,13.89,0.0,0.0,0.3276,0.0,0.0,0.0,1.0,0.3276,True,0.3276
152606#0,31.99,13.89,augtime,preseed,False,1,871.874,13.89,0.0,0.0,2.3031,0.0,0.0,0.0,1.0,2.3031,True,2.3031
-152606#1,30.08,13.89,augtime,preseed,False,1,782.061,13.89,0.0,0.0,2.1656,0.0,0.0,0.0,1.0,2.1656,True,2.1656
-152617,20.47,13.89,augtime,preseed,False,1,786.578,13.89,0.0,0.0,1.4737,0.0,0.0,0.0,1.0,1.4737,True,1.4737
152606#2,34.94,13.89,augtime,preseed,False,1,889.759,13.89,0.0,0.0,2.5155,0.0,0.0,0.0,1.0,2.5155,True,2.5155
-152606#2,31.3,13.89,augtime,preseed,False,1,627.625,13.89,0.0,0.0,2.2534,0.0,0.0,0.0,1.0,2.2534,True,2.2534
152606#3,43.25,13.89,augtime,preseed,False,1,888.853,13.89,0.0,0.0,3.1138,0.0,0.0,0.0,1.0,3.1138,True,3.1138
-152606#3,46.62,13.89,augtime,preseed,False,1,656.002,13.89,0.0,0.0,3.3564,0.0,0.0,0.0,1.0,3.3564,True,3.3564
152606#4,86.26,13.89,augtime,preseed,False,1,830.983,13.931,0.0002,9242.696,6.1921,0.0,0.3981,0.0,1.0,6.1921,True,6.2102
-152606#4,104.21,13.89,augtime,preseed,False,1,666.294,13.89,0.0,0.0,7.5025,0.0,0.0,0.0,1.0,7.5025,True,7.5025
152606#5,25.55,13.89,augtime,preseed,False,1,698.453,13.659,0.001,0.0,1.8706,0.0,0.0,0.0,1.0,1.8706,True,1.8395
-152606#5,19.07,13.89,augtime,preseed,False,1,840.055,13.89,0.0,2913.275,1.3729,0.0,0.763,0.0,1.0,1.3729,True,1.3729
152606#6,7.89,13.89,augtime,preseed,False,1,714.74,13.89,0.0,0.0,0.568,0.0,0.0,0.0,1.0,0.568,True,0.568
-152606#6,6.5,13.89,augtime,preseed,False,1,796.311,13.89,0.0,0.0,0.468,0.0,0.0,0.0,1.0,0.468,True,0.468
-152937#4,112.61,13.89,augtime,preseed,False,2,808.987,13.89,0.0,0.0,8.1073,0.0,0.0,0.0,1.0,8.1073,True,8.1073
152606#7,13.53,13.89,augtime,preseed,False,1,829.782,13.89,0.0,0.0,0.9741,0.0,0.0,0.0,1.0,0.9741,True,0.9741
-152606#7,14.97,13.89,augtime,preseed,False,3,851.685,13.89,0.0,0.0,1.0778,0.0,0.0,0.0,1.0,1.0778,True,1.0778
-152608,75.23,13.89,augtime,preseed,False,1,782.061,13.89,0.0,0.0,5.4161,0.0,0.0,0.0,1.0,5.4161,True,5.4161
152606#8,113.29,13.89,augtime,preseed,False,1,863.99,13.659,0.0004,0.0,8.2945,0.0,0.0,0.0,1.0,8.2945,True,8.1562
-152606#8,109.62,13.89,augtime,preseed,False,4,613.86,13.89,0.0,0.0,7.892,0.0,0.0,0.0,1.0,7.892,True,7.892
152606#9,3.33,13.89,augtime,preseed,False,1,755.248,13.89,0.0,0.0,0.2397,0.0,0.0,0.0,1.0,0.2397,True,0.2397
-152607,182.4,13.89,augtime,preseed,False,1,782.061,13.89,0.0,0.0,13.1317,0.0,0.0,0.0,1.0,13.1317,True,13.1317
152363#3,9.52,13.89,augtime,ema_unlocked,False,7,1327.941,13.89,0.0,0.0,0.6854,0.0,0.0,0.0,1.0,0.6854,True,0.6854
152608,76.46,13.89,augtime,preseed,False,1,782.061,13.89,0.0,0.0,5.5047,0.0,0.0,0.0,1.0,5.5047,True,5.5047
-152610,44.08,13.89,augtime,preseed,False,1,810.807,13.89,0.0,0.0,3.1735,0.0,0.0,0.0,1.0,3.1735,True,3.1735
152617,20.47,13.89,augtime,preseed,False,0,782.061,13.89,0.0,0.0,1.4737,0.0,0.0,0.0,1.0,1.4737,False,1.4737
-152611#0,136.01,13.89,augtime,preseed,False,0,782.061,13.89,0.0,0.0,9.7919,0.0,0.0,0.0,1.0,9.7919,False,9.7919
-152615#0,121.4,13.89,augtime,preseed,False,2,792.667,13.89,0.0,0.0,8.7401,0.0,0.0,0.0,1.0,8.7401,True,8.7401
152615#1,10.96,13.89,augtime,preseed,False,2,897.604,13.89,0.0,0.0,0.7891,0.0,0.0,0.0,1.0,0.7891,True,0.7891
152611#0,137.57,13.89,augtime,preseed,False,0,782.061,13.89,0.0,0.0,9.9042,0.0,0.0,0.0,1.0,9.9042,False,9.9042
-152612,21.94,13.89,augtime,preseed,False,0,782.061,13.89,0.0,0.0,1.5796,0.0,0.0,0.0,1.0,1.5796,False,1.5796
152604,3.24,13.89,augtime,preseed,False,3,782.061,13.89,0.0,0.0,0.2333,0.0,0.0,0.0,1.0,0.2333,True,0.2333
152612,21.94,13.89,augtime,preseed,False,0,782.061,13.89,0.0,0.0,1.5796,0.0,0.0,0.0,1.0,1.5796,False,1.5796
-152613,30.83,13.89,augtime,preseed,False,0,782.061,13.89,0.0,0.0,2.2196,0.0,0.0,0.0,1.0,2.2196,False,2.2196
152454#3,14.15,13.89,augtime,ema_unlocked,False,3,961.631,13.784,0.0015,2350.688,1.0266,0.0,0.6906,0.0,1.0,1.0266,True,1.0187
152615#0,125.27,13.89,augtime,preseed,False,2,844.058,13.89,0.0,0.0,9.0187,0.0,0.0,0.0,1.0,9.0187,True,9.0187
-152615#1,8.32,13.89,augtime,preseed,False,2,804.257,13.89,0.0,0.0,0.599,0.0,0.0,0.0,1.0,0.599,True,0.599
152615#2,67.31,13.89,augtime,preseed,False,2,923.007,13.89,0.0,0.0,4.8459,0.0,0.0,0.0,1.0,4.8459,True,4.8459
-152616,35.99,13.89,augtime,preseed,False,0,782.061,13.89,0.0,0.0,2.5911,0.0,0.0,0.0,1.0,2.5911,False,2.5911
152534#7,90.47,13.89,augtime,preseed,False,3,810.368,13.89,0.0,0.0,6.5133,0.0,0.0,0.0,1.0,6.5133,True,6.5133
152616,35.91,13.89,augtime,preseed,False,0,782.061,13.89,0.0,0.0,2.5853,0.0,0.0,0.0,1.0,2.5853,False,2.5853
-152635,610.78,13.89,augtime,preseed,False,0,782.061,13.89,0.0,0.0,43.9726,0.0,0.0,0.0,1.0,43.9726,False,43.9726
-153490#8,18.68,13.89,augtime,preseed,False,0,782.061,13.89,0.0,0.0,1.3449,0.0,0.0,0.0,1.0,1.3449,False,1.3449
153490#9,1702.66,13.89,augtime,preseed,False,0,782.061,13.89,0.0,0.0,122.5817,0.0,0.0,0.0,1.0,122.5817,False,122.5817
-152619,190.11,13.89,augtime,preseed,False,0,782.061,13.89,0.0,0.0,13.6868,0.0,0.0,0.0,1.0,13.6868,False,13.6868
-153384#1,366.15,13.89,augtime,ema_unlocked,False,3,108.223,13.89,0.0,2891.946,26.3607,0.0,0.0069,0.0,1.0,26.3607,True,26.3607
152619,197.97,13.89,augtime,preseed,False,0,782.061,13.89,0.0,0.0,14.2527,0.0,0.0,0.0,1.0,14.2527,False,14.2527
153384#2,467.48,13.89,augtime,preseed,False,5,878.324,13.89,0.0,0.0,33.6559,0.0,0.0,0.0,1.0,33.6559,True,33.6559
-152620,119.59,13.89,augtime,preseed,False,0,782.061,13.89,0.0,0.0,8.6098,0.0,0.0,0.0,1.0,8.6098,False,8.6098
-152629,290.33,13.89,augtime,preseed,False,0,782.061,13.89,0.0,0.0,20.9021,0.0,0.0,0.0,1.0,20.9021,False,20.9021
152620,113.25,13.89,augtime,preseed,False,0,782.061,13.89,0.0,0.0,8.1533,0.0,0.0,0.0,1.0,8.1533,False,8.1533
153024,121.62,13.89,augtime,preseed,False,0,782.061,13.89,0.0,0.0,8.7559,0.0,0.0,0.0,1.0,8.7559,False,8.7559
-152621,96.88,13.89,augtime,preseed,False,0,782.061,13.89,0.0,0.0,6.9748,0.0,0.0,0.0,1.0,6.9748,False,6.9748
-152622,107.94,13.89,augtime,preseed,False,0,782.061,13.89,0.0,0.0,7.7711,0.0,0.0,0.0,1.0,7.7711,False,7.7711
-153384#0,220.13,13.89,augtime,ema_unlocked,False,3,20.466,13.89,0.0,0.0,15.8481,0.0,0.0,0.0,1.0,15.8481,True,15.8481
152622,124.93,13.89,augtime,preseed,False,0,782.061,13.89,0.0,0.0,8.9942,0.0,0.0,0.0,1.0,8.9942,False,8.9942
153384#1,359.78,13.89,augtime,preseed,False,5,848.506,13.89,0.0,0.0,25.9021,0.0,0.0,0.0,1.0,25.9021,True,25.9021
-152623,150.24,13.89,augtime,preseed,False,0,782.061,13.89,0.0,0.0,10.8164,0.0,0.0,0.0,1.0,10.8164,False,10.8164
-153387#3,423.57,13.89,augtime,preseed,False,0,782.061,13.89,0.0,0.0,30.4946,0.0,0.0,0.0,1.0,30.4946,False,30.4946
153387#4,131.71,13.89,augtime,preseed,False,0,782.061,13.89,0.0,0.0,9.4824,0.0,0.0,0.0,1.0,9.4824,False,9.4824
152623,157.78,13.89,augtime,preseed,False,0,782.061,13.89,0.0,0.0,11.3593,0.0,0.0,0.0,1.0,11.3593,False,11.3593
-152624#0,170.27,13.89,augtime,preseed,False,1,782.061,13.89,0.0,0.0,12.2585,0.0,0.0,0.0,1.0,12.2585,True,12.2585
-152742,213.63,13.89,augtime,preseed,False,0,782.061,13.89,0.0,0.0,15.3801,0.0,0.0,0.0,1.0,15.3801,False,15.3801
152624#1,412.92,13.89,augtime,preseed,False,1,782.061,13.89,0.0,43278.126,29.7279,0.0,0.4308,0.0,1.0,29.7279,True,29.7279
-153424#1,21.61,13.89,augtime,preseed,False,2,782.061,13.89,0.0,0.0,1.5558,0.0,0.0,0.0,1.0,1.5558,True,1.5558
152624#0,167.63,13.89,augtime,preseed,False,1,782.061,13.89,0.0,19516.826,12.0684,0.0,0.5339,0.0,1.0,12.0684,True,12.0684
152732,185.57,13.89,augtime,preseed,False,1,782.061,13.89,0.0,0.0,13.36,0.0,0.0,0.0,1.0,13.36,True,13.36
-152624#1,412.74,13.89,augtime,preseed,False,1,782.061,13.89,0.0,0.0,29.7149,0.0,0.0,0.0,1.0,29.7149,True,29.7149
152624#2,286.88,13.89,augtime,preseed,False,1,782.061,13.89,0.0,0.0,20.6537,0.0,0.0,0.0,1.0,20.6537,True,20.6537
152977,201.54,13.89,augtime,preseed,False,1,782.061,13.89,0.0,0.0,14.5097,0.0,0.0,0.0,1.0,14.5097,True,14.5097
-152624#2,293.76,13.89,augtime,preseed,False,0,782.061,13.89,0.0,0.0,21.149,0.0,0.0,0.0,1.0,21.149,False,21.149
152624#3,49.96,13.89,augtime,preseed,False,1,782.061,13.89,0.0,0.0,3.5968,0.0,0.0,0.0,1.0,3.5968,True,3.5968
152641#0,40.23,13.89,augtime,preseed,False,0,782.061,13.89,0.0,0.0,2.8963,0.0,0.0,0.0,1.0,2.8963,False,2.8963
-152625#0,53.31,13.89,augtime,preseed,False,0,782.061,13.89,0.0,0.0,3.838,0.0,0.0,0.0,1.0,3.838,False,3.838
152625#1,69.31,13.89,augtime,preseed,False,0,782.061,13.89,0.0,0.0,4.9899,0.0,0.0,0.0,1.0,4.9899,False,4.9899
153066,181.99,13.89,augtime,preseed,False,0,782.061,13.89,0.0,0.0,13.1022,0.0,0.0,0.0,1.0,13.1022,False,13.1022
-153389#2,17.03,13.89,augtime,preseed,False,0,782.061,13.89,0.0,0.0,1.2261,0.0,0.0,0.0,1.0,1.2261,False,1.2261
152625#0,58.63,13.89,augtime,preseed,False,0,782.061,13.89,0.0,0.0,4.221,0.0,0.0,0.0,1.0,4.221,False,4.221
153389#3,223.04,13.89,augtime,preseed,False,0,782.061,13.89,0.0,0.0,16.0576,0.0,0.0,0.0,1.0,16.0576,False,16.0576
-152625#1,69.93,13.89,augtime,preseed,False,0,782.061,13.89,0.0,0.0,5.0346,0.0,0.0,0.0,1.0,5.0346,False,5.0346
152626#0,70.36,13.89,augtime,preseed,False,0,782.061,13.89,0.0,0.0,5.0655,0.0,0.0,0.0,1.0,5.0655,False,5.0655
-152626#1,153.67,13.89,augtime,preseed,False,0,782.061,13.89,0.0,0.0,11.0634,0.0,0.0,0.0,1.0,11.0634,False,11.0634
152626#2,90.8,13.89,augtime,preseed,False,0,782.061,13.89,0.0,0.0,6.5371,0.0,0.0,0.0,1.0,6.5371,False,6.5371
153025,171.42,13.89,augtime,preseed,False,0,782.061,13.89,0.0,0.0,12.3413,0.0,0.0,0.0,1.0,12.3413,False,12.3413
-152626#2,88.73,13.89,augtime,preseed,False,0,782.061,13.89,0.0,0.0,6.388,0.0,0.0,0.0,1.0,6.388,False,6.388
-153490#6,194.8,13.89,augtime,preseed,False,0,782.061,13.89,0.0,0.0,14.0245,0.0,0.0,0.0,1.0,14.0245,False,14.0245
153490#7,118.81,13.89,augtime,preseed,False,0,782.061,13.89,0.0,0.0,8.5536,0.0,0.0,0.0,1.0,8.5536,False,8.5536
-152627#0,99.31,13.89,augtime,preseed,False,0,782.061,13.89,0.0,0.0,7.1497,0.0,0.0,0.0,1.0,7.1497,False,7.1497
-153067,91.99,13.89,augtime,preseed,False,0,782.061,13.89,0.0,0.0,6.6228,0.0,0.0,0.0,1.0,6.6228,False,6.6228
152627#1,197.94,13.89,augtime,preseed,False,0,782.061,13.89,0.0,0.0,14.2505,0.0,0.0,0.0,1.0,14.2505,False,14.2505
152627#0,92.02,13.89,augtime,preseed,False,0,782.061,13.89,0.0,0.0,6.6249,0.0,0.0,0.0,1.0,6.6249,False,6.6249
153387#2,9.47,13.89,augtime,ema_unlocked,False,5,196.245,13.89,0.0,1196.01,0.6818,0.0,1.0,0.0,1.0,0.6818,True,0.6818
153486,489.81,13.89,augtime,preseed,False,0,782.061,13.89,0.0,0.0,35.2635,0.0,0.0,0.0,1.0,35.2635,False,35.2635
-152627#1,198.42,13.89,augtime,preseed,False,0,782.061,13.89,0.0,0.0,14.2851,0.0,0.0,0.0,1.0,14.2851,False,14.2851
-152628#0,463.56,13.89,augtime,ema_unlocked,False,3,146.433,13.89,0.0,0.0,33.3737,0.0,0.0,0.0,1.0,33.3737,True,33.3737
-153387#4,136.13,13.89,augtime,preseed,False,0,782.061,13.89,0.0,0.0,9.8006,0.0,0.0,0.0,1.0,9.8006,False,9.8006
152628#1,280.71,13.89,augtime,preseed,False,5,952.695,13.89,0.0,0.0,20.2095,0.0,0.0,0.0,1.0,20.2095,True,20.2095
153387#5,172.35,13.89,augtime,preseed,False,0,782.061,13.89,0.0,0.0,12.4082,0.0,0.0,0.0,1.0,12.4082,False,12.4082
-152628#1,285.41,13.89,augtime,ema_unlocked,False,3,248.33,13.89,0.0,0.0,20.5479,0.0,0.0,0.0,1.0,20.5479,True,20.5479
-153387#2,6.89,13.89,augtime,preseed,False,5,915.51,13.89,0.0,0.0,0.496,0.0,0.0,0.0,1.0,0.496,True,0.496
153387#3,416.39,13.89,augtime,preseed,False,0,782.061,13.89,0.0,0.0,29.9777,0.0,0.0,0.0,1.0,29.9777,False,29.9777
152629,290.2,13.89,augtime,preseed,False,0,782.061,13.89,0.0,0.0,20.8927,0.0,0.0,0.0,1.0,20.8927,False,20.8927
152636,48.06,13.89,augtime,preseed,False,0,782.061,13.89,0.0,0.0,3.46,0.0,0.0,0.0,1.0,3.46,False,3.46
152728,130.21,13.89,augtime,preseed,False,0,782.061,13.89,0.0,0.0,9.3744,0.0,0.0,0.0,1.0,9.3744,False,9.3744
152976,32.32,13.89,augtime,preseed,False,0,782.061,13.89,0.0,0.0,2.3269,0.0,0.0,0.0,1.0,2.3269,False,2.3269
-152630,372.47,13.89,augtime,preseed,False,0,782.061,13.89,0.0,0.0,26.8157,0.0,0.0,0.0,1.0,26.8157,False,26.8157
-153490#7,121.19,13.89,augtime,preseed,False,0,782.061,13.89,0.0,0.0,8.725,0.0,0.0,0.0,1.0,8.725,False,8.725
153490#8,18.68,13.89,augtime,preseed,False,0,782.061,13.89,0.0,0.0,1.3449,0.0,0.0,0.0,1.0,1.3449,False,1.3449
152630,361.18,13.89,augtime,preseed,False,0,782.061,13.89,0.0,0.0,26.0029,0.0,0.0,0.0,1.0,26.0029,False,26.0029
-152631,149.04,13.89,augtime,preseed,False,0,782.061,13.89,0.0,0.0,10.73,0.0,0.0,0.0,1.0,10.73,False,10.73
-152634,279.96,13.89,augtime,preseed,False,0,782.061,13.89,0.0,0.0,20.1555,0.0,0.0,0.0,1.0,20.1555,False,20.1555
-153389#0,191.25,13.89,augtime,preseed,False,0,782.061,13.89,0.0,0.0,13.7689,0.0,0.0,0.0,1.0,13.7689,False,13.7689
152631,156.96,13.89,augtime,preseed,False,0,782.061,13.89,0.0,0.0,11.3002,0.0,0.0,0.0,1.0,11.3002,False,11.3002
153389#2,11.58,13.89,augtime,preseed,False,0,782.061,13.89,0.0,0.0,0.8337,0.0,0.0,0.0,1.0,0.8337,False,0.8337
-152632,85.09,13.89,augtime,preseed,False,0,782.061,13.89,0.0,0.0,6.126,0.0,0.0,0.0,1.0,6.126,False,6.126
-152976,31.49,13.89,augtime,preseed,False,0,782.061,13.89,0.0,0.0,2.2671,0.0,0.0,0.0,1.0,2.2671,False,2.2671
152632,74.22,13.89,augtime,preseed,False,0,782.061,13.89,0.0,0.0,5.3434,0.0,0.0,0.0,1.0,5.3434,False,5.3434
153561,69.67,13.89,augtime,preseed,False,0,782.061,13.89,0.0,0.0,5.0158,0.0,0.0,0.0,1.0,5.0158,False,5.0158
-152633,244.64,13.89,augtime,preseed,False,0,782.061,13.89,0.0,0.0,17.6127,0.0,0.0,0.0,1.0,17.6127,False,17.6127
-153387#5,166.09,13.89,augtime,preseed,False,0,782.061,13.89,0.0,0.0,11.9575,0.0,0.0,0.0,1.0,11.9575,False,11.9575
152633,246.44,13.89,augtime,preseed,False,0,782.061,13.89,0.0,0.0,17.7423,0.0,0.0,0.0,1.0,17.7423,False,17.7423
153387#6,806.52,13.89,augtime,preseed,False,1,687.89,13.89,0.0,0.0,58.0648,0.0,0.0,0.0,1.0,58.0648,True,58.0648
152634,266.65,13.89,augtime,preseed,False,0,782.061,13.89,0.0,0.0,19.1973,0.0,0.0,0.0,1.0,19.1973,False,19.1973
152635,627.75,13.89,augtime,preseed,False,0,782.061,13.89,0.0,0.0,45.1944,0.0,0.0,0.0,1.0,45.1944,False,45.1944
-152636,50.87,13.89,augtime,preseed,False,0,782.061,13.89,0.0,0.0,3.6623,0.0,0.0,0.0,1.0,3.6623,False,3.6623
-152637,32.59,13.89,augtime,preseed,False,0,782.061,13.89,0.0,0.0,2.3463,0.0,0.0,0.0,1.0,2.3463,False,2.3463
-152732,185.14,13.89,augtime,preseed,False,0,782.061,13.89,0.0,0.0,13.329,0.0,0.0,0.0,1.0,13.329,False,13.329
153490#0,82.03,13.89,augtime,preseed,False,1,782.061,13.89,0.0,0.0,5.9057,0.0,0.0,0.0,1.0,5.9057,True,5.9057
-153328,32.82,13.89,augtime,preseed,False,0,782.061,13.89,0.0,0.0,2.3629,0.0,0.0,0.0,1.0,2.3629,False,2.3629
152639,184.91,13.89,augtime,preseed,False,0,782.061,13.89,0.0,0.0,13.3125,0.0,0.0,0.0,1.0,13.3125,False,13.3125
-152640,172.84,13.89,augtime,preseed,False,0,782.061,13.89,0.0,0.0,12.4435,0.0,0.0,0.0,1.0,12.4435,False,12.4435
-153490#3,21.66,13.89,augtime,preseed,False,1,793.864,13.89,0.0,0.0,1.5594,0.0,0.0,0.0,1.0,1.5594,True,1.5594
152640,180.65,13.89,augtime,preseed,False,0,782.061,13.89,0.0,0.0,13.0058,0.0,0.0,0.0,1.0,13.0058,False,13.0058
153490#4,134.18,13.89,augtime,preseed,False,1,782.061,13.89,0.0,0.0,9.6602,0.0,0.0,0.0,1.0,9.6602,True,9.6602
-152641#0,49.66,13.89,augtime,preseed,False,0,782.061,13.89,0.0,0.0,3.5752,0.0,0.0,0.0,1.0,3.5752,False,3.5752
152641#1,60.86,13.89,augtime,preseed,False,0,782.061,13.89,0.0,0.0,4.3816,0.0,0.0,0.0,1.0,4.3816,False,4.3816
152643,49.03,13.89,augtime,preseed,False,0,782.061,13.89,0.0,0.0,3.5299,0.0,0.0,0.0,1.0,3.5299,False,3.5299
-152641#1,64.81,13.89,augtime,preseed,False,0,782.061,13.89,0.0,0.0,4.6659,0.0,0.0,0.0,1.0,4.6659,False,4.6659
-152642#0,125.49,13.89,augtime,preseed,False,2,782.061,13.89,0.0,0.0,9.0346,0.0,0.0,0.0,1.0,9.0346,True,9.0346
152642#1,109.13,13.89,augtime,preseed,False,0,782.061,13.89,0.0,0.0,7.8567,0.0,0.0,0.0,1.0,7.8567,False,7.8567
-152642#1,120.73,13.89,augtime,preseed,False,0,782.061,13.89,0.0,0.0,8.6919,0.0,0.0,0.0,1.0,8.6919,False,8.6919
152642#0,110.12,13.89,augtime,preseed,False,0,782.061,13.89,0.0,0.0,7.928,0.0,0.0,0.0,1.0,7.928,False,7.928
152642#2,54.35,13.89,augtime,preseed,False,2,782.061,13.89,0.0,0.0,3.9129,0.0,0.0,0.0,1.0,3.9129,True,3.9129
-152642#2,61.58,13.89,augtime,preseed,False,0,782.061,13.89,0.0,0.0,4.4334,0.0,0.0,0.0,1.0,4.4334,False,4.4334
152642#3,12.32,13.89,augtime,preseed,False,2,782.061,13.89,0.0,0.0,0.887,0.0,0.0,0.0,1.0,0.887,True,0.887
153557,54.41,13.89,augtime,preseed,False,0,782.061,13.89,0.0,0.0,3.9172,0.0,0.0,0.0,1.0,3.9172,False,3.9172
-152643,47.6,13.89,augtime,preseed,False,0,782.061,13.89,0.0,0.0,3.4269,0.0,0.0,0.0,1.0,3.4269,False,3.4269
-152644,92.62,13.89,augtime,preseed,False,0,782.061,13.89,0.0,0.0,6.6681,0.0,0.0,0.0,1.0,6.6681,False,6.6681
-153394#0,78.78,13.89,augtime,preseed,False,1,659.467,13.89,0.0,0.0,5.6717,0.0,0.0,0.0,1.0,5.6717,True,5.6717
153394#1,63.4,13.89,augtime,preseed,False,0,782.061,13.89,0.0,0.0,4.5644,0.0,0.0,0.0,1.0,4.5644,False,4.5644
152644,73.35,13.89,augtime,preseed,False,0,782.061,13.89,0.0,0.0,5.2808,0.0,0.0,0.0,1.0,5.2808,False,5.2808
-152645,420.3,13.89,augtime,preseed,False,0,782.061,13.89,0.0,0.0,30.2592,0.0,0.0,0.0,1.0,30.2592,False,30.2592
152756#1,37.66,13.89,augtime,preseed,False,1,868.534,13.832,0.0006,8790.315,2.7227,0.0,1.0,0.0,1.0,2.7227,True,2.7113
-152756#0,180.74,13.89,augtime,preseed,False,0,782.061,13.89,0.0,0.0,13.0122,0.0,0.0,0.0,1.0,13.0122,False,13.0122
-152756#1,40.81,13.89,augtime,preseed,False,0,782.061,13.89,0.0,0.0,2.9381,0.0,0.0,0.0,1.0,2.9381,False,2.9381
152645,446.22,13.89,augtime,preseed,False,1,794.799,13.89,0.0,0.0,32.1253,0.0,0.0,0.0,1.0,32.1253,True,32.1253
152756#2,85.1,13.89,augtime,preseed,False,1,778.959,13.89,0.0,0.0,6.1267,0.0,0.0,0.0,1.0,6.1267,True,6.1267
-152648#0,97.58,13.89,augtime,preseed,False,1,741.677,13.885,0.0004,4206.029,7.0277,0.0,0.0,0.0,1.0,7.0277,True,7.0252
152648#1,20.38,13.89,augtime,preseed,False,2,774.999,13.89,0.0,0.0,1.4672,0.0,0.0,0.0,1.0,1.4672,True,1.4672
153400,18.41,13.89,augtime,preseed,False,1,839.887,13.89,0.0,0.0,1.3254,0.0,0.0,0.0,1.0,1.3254,True,1.3254
152647#1,25.55,13.89,augtime,ema_unlocked,False,2,1782.731,13.89,0.0,0.0,1.8395,0.0,0.0,0.0,1.0,1.8395,True,1.8395
152648#0,99.55,13.89,augtime,preseed,False,3,866.507,13.89,0.0,0.0,7.167,0.0,0.0,0.0,1.0,7.167,True,7.167
-152648#1,23.38,13.89,augtime,preseed,False,1,822.794,13.89,0.0,0.0,1.6832,0.0,0.0,0.0,1.0,1.6832,True,1.6832
152648#2,38.77,13.89,augtime,preseed,False,2,878.889,13.871,0.0005,5428.102,2.795,0.0,0.6048,0.0,1.0,2.795,True,2.7912
-152648#2,38.21,13.89,augtime,preseed,False,2,782.061,13.931,0.001,0.0,2.7428,0.0,0.0,0.0,1.0,2.7428,True,2.7509
152648#3,63.03,13.89,augtime,preseed,False,2,771.869,13.89,0.0,0.0,4.5378,0.0,0.0,0.0,1.0,4.5378,True,4.5378
-152648#3,60.67,13.89,augtime,preseed,False,1,782.881,13.89,0.0,0.0,4.3679,0.0,0.0,0.0,1.0,4.3679,True,4.3679
152648#4,8.12,13.89,augtime,preseed,False,2,843.623,13.89,0.0,0.0,0.5846,0.0,0.0,0.0,1.0,0.5846,True,0.5846
-152648#4,8.13,13.89,augtime,preseed,False,1,744.495,13.89,0.0,0.0,0.5853,0.0,0.0,0.0,1.0,0.5853,True,0.5853
152648#5,58.23,13.89,augtime,preseed,False,2,782.834,13.889,0.0006,3986.544,4.1924,0.0,0.1073,0.0,1.0,4.1924,True,4.1922
-152648#5,57.43,13.89,augtime,preseed,False,1,768.363,13.89,0.0,0.0,4.1346,0.0,0.0,0.0,1.0,4.1346,True,4.1346
152648#6,135.87,13.89,augtime,preseed,False,2,671.856,13.89,0.0,0.0,9.7819,0.0,0.0,0.0,1.0,9.7819,True,9.7819
153398#0,6.65,13.89,augtime,preseed,False,3,782.061,13.89,0.0,0.0,0.4788,0.0,0.0,0.0,1.0,0.4788,True,0.4788
-152648#6,137.28,13.89,augtime,preseed,False,1,848.399,13.89,0.0,0.0,9.8834,0.0,0.0,0.0,1.0,9.8834,True,9.8834
152353#2,2.11,13.89,augtime,preseed,False,0,782.061,13.89,0.0,0.0,0.1519,0.0,0.0,0.0,1.0,0.1519,False,0.1519
-152650#0,11.92,13.89,augtime,preseed,False,5,764.734,13.659,0.0025,0.0,0.8727,0.0,0.0,0.0,1.0,0.8727,True,0.8582
152650#1,57.48,13.89,augtime,preseed,False,2,782.061,13.89,0.0,0.0,4.1382,0.0,0.0,0.0,1.0,4.1382,True,4.1382
152672#1,4.49,13.89,augtime,ema_unlocked,False,2,1901.47,13.89,0.0,0.0,0.3233,0.0,0.0,0.0,1.0,0.3233,True,0.3233
152688#0,66.54,13.89,augtime,preseed,False,0,782.061,13.89,0.0,0.0,4.7905,0.0,0.0,0.0,1.0,4.7905,False,4.7905
-152650#2,71.21,13.89,augtime,preseed,False,0,782.061,13.89,0.0,0.0,5.1267,0.0,0.0,0.0,1.0,5.1267,False,5.1267
-152657#2,100.17,13.89,augtime,preseed,False,0,782.061,13.89,0.0,0.0,7.2117,0.0,0.0,0.0,1.0,7.2117,False,7.2117
-152677#5,42.34,13.89,augtime,preseed,False,5,743.588,13.89,0.0,0.0,3.0482,0.0,0.0,0.0,1.0,3.0482,True,3.0482
152650#0,11.9,13.89,augtime,ema_unlocked,False,2,1176.724,13.659,0.0016,0.0,0.8713,0.0,0.0,0.0,1.0,0.8713,True,0.8567
-152650#1,51.55,13.89,augtime,preseed,False,0,782.061,13.89,0.0,0.0,3.7113,0.0,0.0,0.0,1.0,3.7113,False,3.7113
152650#2,82.21,13.89,augtime,preseed,False,2,782.061,13.89,0.0,0.0,5.9186,0.0,0.0,0.0,1.0,5.9186,True,5.9186
-152651,40.36,13.89,augtime,preseed,False,1,782.061,13.89,0.0,0.0,2.9057,0.0,0.0,0.0,1.0,2.9057,True,2.9057
152659,24.86,13.89,augtime,preseed,False,1,733.569,13.89,0.0,0.0,1.7898,0.0,0.0,0.0,1.0,1.7898,True,1.7898
-152949,20.7,13.89,augtime,preseed,False,1,782.061,13.89,0.0,0.0,1.4903,0.0,0.0,0.0,1.0,1.4903,True,1.4903
152651,40.36,13.89,augtime,preseed,False,1,814.292,13.89,0.0,0.0,2.9057,0.0,0.0,0.0,1.0,2.9057,True,2.9057
-152653,83.98,13.89,augtime,preseed,False,1,782.061,13.89,0.0,0.0,6.0461,0.0,0.0,0.0,1.0,6.0461,True,6.0461
-152667#8,6.69,13.89,augtime,ema_unlocked,False,2,870.389,13.89,0.0,0.0,0.4816,0.0,0.0,0.0,1.0,0.4816,True,0.4816
152667#9,32.04,13.89,augtime,ema_unlocked,False,10,4320.016,13.89,0.0,11092.85,2.3067,0.0,0.0566,0.0,1.0,2.3067,True,2.3067
-152673,50.83,13.89,augtime,preseed,False,1,782.061,13.89,0.0,0.0,3.6595,0.0,0.0,0.0,1.0,3.6595,True,3.6595
152653,76.87,13.89,augtime,preseed,False,1,676.315,13.89,0.0,0.0,5.5342,0.0,0.0,0.0,1.0,5.5342,True,5.5342
-152657#0,5.31,13.89,augtime,preseed,False,0,782.061,13.89,0.0,0.0,0.3823,0.0,0.0,0.0,1.0,0.3823,False,0.3823
152657#1,29.09,13.89,augtime,preseed,False,0,782.061,13.89,0.0,0.0,2.0943,0.0,0.0,0.0,1.0,2.0943,False,2.0943
152657#0,5.33,13.89,augtime,preseed,False,0,782.061,13.89,0.0,0.0,0.3837,0.0,0.0,0.0,1.0,0.3837,False,0.3837
152667#1,18.97,13.89,augtime,ema_unlocked,False,10,1166.126,13.89,0.0,0.0,1.3657,0.0,0.0,0.0,1.0,1.3657,True,1.3657
152702#0,6.47,13.89,augtime,ema_unlocked,False,3,314.859,13.89,0.0,0.0,0.4658,0.0,0.0,0.0,1.0,0.4658,True,0.4658
-152657#1,29.09,13.89,augtime,preseed,False,0,782.061,13.89,0.0,0.0,2.0943,0.0,0.0,0.0,1.0,2.0943,False,2.0943
152657#2,100.04,13.89,augtime,preseed,False,0,782.061,13.89,0.0,0.0,7.2023,0.0,0.0,0.0,1.0,7.2023,False,7.2023
-152658#0,77.67,13.89,augtime,preseed,False,0,782.061,13.89,0.0,0.0,5.5918,0.0,0.0,0.0,1.0,5.5918,False,5.5918
152658#1,67.25,13.89,augtime,preseed,False,1,782.061,13.89,0.0,3096.051,4.8416,0.0,0.0,0.0,1.0,4.8416,True,4.8416
152671,44.63,13.89,augtime,preseed,False,1,782.061,13.89,0.0,0.0,3.2131,0.0,0.0,0.0,1.0,3.2131,True,3.2131
152658#0,80.06,13.89,augtime,preseed,False,0,782.061,13.89,0.0,0.0,5.7639,0.0,0.0,0.0,1.0,5.7639,False,5.7639
-152658#1,60.65,13.89,augtime,preseed,False,1,782.061,13.89,0.0,0.0,4.3665,0.0,0.0,0.0,1.0,4.3665,True,4.3665
152534#2,253.91,13.89,augtime,preseed,False,3,742.006,13.89,0.0,0.0,18.2801,0.0,0.0,0.0,1.0,18.2801,True,18.2801
152535#6,99.64,13.89,augtime,ema_unlocked,False,6,749.413,13.89,0.0,0.0,7.1735,0.0,0.0,0.0,1.0,7.1735,True,7.1735
-152659,24.05,13.89,augtime,preseed,False,1,782.061,13.89,0.0,0.0,1.7315,0.0,0.0,0.0,1.0,1.7315,True,1.7315
152673,51.88,13.89,augtime,preseed,False,1,771.273,13.89,0.0,0.0,3.7351,0.0,0.0,0.0,1.0,3.7351,True,3.7351
-152660#0,121.77,13.89,augtime,preseed,False,3,782.061,13.89,0.0,0.0,8.7667,0.0,0.0,0.0,1.0,8.7667,True,8.7667
152660#1,10.18,13.89,augtime,preseed,False,2,782.061,13.89,0.0,0.0,0.7329,0.0,0.0,0.0,1.0,0.7329,True,0.7329
-152677#2,29.9,13.89,augtime,preseed,False,4,908.153,13.89,0.0,0.0,2.1526,0.0,0.0,0.0,1.0,2.1526,True,2.1526
152660#0,121.76,13.89,augtime,preseed,False,2,782.061,13.89,0.0,0.0,8.766,0.0,0.0,0.0,1.0,8.766,True,8.766
152677#3,86.66,13.89,augtime,preseed,False,1,891.964,13.89,0.0,0.0,6.239,0.0,0.0,0.0,1.0,6.239,True,6.239
-152660#1,11.42,13.89,augtime,preseed,False,3,782.061,13.89,0.0,0.0,0.8222,0.0,0.0,0.0,1.0,0.8222,True,0.8222
-152663,90.8,13.89,augtime,preseed,False,2,782.061,13.89,0.0,0.0,6.5371,0.0,0.0,0.0,1.0,6.5371,True,6.5371
-152661,15.1,13.89,augtime,preseed,False,1,782.061,13.89,0.0,0.0,1.0871,0.0,0.0,0.0,1.0,1.0871,True,1.0871
152949,18.13,13.89,augtime,preseed,False,1,828.214,13.89,0.0,0.0,1.3053,0.0,0.0,0.0,1.0,1.3053,True,1.3053
-152667#3,80.08,13.89,augtime,ema_unlocked,False,1,646.337,13.89,0.0,0.0,5.7653,0.0,0.0,0.0,1.0,5.7653,True,5.7653
-152668#2,110.97,13.89,augtime,preseed,False,0,782.061,13.89,0.0,0.0,7.9892,0.0,0.0,0.0,1.0,7.9892,False,7.9892
152661,11.51,13.89,augtime,preseed,False,0,782.061,13.89,0.0,0.0,0.8287,0.0,0.0,0.0,1.0,0.8287,False,0.8287
152667#4,55.51,13.89,augtime,ema_unlocked,False,10,696.508,13.89,0.0,0.0,3.9964,0.0,0.0,0.0,1.0,3.9964,True,3.9964
152714,133.94,13.89,augtime,preseed,False,2,817.185,13.89,0.0,0.0,9.6429,0.0,0.0,0.0,1.0,9.6429,True,9.6429
-152662,70.14,13.89,augtime,preseed,False,0,782.061,13.89,0.0,0.0,5.0497,0.0,0.0,0.0,1.0,5.0497,False,5.0497
152654#2,45.76,13.89,augtime,preseed,False,5,937.818,13.89,0.0,5157.006,3.2945,0.0,0.3346,0.0,1.0,3.2945,True,3.2945
152663,90.23,13.89,augtime,preseed,False,3,782.061,13.89,0.0,0.0,6.496,0.0,0.0,0.0,1.0,6.496,True,6.496
-152664#0,55.25,13.89,augtime,preseed,False,0,782.061,13.89,0.0,0.0,3.9777,0.0,0.0,0.0,1.0,3.9777,False,3.9777
152664#1,169.05,13.89,augtime,preseed,False,1,782.061,13.89,0.0,0.0,12.1706,0.0,0.0,0.0,1.0,12.1706,True,12.1706
152664#0,54.59,13.89,augtime,preseed,False,1,782.061,13.89,0.0,0.0,3.9302,0.0,0.0,0.0,1.0,3.9302,True,3.9302
-152664#1,166.8,13.89,augtime,preseed,False,0,782.061,13.89,0.0,0.0,12.0086,0.0,0.0,0.0,1.0,12.0086,False,12.0086
152664#2,48.95,13.89,augtime,preseed,False,1,782.061,13.89,0.0,0.0,3.5241,0.0,0.0,0.0,1.0,3.5241,True,3.5241
-152664#2,48.92,13.89,augtime,preseed,False,0,782.061,13.89,0.0,0.0,3.522,0.0,0.0,0.0,1.0,3.522,False,3.522
152664#3,92.97,13.89,augtime,preseed,False,1,782.061,13.89,0.0,0.0,6.6933,0.0,0.0,0.0,1.0,6.6933,True,6.6933
-152664#3,92.34,13.89,augtime,preseed,False,0,782.061,13.89,0.0,0.0,6.6479,0.0,0.0,0.0,1.0,6.6479,False,6.6479
152664#4,15.7,13.89,augtime,preseed,False,1,782.061,13.89,0.0,0.0,1.1303,0.0,0.0,0.0,1.0,1.1303,True,1.1303
-152664#4,15.58,13.89,augtime,preseed,False,0,782.061,13.89,0.0,0.0,1.1217,0.0,0.0,0.0,1.0,1.1217,False,1.1217
-152674#1,30.84,13.89,augtime,preseed,False,1,782.061,13.89,0.0,0.0,2.2203,0.0,0.0,0.0,1.0,2.2203,True,2.2203
152664#5,55.49,13.89,augtime,preseed,False,2,782.061,13.89,0.0,0.0,3.995,0.0,0.0,0.0,1.0,3.995,True,3.995
-152664#5,57.65,13.89,augtime,preseed,False,1,782.061,13.89,0.0,0.0,4.1505,0.0,0.0,0.0,1.0,4.1505,True,4.1505
152664#6,126.35,13.89,augtime,preseed,False,1,758.43,13.89,0.0,0.0,9.0965,0.0,0.0,0.0,1.0,9.0965,True,9.0965
-152664#6,126.56,13.89,augtime,preseed,False,1,782.061,13.89,0.0,0.0,9.1116,0.0,0.0,0.0,1.0,9.1116,True,9.1116
-152668#1,22.3,13.89,augtime,preseed,False,1,793.387,13.89,0.0,0.0,1.6055,0.0,0.0,0.0,1.0,1.6055,True,1.6055
152668#2,112.14,13.89,augtime,preseed,False,1,807.923,13.89,0.0,0.0,8.0734,0.0,0.0,0.0,1.0,8.0734,True,8.0734
-152665,18.42,13.89,augtime,preseed,False,2,823.545,13.89,0.0,4835.227,1.3261,0.0,1.0,0.0,1.0,1.3261,True,1.3261
-152775#2,18.94,13.89,augtime,ema_unlocked,False,4,210.786,13.89,0.0,0.0,1.3636,0.0,0.0,0.0,1.0,1.3636,True,1.3636
152775#3,12.25,13.89,augtime,preseed,False,2,594.572,13.89,0.0,0.0,0.8819,0.0,0.0,0.0,1.0,0.8819,True,0.8819
-152666,56.04,13.89,augtime,preseed,False,0,782.061,13.89,0.0,0.0,4.0346,0.0,0.0,0.0,1.0,4.0346,False,4.0346
-152668#0,17.66,13.89,augtime,preseed,False,1,761.135,13.89,0.0,0.0,1.2714,0.0,0.0,0.0,1.0,1.2714,True,1.2714
152666,56.04,13.89,augtime,preseed,False,0,782.061,13.89,0.0,0.0,4.0346,0.0,0.0,0.0,1.0,4.0346,False,4.0346
152668#1,22.62,13.89,augtime,preseed,False,1,845.892,13.89,0.0,0.0,1.6285,0.0,0.0,0.0,1.0,1.6285,True,1.6285
-152667#1,18.97,13.89,augtime,ema_unlocked,False,3,503.71,13.89,0.0,0.0,1.3657,0.0,0.0,0.0,1.0,1.3657,True,1.3657
152667#2,21.2,13.89,augtime,ema_unlocked,False,10,1212.276,13.89,0.0,0.0,1.5263,0.0,0.0,0.0,1.0,1.5263,True,1.5263
-152667#9,32.04,13.89,augtime,preseed,False,1,782.061,13.89,0.0,0.0,2.3067,0.0,0.0,0.0,1.0,2.3067,True,2.3067
152667#10,124.36,13.89,augtime,ema_unlocked,False,10,421.582,13.873,0.0002,4238.053,8.964,0.0,0.0607,0.0,1.0,8.964,True,8.9532
-152667#2,21.84,13.89,augtime,ema_unlocked,False,3,348.905,13.89,0.0,936.037,1.5724,0.0,0.3531,0.0,1.0,1.5724,True,1.5724
152667#3,78.92,13.89,augtime,ema_unlocked,False,10,730.397,13.89,0.0,0.0,5.6818,0.0,0.0,0.0,1.0,5.6818,True,5.6818
-152667#4,55.09,13.89,augtime,ema_unlocked,False,2,393.88,13.89,0.0,0.0,3.9662,0.0,0.0,0.0,1.0,3.9662,True,3.9662
152667#5,47.05,13.89,augtime,ema_unlocked,False,10,560.276,13.674,0.0013,1956.143,3.4407,0.0,0.0074,0.0,1.0,3.4407,True,3.3873
-152667#5,45.19,13.89,augtime,ema_unlocked,False,2,745.154,13.89,0.0,0.0,3.2534,0.0,0.0,0.0,1.0,3.2534,True,3.2534
152667#6,18.13,13.89,augtime,ema_unlocked,False,10,575.376,13.84,0.001,1009.774,1.31,0.0,0.1698,0.0,1.0,1.31,True,1.3053
-152667#6,18.26,13.89,augtime,ema_unlocked,False,2,615.119,13.427,0.0019,0.0,1.3599,0.0,0.0,0.0,1.0,1.3599,True,1.3146
152667#7,85.62,13.89,augtime,ema_unlocked,False,10,531.167,13.89,0.0,3188.047,6.1641,0.0,0.0,0.0,1.0,6.1641,True,6.1641
-152667#7,86.02,13.89,augtime,ema_unlocked,False,2,812.686,13.89,0.0,0.0,6.1929,0.0,0.0,0.0,1.0,6.1929,True,6.1929
152667#8,6.7,13.89,augtime,ema_unlocked,False,8,140.897,13.89,0.0,0.0,0.4824,0.0,0.0,0.0,1.0,0.4824,True,0.4824
-152677#4,26.89,13.89,augtime,preseed,False,4,556.071,13.89,0.0,0.0,1.9359,0.0,0.0,0.0,1.0,1.9359,True,1.9359
152668#0,21.87,13.89,augtime,preseed,False,1,860.357,13.89,0.0,0.0,1.5745,0.0,0.0,0.0,1.0,1.5745,True,1.5745
152677#5,44.55,13.89,augtime,ema_unlocked,False,2,1151.59,13.659,0.0009,0.0,3.2617,0.0,0.0,0.0,1.0,3.2617,True,3.2073
-152669#0,11.26,13.89,augtime,preseed,False,5,434.305,13.89,0.0,65.487,0.8107,0.0,0.0,0.0,1.0,0.8107,True,0.8107
152669#1,116.28,13.89,augtime,preseed,False,1,782.061,13.89,0.0,0.0,8.3715,0.0,0.0,0.0,1.0,8.3715,True,8.3715
152670#0,39.88,13.89,augtime,preseed,False,1,782.061,13.89,0.0,0.0,2.8711,0.0,0.0,0.0,1.0,2.8711,True,2.8711
-152669#1,115.54,13.89,augtime,preseed,False,7,890.813,13.89,0.0,14711.47,8.3182,0.0,0.4927,0.0,1.0,8.3182,True,8.3182
152363#2,28.69,13.89,augtime,preseed,False,1,782.061,13.89,0.0,0.0,2.0655,0.0,0.0,0.0,1.0,2.0655,True,2.0655
-152671,44.63,13.89,augtime,preseed,False,1,782.061,13.89,0.0,0.0,3.2131,0.0,0.0,0.0,1.0,3.2131,True,3.2131
-152672#1,4.49,13.89,augtime,preseed,False,2,685.109,13.89,0.0,0.0,0.3233,0.0,0.0,0.0,1.0,0.3233,True,0.3233
152672#2,63.51,13.89,augtime,ema_unlocked,False,2,744.215,13.89,0.0,0.0,4.5724,0.0,0.0,0.0,1.0,4.5724,True,4.5724
152948#0,43.23,13.89,augtime,preseed,False,0,782.061,13.89,0.0,0.0,3.1123,0.0,0.0,0.0,1.0,3.1123,False,3.1123
-152674#0,83.36,13.89,augtime,preseed,False,1,782.061,13.89,0.0,0.0,6.0014,0.0,0.0,0.0,1.0,6.0014,True,6.0014
152674#1,38.52,13.89,augtime,preseed,False,1,782.061,13.89,0.0,0.0,2.7732,0.0,0.0,0.0,1.0,2.7732,True,2.7732
152674#0,83.36,13.89,augtime,preseed,False,1,782.061,13.89,0.0,0.0,6.0014,0.0,0.0,0.0,1.0,6.0014,True,6.0014
-152676#0,10.33,13.89,augtime,preseed,False,2,782.061,13.89,0.0,0.0,0.7437,0.0,0.0,0.0,1.0,0.7437,True,0.7437
152676#1,103.78,13.89,augtime,preseed,False,1,782.061,13.89,0.0,0.0,7.4716,0.0,0.0,0.0,1.0,7.4716,True,7.4716
-152677#3,84.16,13.89,augtime,preseed,False,4,384.103,13.836,0.0004,1253.568,6.0826,0.0,0.0,0.0,1.0,6.0826,True,6.059
152676#0,13.12,13.89,augtime,preseed,False,1,782.061,13.89,0.0,0.0,0.9446,0.0,0.0,0.0,1.0,0.9446,True,0.9446
152677#4,26.52,13.89,augtime,ema_unlocked,False,1,1413.92,13.89,0.0,0.0,1.9093,0.0,0.0,0.0,1.0,1.9093,True,1.9093
-152676#1,111.49,13.89,augtime,preseed,False,2,782.061,13.89,0.0,0.0,8.0266,0.0,0.0,0.0,1.0,8.0266,True,8.0266
152676#2,32.65,13.89,augtime,preseed,False,0,782.061,13.89,0.0,0.0,2.3506,0.0,0.0,0.0,1.0,2.3506,False,2.3506
-152676#3,49.23,13.89,augtime,preseed,False,0,782.061,13.89,0.0,0.0,3.5443,0.0,0.0,0.0,1.0,3.5443,False,3.5443
152676#4,146.75,13.89,augtime,preseed,False,0,782.061,13.89,0.0,0.0,10.5652,0.0,0.0,0.0,1.0,10.5652,False,10.5652
-152676#4,148.92,13.89,augtime,preseed,False,0,782.061,13.89,0.0,0.0,10.7214,0.0,0.0,0.0,1.0,10.7214,False,10.7214
-152677#0,146.58,13.89,augtime,preseed,False,4,681.074,13.89,0.0,9409.659,10.5529,0.0,0.1546,0.0,1.0,10.5529,True,10.5529
152677#1,73.47,13.89,augtime,preseed,False,1,908.362,13.89,0.0,0.0,5.2894,0.0,0.0,0.0,1.0,5.2894,True,5.2894
152654#0,19.15,13.89,augtime,preseed,False,3,830.278,13.89,0.0,0.0,1.3787,0.0,0.0,0.0,1.0,1.3787,True,1.3787
152670#4,67.45,13.89,augtime,ema_unlocked,False,1,699.683,13.89,0.0,4931.902,4.856,0.0,0.2258,0.0,1.0,4.856,True,4.856
152677#0,143.91,13.89,augtime,preseed,False,1,852.865,13.89,0.0,0.0,10.3607,0.0,0.0,0.0,1.0,10.3607,True,10.3607
-152677#1,79.94,13.89,augtime,preseed,False,4,497.473,13.89,0.0,3043.67,5.7552,0.0,0.0315,0.0,1.0,5.7552,True,5.7552
152677#2,35.45,13.89,augtime,preseed,False,1,690.797,13.89,0.0,0.0,2.5522,0.0,0.0,0.0,1.0,2.5522,True,2.5522
-152681,19.86,13.89,augtime,preseed,False,1,827.948,13.89,0.0,0.0,1.4298,0.0,0.0,0.0,1.0,1.4298,True,1.4298
152649#3,36.29,13.89,augtime,ema_unlocked,False,5,38.759,13.89,0.0,19.828,2.6127,0.0,0.0,0.0,1.0,2.6127,True,2.6127
-153414#2,35.2,13.89,augtime,preseed,False,0,782.061,13.89,0.0,0.0,2.5342,0.0,0.0,0.0,1.0,2.5342,False,2.5342
152681,20.2,13.89,augtime,preseed,False,0,782.061,13.89,0.0,0.0,1.4543,0.0,0.0,0.0,1.0,1.4543,False,1.4543
152698,24.71,13.89,augtime,preseed,False,1,831.352,13.89,0.0,0.0,1.779,0.0,0.0,0.0,1.0,1.779,True,1.779
-152682#1,86.36,13.89,augtime,preseed,False,0,782.061,13.89,0.0,0.0,6.2174,0.0,0.0,0.0,1.0,6.2174,False,6.2174
152682#2,57.62,13.89,augtime,preseed,False,0,782.061,13.89,0.0,0.0,4.1483,0.0,0.0,0.0,1.0,4.1483,False,4.1483
-153415#0,76.75,13.89,augtime,ema_unlocked,False,2,651.709,13.89,0.0,5554.291,5.5256,0.0,0.2712,0.0,1.0,5.5256,True,5.5256
152682#1,91.2,13.89,augtime,preseed,False,1,782.061,13.89,0.0,0.0,6.5659,0.0,0.0,0.0,1.0,6.5659,True,6.5659
153415#1,107.88,13.89,augtime,ema_unlocked,False,4,1212.307,13.89,0.0,0.0,7.7667,0.0,0.0,0.0,1.0,7.7667,True,7.7667
-152682#2,61.66,13.89,augtime,preseed,False,0,782.061,13.89,0.0,0.0,4.4392,0.0,0.0,0.0,1.0,4.4392,False,4.4392
-152683,76.88,13.89,augtime,preseed,False,0,782.061,13.89,0.0,0.0,5.5349,0.0,0.0,0.0,1.0,5.5349,False,5.5349
152647#0,35.08,13.89,augtime,ema_unlocked,False,4,469.458,13.877,0.0006,1910.388,2.5278,0.0,0.3049,0.0,1.0,2.5278,True,2.5256
152683,72.19,13.89,augtime,preseed,False,0,782.061,13.89,0.0,0.0,5.1973,0.0,0.0,0.0,1.0,5.1973,False,5.1973
-152684,9.15,13.89,augtime,preseed,False,2,850.564,13.89,0.0,0.0,0.6587,0.0,0.0,0.0,1.0,0.6587,True,0.6587
152174#1,87.81,13.89,augtime,ema_unlocked,False,7,1214.345,13.89,0.0,0.0,6.3218,0.0,0.0,0.0,1.0,6.3218,True,6.3218
-152940,61.45,13.89,augtime,preseed,False,2,850.161,13.89,0.0,0.0,4.424,0.0,0.0,0.0,1.0,4.424,True,4.424
152684,9.15,13.89,augtime,ema_unlocked,False,5,483.582,13.89,0.0,0.0,0.6587,0.0,0.0,0.0,1.0,0.6587,True,0.6587
-152685#0,104.57,13.89,augtime,preseed,False,0,782.061,13.89,0.0,0.0,7.5284,0.0,0.0,0.0,1.0,7.5284,False,7.5284
-152693#2,66.07,13.89,augtime,preseed,False,2,782.061,13.89,0.0,0.0,4.7567,0.0,0.0,0.0,1.0,4.7567,True,4.7567
153418,63.05,13.89,augtime,preseed,False,0,782.061,13.89,0.0,0.0,4.5392,0.0,0.0,0.0,1.0,4.5392,False,4.5392
-152694#0,100.11,13.89,augtime,preseed,False,0,782.061,13.89,0.0,0.0,7.2073,0.0,0.0,0.0,1.0,7.2073,False,7.2073
152694#1,37.99,13.89,augtime,preseed,False,0,782.061,13.89,0.0,0.0,2.7351,0.0,0.0,0.0,1.0,2.7351,False,2.7351
-152685#2,1.28,13.89,augtime,preseed,False,2,782.061,13.89,0.0,0.0,0.0922,0.0,0.0,0.0,1.0,0.0922,True,0.0922
-152696,70.81,13.89,augtime,preseed,False,0,782.061,13.89,0.0,0.0,5.0979,0.0,0.0,0.0,1.0,5.0979,False,5.0979
152685#3,27.94,13.89,augtime,preseed,False,0,782.061,13.89,0.0,0.0,2.0115,0.0,0.0,0.0,1.0,2.0115,False,2.0115
-152685#3,29.38,13.89,augtime,preseed,False,0,782.061,13.89,0.0,0.0,2.1152,0.0,0.0,0.0,1.0,2.1152,False,2.1152
152697,68.89,13.89,augtime,preseed,False,0,782.061,13.89,0.0,0.0,4.9597,0.0,0.0,0.0,1.0,4.9597,False,4.9597
-152686,42.2,13.89,augtime,preseed,False,0,782.061,13.89,0.0,0.0,3.0382,0.0,0.0,0.0,1.0,3.0382,False,3.0382
152542,29.7,13.89,augtime,ema_unlocked,False,4,2786.134,13.659,0.0008,0.0,2.1745,0.0,0.0,0.0,1.0,2.1745,True,2.1382
152686,41.46,13.89,augtime,preseed,False,1,782.061,13.89,0.0,0.0,2.9849,0.0,0.0,0.0,1.0,2.9849,True,2.9849
-152719,125.21,13.89,augtime,preseed,False,0,782.061,13.89,0.0,0.0,9.0144,0.0,0.0,0.0,1.0,9.0144,False,9.0144
152687,24.03,13.89,augtime,preseed,False,0,782.061,13.89,0.0,0.0,1.73,0.0,0.0,0.0,1.0,1.73,False,1.73
-152688#0,66.54,13.89,augtime,preseed,False,0,782.061,13.89,0.0,0.0,4.7905,0.0,0.0,0.0,1.0,4.7905,False,4.7905
-152948#1,18.91,13.89,augtime,preseed,False,1,830.638,13.89,0.0,0.0,1.3614,0.0,0.0,0.0,1.0,1.3614,True,1.3614
152688#1,51.82,13.89,augtime,preseed,False,0,782.061,13.89,0.0,0.0,3.7307,0.0,0.0,0.0,1.0,3.7307,False,3.7307
-152688#1,51.83,13.89,augtime,preseed,False,1,799.114,13.89,0.0,0.0,3.7315,0.0,0.0,0.0,1.0,3.7315,True,3.7315
-152689,14.76,13.89,augtime,preseed,False,1,782.061,13.89,0.0,0.0,1.0626,0.0,0.0,0.0,1.0,1.0626,True,1.0626
-153331#2,83.91,13.89,augtime,ema_unlocked,False,2,309.849,13.89,0.0,0.0,6.041,0.0,0.0,0.0,1.0,6.041,True,6.041
-153410#9,82.45,13.89,augtime,preseed,False,1,782.061,13.89,0.0,0.0,5.9359,0.0,0.0,0.0,1.0,5.9359,True,5.9359
152689,23.63,13.89,augtime,preseed,False,1,782.061,13.89,0.0,0.0,1.7012,0.0,0.0,0.0,1.0,1.7012,True,1.7012
153331#4,10.02,13.89,augtime,preseed,False,3,782.061,13.89,0.0,0.0,0.7214,0.0,0.0,0.0,1.0,0.7214,True,0.7214
-152690,106.28,13.89,augtime,preseed,False,0,782.061,13.89,0.0,0.0,7.6515,0.0,0.0,0.0,1.0,7.6515,False,7.6515
-153410#2,68.67,13.89,augtime,preseed,False,3,782.061,13.89,0.0,0.0,4.9438,0.0,0.0,0.0,1.0,4.9438,True,4.9438
152690,107.74,13.89,augtime,preseed,False,0,782.061,13.89,0.0,0.0,7.7567,0.0,0.0,0.0,1.0,7.7567,False,7.7567
153410#3,4.48,13.89,augtime,preseed,False,1,782.061,13.89,0.0,0.0,0.3225,0.0,0.0,0.0,1.0,0.3225,True,0.3225
-152691,91.25,13.89,augtime,preseed,False,0,782.061,13.89,0.0,0.0,6.5695,0.0,0.0,0.0,1.0,6.5695,False,6.5695
-153415#3,134.03,13.89,augtime,preseed,False,3,782.061,13.89,0.0,0.0,9.6494,0.0,0.0,0.0,1.0,9.6494,True,9.6494
152691,87.31,13.89,augtime,preseed,False,0,782.061,13.89,0.0,0.0,6.2858,0.0,0.0,0.0,1.0,6.2858,False,6.2858
153415#4,96.71,13.89,augtime,preseed,False,2,908.435,13.89,0.0,0.0,6.9626,0.0,0.0,0.0,1.0,6.9626,True,6.9626
-152692,64.24,13.89,augtime,preseed,False,0,782.061,13.89,0.0,0.0,4.6249,0.0,0.0,0.0,1.0,4.6249,False,4.6249
-153410#8,21.2,13.89,augtime,preseed,False,1,782.061,13.89,0.0,0.0,1.5263,0.0,0.0,0.0,1.0,1.5263,True,1.5263
152692,72.37,13.89,augtime,preseed,False,0,782.061,13.89,0.0,0.0,5.2102,0.0,0.0,0.0,1.0,5.2102,False,5.2102
153410#9,75.86,13.89,augtime,preseed,False,1,782.061,13.89,0.0,0.0,5.4615,0.0,0.0,0.0,1.0,5.4615,True,5.4615
-152693#0,4.89,13.89,augtime,preseed,False,0,782.061,13.89,0.0,0.0,0.3521,0.0,0.0,0.0,1.0,0.3521,False,0.3521
152693#1,51.4,13.89,augtime,preseed,False,1,782.061,13.89,0.0,0.0,3.7005,0.0,0.0,0.0,1.0,3.7005,True,3.7005
152693#0,4.85,13.89,augtime,preseed,False,1,782.061,13.89,0.0,0.0,0.3492,0.0,0.0,0.0,1.0,0.3492,True,0.3492
152709#2,44.19,13.89,augtime,preseed,False,0,782.061,13.89,0.0,0.0,3.1814,0.0,0.0,0.0,1.0,3.1814,False,3.1814
-152694#1,37.99,13.89,augtime,preseed,False,0,782.061,13.89,0.0,0.0,2.7351,0.0,0.0,0.0,1.0,2.7351,False,2.7351
-152695,113.41,13.89,augtime,preseed,False,0,782.061,13.89,0.0,0.0,8.1649,0.0,0.0,0.0,1.0,8.1649,False,8.1649
152700,78.76,13.89,augtime,preseed,False,0,782.061,13.89,0.0,0.0,5.6703,0.0,0.0,0.0,1.0,5.6703,False,5.6703
-152698,24.46,13.89,augtime,preseed,False,0,782.061,13.89,0.0,0.0,1.761,0.0,0.0,0.0,1.0,1.761,False,1.761
-152699,80.58,13.89,augtime,preseed,False,0,782.061,13.89,0.0,0.0,5.8013,0.0,0.0,0.0,1.0,5.8013,False,5.8013
-152700,78.76,13.89,augtime,preseed,False,0,782.061,13.89,0.0,0.0,5.6703,0.0,0.0,0.0,1.0,5.6703,False,5.6703
-152701#0,36.98,13.89,augtime,ema_unlocked,False,6,475.814,13.89,0.0,0.0,2.6623,0.0,0.0,0.0,1.0,2.6623,True,2.6623
152701#1,12.49,13.89,augtime,ema_unlocked,False,10,1756.522,13.89,0.0,1401.661,0.8992,0.0,0.0,0.0,1.0,0.8992,True,0.8992
152767#0,150.41,13.89,augtime,ema_unlocked,False,4,339.401,13.89,0.0,0.0,10.8287,0.0,0.0,0.0,1.0,10.8287,True,10.8287
152229,28.99,27.78,augtime,ema_unlocked,False,8,1506.364,26.854,0.0006,0.0,1.0795,0.0,0.0,0.0,1.0,1.0795,True,1.0436
152466#0,116.84,13.89,augtime,preseed,False,0,782.061,13.89,0.0,0.0,8.4118,0.0,0.0,0.0,1.0,8.4118,False,8.4118
152701#0,30.63,13.89,augtime,ema_unlocked,False,10,2046.721,13.89,0.0,0.0,2.2052,0.0,0.0,0.0,1.0,2.2052,True,2.2052
-152701#1,10.96,13.89,augtime,ema_unlocked,False,4,133.52,13.659,0.0025,86.697,0.8024,0.0,0.0,0.0,1.0,0.8024,True,0.7891
152701#2,172.23,13.89,augtime,ema_unlocked,False,10,671.721,13.89,0.0,0.0,12.3996,0.0,0.0,0.0,1.0,12.3996,True,12.3996
-152701#2,170.6,13.89,augtime,ema_unlocked,False,4,728.202,13.89,0.0,0.0,12.2822,0.0,0.0,0.0,1.0,12.2822,True,12.2822
-152706#3,15.33,13.89,augtime,ema_unlocked,False,7,2839.991,13.89,0.0,5170.16,1.1037,0.0,0.3247,0.0,1.0,1.1037,True,1.1037
152701#3,25.06,13.89,augtime,ema_unlocked,False,10,966.922,13.89,0.0,0.0,1.8042,0.0,0.0,0.0,1.0,1.8042,True,1.8042
152780,98.25,13.89,augtime,ema_unlocked,False,5,91.895,13.89,0.0,0.0,7.0734,0.0,0.0,0.0,1.0,7.0734,True,7.0734
-152701#3,24.69,13.89,augtime,ema_unlocked,False,6,525.874,13.89,0.0,0.0,1.7775,0.0,0.0,0.0,1.0,1.7775,True,1.7775
152701#4,75.06,13.89,augtime,ema_unlocked,False,10,279.122,13.659,0.0005,0.0,5.4955,0.0,0.0,0.0,1.0,5.4955,True,5.4039
-152701#5,22.63,13.89,augtime,ema_unlocked,False,6,2898.623,13.89,0.0,0.0,1.6292,0.0,0.0,0.0,1.0,1.6292,True,1.6292
152703,87.49,13.89,augtime,ema_unlocked,False,10,97.936,13.815,0.0009,767.344,6.333,0.0,0.1186,0.0,1.0,6.333,True,6.2988
-152702#0,6.08,13.89,augtime,ema_unlocked,False,6,699.587,13.89,0.0,0.0,0.4377,0.0,0.0,0.0,1.0,0.4377,True,0.4377
152702#1,46.03,13.89,augtime,ema_unlocked,False,3,363.15,13.659,0.0006,0.0,3.3701,0.0,0.0,0.0,1.0,3.3701,True,3.3139
-152702#1,46.67,13.89,augtime,ema_unlocked,False,6,1158.08,13.659,0.0006,0.0,3.4169,0.0,0.0,0.0,1.0,3.4169,True,3.36
-152775#5,38.65,13.89,augtime,ema_unlocked,False,2,1364.646,13.89,0.0,0.0,2.7826,0.0,0.0,0.0,1.0,2.7826,True,2.7826
-152939#5,77.4,13.89,augtime,preseed,False,1,782.061,13.89,0.0,0.0,5.5724,0.0,0.0,0.0,1.0,5.5724,True,5.5724
152713,86.18,13.89,augtime,preseed,False,0,782.061,13.89,0.0,0.0,6.2045,0.0,0.0,0.0,1.0,6.2045,False,6.2045
-152706#0,12.92,13.89,augtime,ema_unlocked,False,6,416.363,13.89,0.0,0.0,0.9302,0.0,0.0,0.0,1.0,0.9302,True,0.9302
152706#1,17.74,13.89,augtime,ema_unlocked,False,3,804.045,13.89,0.0,0.0,1.2772,0.0,0.0,0.0,1.0,1.2772,True,1.2772
-152999,34.42,13.89,augtime,ema_unlocked,False,6,1827.929,13.89,0.0,0.0,2.478,0.0,0.0,0.0,1.0,2.478,True,2.478
152706#0,12.96,13.89,augtime,ema_unlocked,False,3,342.437,13.89,0.0,0.0,0.933,0.0,0.0,0.0,1.0,0.933,True,0.933
152998,55.11,13.89,augtime,preseed,False,1,782.061,13.89,0.0,0.0,3.9676,0.0,0.0,0.0,1.0,3.9676,True,3.9676
-152706#1,17.77,13.89,augtime,ema_unlocked,False,6,1703.837,13.89,0.0,1725.871,1.2793,0.0,0.0,0.0,1.0,1.2793,True,1.2793
152706#2,16.86,13.89,augtime,preseed,False,3,624.835,13.659,0.0023,0.0,1.2344,0.0,0.0,0.0,1.0,1.2344,True,1.2138
152707#0,148.98,13.89,augtime,preseed,False,1,845.671,13.89,0.0,0.0,10.7257,0.0,0.0,0.0,1.0,10.7257,True,10.7257
152715,53.18,13.89,augtime,preseed,False,1,782.061,13.89,0.0,0.0,3.8287,0.0,0.0,0.0,1.0,3.8287,True,3.8287
-152706#2,16.08,13.89,augtime,ema_unlocked,False,6,2605.745,13.659,0.0023,0.0,1.1773,0.0,0.0,0.0,1.0,1.1773,True,1.1577
-152708#1,156.23,13.89,augtime,preseed,False,1,796.267,13.89,0.0,0.0,11.2477,0.0,0.0,0.0,1.0,11.2477,True,11.2477
152706#3,14.87,13.89,augtime,ema_unlocked,False,2,297.531,13.89,0.0,9830.365,1.0706,0.0,1.0,0.0,1.0,1.0706,True,1.0706
-152707#0,149.23,13.89,augtime,preseed,False,4,601.433,13.842,0.0006,3335.635,10.7808,0.0,0.0,0.0,1.0,10.7808,True,10.7437
152707#1,87.94,13.89,augtime,preseed,False,1,790.91,13.89,0.0,0.0,6.3312,0.0,0.0,0.0,1.0,6.3312,True,6.3312
-152708#0,222.63,13.89,augtime,preseed,False,1,792.457,13.89,0.0,0.0,16.0281,0.0,0.0,0.0,1.0,16.0281,True,16.0281
152708#1,156.22,13.89,augtime,preseed,False,3,718.044,13.89,0.0,0.0,11.2469,0.0,0.0,0.0,1.0,11.2469,True,11.2469
-152971#0,222.82,13.89,augtime,preseed,False,3,723.022,13.89,0.0,0.0,16.0418,0.0,0.0,0.0,1.0,16.0418,True,16.0418
152971#1,33.19,13.89,augtime,preseed,False,1,800.015,13.89,0.0,0.0,2.3895,0.0,0.0,0.0,1.0,2.3895,True,2.3895
-152710,72.19,13.89,augtime,preseed,False,0,782.061,13.89,0.0,0.0,5.1973,0.0,0.0,0.0,1.0,5.1973,False,5.1973
152711#3,21.98,13.89,augtime,preseed,False,1,782.061,13.89,0.0,0.0,1.5824,0.0,0.0,0.0,1.0,1.5824,True,1.5824
152710,69.14,13.89,augtime,preseed,False,0,782.061,13.89,0.0,0.0,4.9777,0.0,0.0,0.0,1.0,4.9777,False,4.9777
152711#1,6.76,13.89,augtime,preseed,False,1,782.061,13.89,0.0,0.0,0.4867,0.0,0.0,0.0,1.0,0.4867,True,0.4867
152712,52.95,13.89,augtime,preseed,False,2,782.061,13.89,0.0,0.0,3.8121,0.0,0.0,0.0,1.0,3.8121,True,3.8121
-152713,89.29,13.89,augtime,preseed,False,0,782.061,13.89,0.0,0.0,6.4284,0.0,0.0,0.0,1.0,6.4284,False,6.4284
-152767#3,77.33,13.89,augtime,ema_unlocked,False,6,1807.621,13.89,0.0,0.0,5.5673,0.0,0.0,0.0,1.0,5.5673,True,5.5673
-152939#4,42.27,13.89,augtime,preseed,False,1,782.061,13.89,0.0,0.0,3.0432,0.0,0.0,0.0,1.0,3.0432,True,3.0432
152716,72.94,13.89,augtime,preseed,False,6,624.136,13.89,0.0,0.0,5.2513,0.0,0.0,0.0,1.0,5.2513,True,5.2513
152939#5,76.98,13.89,augtime,preseed,False,0,782.061,13.89,0.0,0.0,5.5421,0.0,0.0,0.0,1.0,5.5421,False,5.5421
-152717#0,76.3,13.89,augtime,preseed,False,0,782.061,13.89,0.0,0.0,5.4932,0.0,0.0,0.0,1.0,5.4932,False,5.4932
152717#1,67.01,13.89,augtime,preseed,False,0,782.061,13.89,0.0,0.0,4.8243,0.0,0.0,0.0,1.0,4.8243,False,4.8243
-153327#6,187.52,13.89,augtime,preseed,False,0,782.061,13.89,0.0,0.0,13.5004,0.0,0.0,0.0,1.0,13.5004,False,13.5004
152717#0,73.82,13.89,augtime,preseed,False,0,782.061,13.89,0.0,0.0,5.3146,0.0,0.0,0.0,1.0,5.3146,False,5.3146
152721,371.0,13.89,augtime,preseed,False,0,782.061,13.89,0.0,0.0,26.7099,0.0,0.0,0.0,1.0,26.7099,False,26.7099
152747,301.09,13.89,augtime,preseed,False,0,782.061,13.89,0.0,0.0,21.6767,0.0,0.0,0.0,1.0,21.6767,False,21.6767
153327#7,82.06,13.89,augtime,preseed,False,2,782.061,13.89,0.0,0.0,5.9078,0.0,0.0,0.0,1.0,5.9078,True,5.9078
-152717#1,64.31,13.89,augtime,preseed,False,0,782.061,13.89,0.0,0.0,4.6299,0.0,0.0,0.0,1.0,4.6299,False,4.6299
-152731,37.32,13.89,augtime,preseed,False,0,782.061,13.89,0.0,0.0,2.6868,0.0,0.0,0.0,1.0,2.6868,False,2.6868
152717#2,265.04,13.89,augtime,preseed,False,0,782.061,13.89,0.0,0.0,19.0814,0.0,0.0,0.0,1.0,19.0814,False,19.0814
-152717#2,260.59,13.89,augtime,preseed,False,0,782.061,13.89,0.0,0.0,18.761,0.0,0.0,0.0,1.0,18.761,False,18.761
-152720#0,43.06,13.89,augtime,preseed,False,0,782.061,13.89,0.0,0.0,3.1001,0.0,0.0,0.0,1.0,3.1001,False,3.1001
152720#1,208.25,13.89,augtime,preseed,False,0,782.061,13.89,0.0,0.0,14.9928,0.0,0.0,0.0,1.0,14.9928,False,14.9928
153042#0,35.12,13.89,augtime,preseed,False,0,782.061,13.89,0.0,0.0,2.5284,0.0,0.0,0.0,1.0,2.5284,False,2.5284
-153423#3,117.85,13.89,augtime,preseed,False,2,835.96,13.89,0.0,0.0,8.4845,0.0,0.0,0.0,1.0,8.4845,True,8.4845
152720#0,45.24,13.89,augtime,preseed,False,0,782.061,13.89,0.0,0.0,3.257,0.0,0.0,0.0,1.0,3.257,False,3.257
153423#4,3.57,13.89,augtime,preseed,False,0,782.061,13.89,0.0,0.0,0.257,0.0,0.0,0.0,1.0,0.257,False,0.257
-152720#1,214.32,13.89,augtime,preseed,False,0,782.061,13.89,0.0,0.0,15.4298,0.0,0.0,0.0,1.0,15.4298,False,15.4298
152720#2,128.35,13.89,augtime,preseed,False,0,782.061,13.89,0.0,0.0,9.2405,0.0,0.0,0.0,1.0,9.2405,False,9.2405
152729#0,71.6,13.89,augtime,preseed,False,0,782.061,13.89,0.0,0.0,5.1548,0.0,0.0,0.0,1.0,5.1548,False,5.1548
-152721,371.37,13.89,augtime,preseed,False,0,782.061,13.89,0.0,0.0,26.7365,0.0,0.0,0.0,1.0,26.7365,False,26.7365
-152722,119.44,13.89,augtime,preseed,False,0,782.061,13.89,0.0,0.0,8.599,0.0,0.0,0.0,1.0,8.599,False,8.599
-153037,263.29,13.89,augtime,preseed,False,2,782.061,13.89,0.0,0.0,18.9554,0.0,0.0,0.0,1.0,18.9554,True,18.9554
153327#9,59.63,13.89,augtime,preseed,False,2,782.061,13.89,0.0,0.0,4.293,0.0,0.0,0.0,1.0,4.293,True,4.293
-153327#8,3.44,13.89,augtime,preseed,False,0,782.061,13.89,0.0,0.0,0.2477,0.0,0.0,0.0,1.0,0.2477,False,0.2477
152722,114.44,13.89,augtime,preseed,False,0,782.061,13.89,0.0,0.0,8.239,0.0,0.0,0.0,1.0,8.239,False,8.239
-152723#0,55.69,13.89,augtime,preseed,False,1,782.061,13.89,0.0,0.0,4.0094,0.0,0.0,0.0,1.0,4.0094,True,4.0094
-153043#1,14.87,13.89,augtime,preseed,False,0,782.061,13.89,0.0,0.0,1.0706,0.0,0.0,0.0,1.0,1.0706,False,1.0706
152723#1,1.76,13.89,augtime,preseed,False,0,782.061,13.89,0.0,0.0,0.1267,0.0,0.0,0.0,1.0,0.1267,False,0.1267
152723#0,52.96,13.89,augtime,preseed,False,1,782.061,13.89,0.0,0.0,3.8128,0.0,0.0,0.0,1.0,3.8128,True,3.8128
-152723#1,2.18,13.89,augtime,preseed,False,1,782.061,13.89,0.0,0.0,0.1569,0.0,0.0,0.0,1.0,0.1569,True,0.1569
152736#0,16.19,13.89,augtime,preseed,False,4,891.799,13.89,0.0,5571.853,1.1656,0.0,1.0,0.0,1.0,1.1656,True,1.1656
153391#0,276.31,13.89,augtime,ema_unlocked,False,5,611.191,13.659,0.0001,0.0,20.2299,0.0,0.0,0.0,1.0,20.2299,True,19.8927
-152724,47.42,13.89,augtime,preseed,False,0,782.061,13.89,0.0,0.0,3.414,0.0,0.0,0.0,1.0,3.414,False,3.414
-152729#1,100.39,13.89,augtime,preseed,False,0,782.061,13.89,0.0,0.0,7.2275,0.0,0.0,0.0,1.0,7.2275,False,7.2275
152729#2,114.3,13.89,augtime,preseed,False,0,782.061,13.89,0.0,0.0,8.2289,0.0,0.0,0.0,1.0,8.2289,False,8.2289
152724,46.04,13.89,augtime,preseed,False,0,782.061,13.89,0.0,0.0,3.3146,0.0,0.0,0.0,1.0,3.3146,False,3.3146
-152725#0,383.72,13.89,augtime,preseed,False,0,782.061,13.89,0.0,0.0,27.6256,0.0,0.0,0.0,1.0,27.6256,False,27.6256
152725#1,132.79,13.89,augtime,preseed,False,0,782.061,13.89,0.0,0.0,9.5601,0.0,0.0,0.0,1.0,9.5601,False,9.5601
152725#0,382.01,13.89,augtime,preseed,False,0,782.061,13.89,0.0,0.0,27.5025,0.0,0.0,0.0,1.0,27.5025,False,27.5025
-152725#2,76.4,13.89,augtime,preseed,False,0,782.061,13.89,0.0,0.0,5.5004,0.0,0.0,0.0,1.0,5.5004,False,5.5004
152725#3,109.26,13.89,augtime,preseed,False,0,782.061,13.89,0.0,0.0,7.8661,0.0,0.0,0.0,1.0,7.8661,False,7.8661
-152725#3,111.91,13.89,augtime,preseed,False,0,782.061,13.89,0.0,0.0,8.0569,0.0,0.0,0.0,1.0,8.0569,False,8.0569
-153421#4,141.37,13.89,augtime,preseed,False,0,782.061,13.89,0.0,0.0,10.1778,0.0,0.0,0.0,1.0,10.1778,False,10.1778
153423#1,127.78,13.89,augtime,preseed,False,0,782.061,13.89,0.0,0.0,9.1994,0.0,0.0,0.0,1.0,9.1994,False,9.1994
-152726,106.0,13.89,augtime,preseed,False,0,782.061,13.89,0.0,0.0,7.6314,0.0,0.0,0.0,1.0,7.6314,False,7.6314
-153327#4,211.38,13.89,augtime,preseed,False,0,782.061,13.89,0.0,0.0,15.2181,0.0,0.0,0.0,1.0,15.2181,False,15.2181
152726,113.05,13.89,augtime,preseed,False,0,782.061,13.89,0.0,0.0,8.1389,0.0,0.0,0.0,1.0,8.1389,False,8.1389
153327#5,29.5,13.89,augtime,preseed,False,2,782.061,13.89,0.0,0.0,2.1238,0.0,0.0,0.0,1.0,2.1238,True,2.1238
-152727#0,198.46,13.89,augtime,preseed,False,0,782.061,13.89,0.0,0.0,14.288,0.0,0.0,0.0,1.0,14.288,False,14.288
-152746,172.07,13.89,augtime,preseed,False,0,782.061,13.89,0.0,0.0,12.388,0.0,0.0,0.0,1.0,12.388,False,12.388
152727#1,78.01,13.89,augtime,preseed,False,0,782.061,13.89,0.0,0.0,5.6163,0.0,0.0,0.0,1.0,5.6163,False,5.6163
-153327#7,82.27,13.89,augtime,preseed,False,0,782.061,13.89,0.0,0.0,5.923,0.0,0.0,0.0,1.0,5.923,False,5.923
152727#0,203.38,13.89,augtime,preseed,False,0,782.061,13.89,0.0,0.0,14.6422,0.0,0.0,0.0,1.0,14.6422,False,14.6422
153327#8,1.63,13.89,augtime,preseed,False,1,782.061,13.89,0.0,0.0,0.1174,0.0,0.0,0.0,1.0,0.1174,True,0.1174
-152727#1,77.79,13.89,augtime,preseed,False,0,782.061,13.89,0.0,0.0,5.6004,0.0,0.0,0.0,1.0,5.6004,False,5.6004
-152729#0,76.27,13.89,augtime,preseed,False,0,782.061,13.89,0.0,0.0,5.491,0.0,0.0,0.0,1.0,5.491,False,5.491
-152730,109.4,13.89,augtime,preseed,False,0,782.061,13.89,0.0,0.0,7.8762,0.0,0.0,0.0,1.0,7.8762,False,7.8762
152729#1,109.43,13.89,augtime,preseed,False,0,782.061,13.89,0.0,0.0,7.8783,0.0,0.0,0.0,1.0,7.8783,False,7.8783
-152729#2,101.41,13.89,augtime,preseed,False,0,782.061,13.89,0.0,0.0,7.3009,0.0,0.0,0.0,1.0,7.3009,False,7.3009
152730,107.35,13.89,augtime,preseed,False,0,782.061,13.89,0.0,0.0,7.7286,0.0,0.0,0.0,1.0,7.7286,False,7.7286
152731,34.61,13.89,augtime,preseed,False,0,782.061,13.89,0.0,0.0,2.4917,0.0,0.0,0.0,1.0,2.4917,False,2.4917
-152734#0,42.6,13.89,augtime,preseed,False,4,880.549,13.89,0.0,0.0,3.067,0.0,0.0,0.0,1.0,3.067,True,3.067
-152736#2,13.22,13.89,augtime,ema_unlocked,False,5,254.805,13.89,0.0,0.0,0.9518,0.0,0.0,0.0,1.0,0.9518,True,0.9518
152734#1,277.62,13.89,augtime,preseed,False,0,782.061,13.89,0.0,0.0,19.987,0.0,0.0,0.0,1.0,19.987,False,19.987
-153424#0,91.82,13.89,augtime,preseed,False,4,866.579,13.89,0.0,0.0,6.6105,0.0,0.0,0.0,1.0,6.6105,True,6.6105
152734#0,41.89,13.89,augtime,ema_unlocked,False,5,655.588,13.89,0.0,0.0,3.0158,0.0,0.0,0.0,1.0,3.0158,True,3.0158
153424#1,21.61,13.89,augtime,preseed,False,1,782.061,13.89,0.0,0.0,1.5558,0.0,0.0,0.0,1.0,1.5558,True,1.5558
-152735,38.9,13.89,augtime,preseed,False,0,782.061,13.89,0.0,0.0,2.8006,0.0,0.0,0.0,1.0,2.8006,False,2.8006
-152736#0,14.3,13.89,augtime,ema_unlocked,False,5,367.09,13.89,0.0,0.0,1.0295,0.0,0.0,0.0,1.0,1.0295,True,1.0295
152736#1,43.72,13.89,augtime,preseed,False,4,873.593,13.89,0.0,0.0,3.1476,0.0,0.0,0.0,1.0,3.1476,True,3.1476
152748,50.94,13.89,augtime,preseed,False,0,782.061,13.89,0.0,0.0,3.6674,0.0,0.0,0.0,1.0,3.6674,False,3.6674
-152736#1,36.06,13.89,augtime,ema_unlocked,False,5,605.606,13.89,0.0,0.0,2.5961,0.0,0.0,0.0,1.0,2.5961,True,2.5961
-152739,258.31,13.89,augtime,preseed,False,0,782.061,13.89,0.0,0.0,18.5968,0.0,0.0,0.0,1.0,18.5968,False,18.5968
152736#2,16.85,13.89,augtime,preseed,False,4,904.007,13.89,0.0,0.0,1.2131,0.0,0.0,0.0,1.0,1.2131,True,1.2131
-152737#0,56.07,13.89,augtime,preseed,False,0,782.061,13.89,0.0,0.0,4.0367,0.0,0.0,0.0,1.0,4.0367,False,4.0367
152737#1,9.86,13.89,augtime,preseed,False,0,782.061,13.89,0.0,0.0,0.7099,0.0,0.0,0.0,1.0,0.7099,False,0.7099
153000,276.59,13.89,augtime,preseed,False,0,782.061,13.89,0.0,0.0,19.9129,0.0,0.0,0.0,1.0,19.9129,False,19.9129
-152737#1,15.18,13.89,augtime,preseed,False,0,782.061,13.89,0.0,0.0,1.0929,0.0,0.0,0.0,1.0,1.0929,False,1.0929
-152738,39.11,13.89,augtime,preseed,False,0,782.061,13.89,0.0,0.0,2.8157,0.0,0.0,0.0,1.0,2.8157,False,2.8157
152740,116.83,13.89,augtime,preseed,False,0,782.061,13.89,0.0,0.0,8.4111,0.0,0.0,0.0,1.0,8.4111,False,8.4111
-153043#0,97.88,13.89,augtime,preseed,False,0,782.061,13.89,0.0,0.0,7.0468,0.0,0.0,0.0,1.0,7.0468,False,7.0468
152741#0,113.29,13.89,augtime,preseed,False,0,782.061,13.89,0.0,0.0,8.1562,0.0,0.0,0.0,1.0,8.1562,False,8.1562
153043#1,22.31,13.89,augtime,preseed,False,0,782.061,13.89,0.0,0.0,1.6062,0.0,0.0,0.0,1.0,1.6062,False,1.6062
-152741#1,121.72,13.89,augtime,preseed,False,0,782.061,13.89,0.0,0.0,8.7631,0.0,0.0,0.0,1.0,8.7631,False,8.7631
152742,201.14,13.89,augtime,preseed,False,0,782.061,13.89,0.0,0.0,14.4809,0.0,0.0,0.0,1.0,14.4809,False,14.4809
-152743#0,19.89,13.89,augtime,preseed,False,0,782.061,13.89,0.0,0.0,1.432,0.0,0.0,0.0,1.0,1.432,False,1.432
152743#1,85.38,13.89,augtime,preseed,False,0,782.061,13.89,0.0,0.0,6.1469,0.0,0.0,0.0,1.0,6.1469,False,6.1469
152930,112.85,13.89,augtime,preseed,False,0,782.061,13.89,0.0,0.0,8.1246,0.0,0.0,0.0,1.0,8.1246,False,8.1246
-152908#3,19.36,13.89,augtime,preseed,False,0,782.061,13.89,0.0,0.0,1.3938,0.0,0.0,0.0,1.0,1.3938,False,1.3938
-152929,99.06,13.89,augtime,preseed,False,0,782.061,13.89,0.0,0.0,7.1317,0.0,0.0,0.0,1.0,7.1317,False,7.1317
152743#0,14.05,13.89,augtime,preseed,False,0,782.061,13.89,0.0,0.0,1.0115,0.0,0.0,0.0,1.0,1.0115,False,1.0115
152908#5,97.81,13.89,augtime,preseed,False,3,682.975,13.89,0.0,0.0,7.0418,0.0,0.0,0.0,1.0,7.0418,True,7.0418
-152743#1,85.02,13.89,augtime,preseed,False,0,782.061,13.89,0.0,0.0,6.121,0.0,0.0,0.0,1.0,6.121,False,6.121
-152744,132.94,13.89,augtime,preseed,False,0,782.061,13.89,0.0,0.0,9.5709,0.0,0.0,0.0,1.0,9.5709,False,9.5709
-152908#2,31.32,13.89,augtime,preseed,False,0,782.061,13.89,0.0,0.0,2.2549,0.0,0.0,0.0,1.0,2.2549,False,2.2549
152908#3,19.36,13.89,augtime,preseed,False,3,675.97,13.89,0.0,0.0,1.3938,0.0,0.0,0.0,1.0,1.3938,True,1.3938
153333,128.21,13.89,augtime,preseed,False,0,782.061,13.89,0.0,0.0,9.2304,0.0,0.0,0.0,1.0,9.2304,False,9.2304
-152908#0,20.12,13.89,augtime,preseed,False,1,782.061,13.89,0.0,0.0,1.4485,0.0,0.0,0.0,1.0,1.4485,True,1.4485
152745,19.89,13.89,augtime,preseed,False,0,782.061,13.89,0.0,0.0,1.432,0.0,0.0,0.0,1.0,1.432,False,1.432
152908#1,13.31,13.89,augtime,preseed,False,3,657.956,13.89,0.0,0.0,0.9582,0.0,0.0,0.0,1.0,0.9582,True,0.9582
152929,113.59,13.89,augtime,preseed,False,0,782.061,13.89,0.0,0.0,8.1778,0.0,0.0,0.0,1.0,8.1778,False,8.1778
152746,151.76,13.89,augtime,preseed,False,0,782.061,13.89,0.0,0.0,10.9258,0.0,0.0,0.0,1.0,10.9258,False,10.9258
-152747,309.86,13.89,augtime,preseed,False,0,782.061,13.89,0.0,0.0,22.3081,0.0,0.0,0.0,1.0,22.3081,False,22.3081
-152748,53.81,13.89,augtime,preseed,False,0,782.061,13.89,0.0,0.0,3.874,0.0,0.0,0.0,1.0,3.874,False,3.874
152749,138.15,13.89,augtime,preseed,False,0,782.061,13.89,0.0,0.0,9.946,0.0,0.0,0.0,1.0,9.946,False,9.946
-152750#0,148.07,13.89,augtime,preseed,False,0,782.061,13.89,0.0,0.0,10.6602,0.0,0.0,0.0,1.0,10.6602,False,10.6602
152750#1,141.22,13.89,augtime,preseed,False,0,782.061,13.89,0.0,0.0,10.167,0.0,0.0,0.0,1.0,10.167,False,10.167
153569#0,533.98,13.89,augtime,preseed,False,0,782.061,13.89,0.0,0.0,38.4435,0.0,0.0,0.0,1.0,38.4435,False,38.4435
-152750#2,157.63,13.89,augtime,preseed,False,0,782.061,13.89,0.0,0.0,11.3485,0.0,0.0,0.0,1.0,11.3485,False,11.3485
-153567,222.23,13.89,augtime,preseed,False,0,782.061,13.89,0.0,0.0,15.9993,0.0,0.0,0.0,1.0,15.9993,False,15.9993
152750#0,144.24,13.89,augtime,preseed,False,0,782.061,13.89,0.0,0.0,10.3844,0.0,0.0,0.0,1.0,10.3844,False,10.3844
152750#4,100.97,13.89,augtime,preseed,False,0,782.061,13.89,0.0,0.0,7.2693,0.0,0.0,0.0,1.0,7.2693,False,7.2693
-152750#4,101.29,13.89,augtime,preseed,False,0,782.061,13.89,0.0,0.0,7.2923,0.0,0.0,0.0,1.0,7.2923,False,7.2923
152750#5,301.38,13.89,augtime,preseed,False,0,782.061,13.89,0.0,0.0,21.6976,0.0,0.0,0.0,1.0,21.6976,False,21.6976
153570,67.66,13.89,augtime,preseed,False,0,782.061,13.89,0.0,0.0,4.8711,0.0,0.0,0.0,1.0,4.8711,False,4.8711
152751#0,60.46,13.89,augtime,preseed,False,0,782.061,13.89,0.0,0.0,4.3528,0.0,0.0,0.0,1.0,4.3528,False,4.3528
-152751#2,1.68,13.89,augtime,preseed,False,0,782.061,13.89,0.0,0.0,0.121,0.0,0.0,0.0,1.0,0.121,False,0.121
-153435#1,49.21,13.89,augtime,ema_unlocked,False,1,1791.188,13.659,0.001,0.0,3.6029,0.0,0.0,0.0,1.0,3.6029,True,3.5428
153435#2,20.33,13.89,augtime,preseed,False,2,665.976,13.89,0.0,0.0,1.4636,0.0,0.0,0.0,1.0,1.4636,True,1.4636
-152752,112.06,13.89,augtime,preseed,False,0,782.061,13.89,0.0,0.0,8.0677,0.0,0.0,0.0,1.0,8.0677,False,8.0677
-153451#1,314.7,13.89,augtime,ema_unlocked,False,4,1063.747,13.659,0.0002,0.0,23.0406,0.0,0.0,0.0,1.0,23.0406,True,22.6566
153451#2,41.59,13.89,augtime,ema_unlocked,False,8,165.008,13.89,0.0,0.0,2.9942,0.0,0.0,0.0,1.0,2.9942,True,2.9942
152752,115.44,13.89,augtime,preseed,False,0,782.061,13.89,0.0,0.0,8.311,0.0,0.0,0.0,1.0,8.311,False,8.311
-152753,120.51,13.89,augtime,preseed,False,1,824.485,13.89,0.0,0.0,8.676,0.0,0.0,0.0,1.0,8.676,True,8.676
-152912#6,11.51,13.89,augtime,preseed,False,0,782.061,13.89,0.0,0.0,0.8287,0.0,0.0,0.0,1.0,0.8287,False,0.8287
152753,120.51,13.89,augtime,preseed,False,1,805.161,13.89,0.0,0.0,8.676,0.0,0.0,0.0,1.0,8.676,True,8.676
152912#8,81.86,13.89,augtime,preseed,False,1,838.293,13.89,0.0,0.0,5.8934,0.0,0.0,0.0,1.0,5.8934,True,5.8934
-152754,97.89,13.89,augtime,preseed,False,0,782.061,13.89,0.0,0.0,7.0475,0.0,0.0,0.0,1.0,7.0475,False,7.0475
-153456#1,35.24,13.89,augtime,ema_unlocked,False,3,4477.001,13.89,0.0,0.0,2.5371,0.0,0.0,0.0,1.0,2.5371,True,2.5371
152754,98.05,13.89,augtime,preseed,False,0,782.061,13.89,0.0,0.0,7.059,0.0,0.0,0.0,1.0,7.059,False,7.059
153456#2,409.16,13.89,augtime,preseed,False,2,558.872,13.89,0.0,0.0,29.4572,0.0,0.0,0.0,1.0,29.4572,True,29.4572
-152755,130.93,13.89,augtime,preseed,False,0,782.061,13.89,0.0,0.0,9.4262,0.0,0.0,0.0,1.0,9.4262,False,9.4262
-153435#0,201.57,13.89,augtime,ema_unlocked,False,1,1198.433,13.89,0.0,0.0,14.5119,0.0,0.0,0.0,1.0,14.5119,True,14.5119
152755,120.91,13.89,augtime,preseed,False,0,782.061,13.89,0.0,0.0,8.7048,0.0,0.0,0.0,1.0,8.7048,False,8.7048
153435#1,48.72,13.89,augtime,preseed,False,4,634.85,13.89,0.0,0.0,3.5076,0.0,0.0,0.0,1.0,3.5076,True,3.5076
152756#0,181.41,13.89,augtime,preseed,False,0,782.061,13.89,0.0,0.0,13.0605,0.0,0.0,0.0,1.0,13.0605,False,13.0605
-152757,366.71,13.89,augtime,preseed,False,0,782.061,13.89,0.0,0.0,26.401,0.0,0.0,0.0,1.0,26.401,False,26.401
-153001#2,302.69,13.89,augtime,preseed,False,0,782.061,13.89,0.0,0.0,21.7919,0.0,0.0,0.0,1.0,21.7919,False,21.7919
153001#3,1154.22,13.89,augtime,preseed,False,0,782.061,13.89,0.0,0.0,83.0972,0.0,0.0,0.0,1.0,83.0972,False,83.0972
152757,364.01,13.89,augtime,preseed,False,0,782.061,13.89,0.0,0.0,26.2066,0.0,0.0,0.0,1.0,26.2066,False,26.2066
-152760,51.77,13.89,augtime,preseed,False,1,782.061,13.89,0.0,0.0,3.7271,0.0,0.0,0.0,1.0,3.7271,True,3.7271
-152774,2.34,13.89,augtime,preseed,False,1,782.061,13.89,0.0,0.0,0.1685,0.0,0.0,0.0,1.0,0.1685,True,0.1685
152799,26.9,13.89,augtime,preseed,False,2,728.673,13.89,0.0,0.0,1.9366,0.0,0.0,0.0,1.0,1.9366,True,1.9366
-152763,87.57,13.89,augtime,ema_unlocked,False,3,201.039,13.89,0.0,0.0,6.3045,0.0,0.0,0.0,1.0,6.3045,True,6.3045
-152772,2.14,13.89,augtime,preseed,False,0,782.061,13.89,0.0,0.0,0.1541,0.0,0.0,0.0,1.0,0.1541,False,0.1541
152760,62.64,13.89,augtime,preseed,False,2,916.015,13.89,0.0,0.0,4.5097,0.0,0.0,0.0,1.0,4.5097,True,4.5097
152763,87.35,13.89,augtime,preseed,False,2,825.043,13.89,0.0,0.0,6.2887,0.0,0.0,0.0,1.0,6.2887,True,6.2887
152776,74.13,13.89,augtime,ema_unlocked,False,4,375.28,13.89,0.0,0.0,5.3369,0.0,0.0,0.0,1.0,5.3369,True,5.3369
152860,109.6,13.89,augtime,preseed,False,4,782.061,13.89,0.0,0.0,7.8906,0.0,0.0,0.0,1.0,7.8906,True,7.8906
-152766#0,44.18,13.89,augtime,preseed,False,2,782.061,13.89,0.0,0.0,3.1807,0.0,0.0,0.0,1.0,3.1807,True,3.1807
152766#1,31.24,13.89,augtime,preseed,False,1,782.061,13.89,0.0,0.0,2.2491,0.0,0.0,0.0,1.0,2.2491,True,2.2491
152766#0,44.11,13.89,augtime,preseed,False,1,782.061,13.89,0.0,0.0,3.1757,0.0,0.0,0.0,1.0,3.1757,True,3.1757
152960#7,48.51,13.89,augtime,ema_unlocked,False,4,786.933,13.89,0.0,0.0,3.4924,0.0,0.0,0.0,1.0,3.4924,True,3.4924
-152766#1,31.26,13.89,augtime,preseed,False,0,782.061,13.89,0.0,0.0,2.2505,0.0,0.0,0.0,1.0,2.2505,False,2.2505
-152805#2,12.9,13.89,augtime,preseed,False,0,782.061,13.89,0.0,0.0,0.9287,0.0,0.0,0.0,1.0,0.9287,False,0.9287
152784#0,24.67,13.89,augtime,preseed,False,1,782.061,13.89,0.0,0.0,1.7761,0.0,0.0,0.0,1.0,1.7761,True,1.7761
-152767#0,142.73,13.89,augtime,ema_unlocked,False,4,1121.082,13.659,0.0003,0.0,10.4499,0.0,0.0,0.0,1.0,10.4499,True,10.2757
152767#1,106.54,13.89,augtime,ema_unlocked,False,4,343.231,13.89,0.0,0.0,7.6703,0.0,0.0,0.0,1.0,7.6703,True,7.6703
-152767#1,104.43,13.89,augtime,ema_unlocked,False,4,1287.511,13.89,0.0,0.0,7.5184,0.0,0.0,0.0,1.0,7.5184,True,7.5184
-152780,100.55,13.89,augtime,ema_unlocked,False,5,1523.92,13.89,0.0,0.0,7.239,0.0,0.0,0.0,1.0,7.239,True,7.239
152767#2,37.46,13.89,augtime,ema_unlocked,False,8,1116.223,13.89,0.0,6877.575,2.6969,0.0,0.6423,0.0,1.0,2.6969,True,2.6969
-152769,163.95,13.89,augtime,preseed,False,2,810.201,13.89,0.0,0.0,11.8035,0.0,0.0,0.0,1.0,11.8035,True,11.8035
152771,160.04,13.89,augtime,preseed,False,2,812.736,13.89,0.0,0.0,11.522,0.0,0.0,0.0,1.0,11.522,True,11.522
152946,37.8,13.89,augtime,preseed,False,2,817.562,13.659,0.001,0.0,2.7675,0.0,0.0,0.0,1.0,2.7675,True,2.7214
-152773,35.93,13.89,augtime,preseed,False,1,782.061,13.89,0.0,0.0,2.5868,0.0,0.0,0.0,1.0,2.5868,True,2.5868
152772,2.12,13.89,augtime,preseed,False,1,782.061,13.89,0.0,0.0,0.1526,0.0,0.0,0.0,1.0,0.1526,True,0.1526
-152859,27.3,13.89,augtime,preseed,False,0,782.061,13.89,0.0,0.0,1.9654,0.0,0.0,0.0,1.0,1.9654,False,1.9654
152773,35.64,13.89,augtime,preseed,False,3,782.061,13.89,0.0,4578.53,2.5659,0.0,0.6408,0.0,1.0,2.5659,True,2.5659
152774,1.57,13.89,augtime,preseed,False,1,782.061,13.89,0.0,0.0,0.113,0.0,0.0,0.0,1.0,0.113,True,0.113
152770,182.28,13.89,augtime,preseed,False,0,782.061,13.89,0.0,0.0,13.1231,0.0,0.0,0.0,1.0,13.1231,False,13.1231
152775#0,91.79,13.89,augtime,ema_unlocked,False,10,1288.524,13.668,0.0003,11269.725,6.7157,0.0,0.1512,0.0,1.0,6.7157,True,6.6084
152810#0,189.41,13.89,augtime,ema_unlocked,False,3,112.164,13.89,0.0,0.0,13.6364,0.0,0.0,0.0,1.0,13.6364,True,13.6364
-152775#3,17.52,13.89,augtime,ema_unlocked,False,2,1918.97,13.89,0.0,0.0,1.2613,0.0,0.0,0.0,1.0,1.2613,True,1.2613
152775#4,30.77,13.89,augtime,ema_unlocked,False,6,2140.113,13.89,0.0,0.0,2.2153,0.0,0.0,0.0,1.0,2.2153,True,2.2153
-152775#4,24.54,13.89,augtime,ema_unlocked,False,2,164.184,13.89,0.0,0.0,1.7667,0.0,0.0,0.0,1.0,1.7667,True,1.7667
152775#5,41.6,13.89,augtime,ema_unlocked,False,6,512.334,13.89,0.0,0.0,2.995,0.0,0.0,0.0,1.0,2.995,True,2.995
-152776,61.54,13.89,augtime,ema_unlocked,False,6,1112.983,13.89,0.0,5507.043,4.4305,0.0,0.0584,0.0,1.0,4.4305,True,4.4305
152817#0,315.06,13.89,augtime,ema_unlocked,False,4,232.481,13.89,0.0,7650.556,22.6825,0.0,0.2254,0.0,1.0,22.6825,True,22.6825
-152777,398.1,13.89,augtime,ema_unlocked,False,4,796.304,13.877,0.0,28664.074,28.6869,0.0,0.1274,0.0,1.0,28.6869,True,28.6609
152382,36.35,13.89,augtime,preseed,False,2,870.559,13.89,0.0,0.0,2.617,0.0,0.0,0.0,1.0,2.617,True,2.617
152384,13.03,13.89,augtime,ema_unlocked,False,2,80.122,13.89,0.0,0.0,0.9381,0.0,0.0,0.0,1.0,0.9381,True,0.9381
152777,402.13,13.89,augtime,preseed,False,2,740.968,13.89,0.0,0.0,28.951,0.0,0.0,0.0,1.0,28.951,True,28.951
-152778,67.48,13.89,augtime,preseed,False,0,782.061,13.89,0.0,0.0,4.8582,0.0,0.0,0.0,1.0,4.8582,False,4.8582
-153549#0,63.5,13.89,augtime,preseed,False,1,782.061,13.89,0.0,0.0,4.5716,0.0,0.0,0.0,1.0,4.5716,True,4.5716
152778,76.15,13.89,augtime,preseed,False,0,782.061,13.89,0.0,0.0,5.4824,0.0,0.0,0.0,1.0,5.4824,False,5.4824
153549#1,52.12,13.89,augtime,preseed,False,0,782.061,13.89,0.0,0.0,3.7523,0.0,0.0,0.0,1.0,3.7523,False,3.7523
-152782,129.85,13.89,augtime,preseed,False,3,863.813,13.89,0.0,7863.483,9.3485,0.0,0.0,0.0,1.0,9.3485,True,9.3485
153552#2,13.15,13.89,augtime,ema_unlocked,False,5,985.864,13.89,0.0,0.0,0.9467,0.0,0.0,0.0,1.0,0.9467,True,0.9467
-152801,15.63,13.89,augtime,preseed,False,2,860.721,13.659,0.0025,0.0,1.1443,0.0,0.0,0.0,1.0,1.1443,True,1.1253
152782,136.81,13.89,augtime,preseed,False,1,782.061,13.89,0.0,0.0,9.8495,0.0,0.0,0.0,1.0,9.8495,True,9.8495
-152783#0,25.44,13.89,augtime,preseed,False,0,782.061,13.89,0.0,0.0,1.8315,0.0,0.0,0.0,1.0,1.8315,False,1.8315
152783#1,27.2,13.89,augtime,preseed,False,0,782.061,13.89,0.0,0.0,1.9582,0.0,0.0,0.0,1.0,1.9582,False,1.9582
152798,16.31,13.89,augtime,preseed,False,0,782.061,13.89,0.0,0.0,1.1742,0.0,0.0,0.0,1.0,1.1742,False,1.1742
-152805#1,17.97,13.89,augtime,preseed,False,0,782.061,13.89,0.0,0.0,1.2937,0.0,0.0,0.0,1.0,1.2937,False,1.2937
152783#0,25.44,13.89,augtime,preseed,False,0,782.061,13.89,0.0,0.0,1.8315,0.0,0.0,0.0,1.0,1.8315,False,1.8315
152805#2,12.9,13.89,augtime,preseed,False,0,782.061,13.89,0.0,0.0,0.9287,0.0,0.0,0.0,1.0,0.9287,False,0.9287
-152784#0,24.67,13.89,augtime,preseed,False,0,782.061,13.89,0.0,0.0,1.7761,0.0,0.0,0.0,1.0,1.7761,False,1.7761
-152798,16.31,13.89,augtime,preseed,False,0,782.061,13.89,0.0,0.0,1.1742,0.0,0.0,0.0,1.0,1.1742,False,1.1742
152784#1,29.91,13.89,augtime,preseed,False,1,782.061,13.89,0.0,0.0,2.1533,0.0,0.0,0.0,1.0,2.1533,True,2.1533
-152786,21.09,13.89,augtime,preseed,False,0,782.061,13.89,0.0,0.0,1.5184,0.0,0.0,0.0,1.0,1.5184,False,1.5184
152786,20.61,13.89,augtime,preseed,False,0,782.061,13.89,0.0,0.0,1.4838,0.0,0.0,0.0,1.0,1.4838,False,1.4838
152795#1,192.91,13.89,augtime,preseed,False,0,782.061,13.89,0.0,0.0,13.8884,0.0,0.0,0.0,1.0,13.8884,False,13.8884
152808,59.54,13.89,augtime,preseed,False,5,450.788,13.89,0.0,0.0,4.2865,0.0,0.0,0.0,1.0,4.2865,True,4.2865
152824#0,28.34,13.89,augtime,ema_unlocked,False,5,1774.688,13.89,0.0,0.0,2.0403,0.0,0.0,0.0,1.0,2.0403,True,2.0403
-152787#0,103.29,13.89,augtime,preseed,False,0,782.061,13.89,0.0,0.0,7.4363,0.0,0.0,0.0,1.0,7.4363,False,7.4363
152787#1,158.85,13.89,augtime,preseed,False,2,782.061,13.89,0.0,0.0,11.4363,0.0,0.0,0.0,1.0,11.4363,True,11.4363
152934,5.43,13.89,augtime,preseed,False,0,782.061,13.89,0.0,0.0,0.3909,0.0,0.0,0.0,1.0,0.3909,False,0.3909
-152810#2,40.52,13.89,augtime,ema_unlocked,False,10,2079.837,13.799,0.0007,10055.359,2.9365,0.0,0.3232,0.0,1.0,2.9365,True,2.9172
152787#0,108.38,13.89,augtime,preseed,False,2,782.061,13.89,0.0,0.0,7.8027,0.0,0.0,0.0,1.0,7.8027,True,7.8027
152820,233.34,13.89,augtime,ema_unlocked,False,5,785.048,13.89,0.0,0.0,16.7991,0.0,0.0,0.0,1.0,16.7991,True,16.7991
-152788,100.36,13.89,augtime,preseed,False,1,782.061,13.89,0.0,0.0,7.2253,0.0,0.0,0.0,1.0,7.2253,True,7.2253
152806,8.23,13.89,augtime,preseed,False,1,782.061,13.89,0.0,0.0,0.5925,0.0,0.0,0.0,1.0,0.5925,True,0.5925
-152868,46.58,13.89,augtime,preseed,False,1,782.061,13.89,0.0,0.0,3.3535,0.0,0.0,0.0,1.0,3.3535,True,3.3535
152935,87.41,13.89,augtime,preseed,False,1,782.061,13.89,0.0,0.0,6.293,0.0,0.0,0.0,1.0,6.293,True,6.293
152387,29.99,13.89,augtime,preseed,False,1,782.061,13.89,0.0,0.0,2.1591,0.0,0.0,0.0,1.0,2.1591,True,2.1591
152468,7.18,13.89,augtime,ema_unlocked,False,2,625.522,13.89,0.0,0.0,0.5169,0.0,0.0,0.0,1.0,0.5169,True,0.5169
152789#0,56.96,13.89,augtime,preseed,False,3,782.061,13.89,0.0,0.0,4.1008,0.0,0.0,0.0,1.0,4.1008,True,4.1008
-152789#1,237.67,13.89,augtime,preseed,False,2,782.061,13.89,0.0,0.0,17.1109,0.0,0.0,0.0,1.0,17.1109,True,17.1109
152789#2,38.21,13.89,augtime,preseed,False,0,782.061,13.89,0.0,0.0,2.7509,0.0,0.0,0.0,1.0,2.7509,False,2.7509
152828,64.34,13.89,augtime,preseed,False,0,782.061,13.89,0.0,0.0,4.6321,0.0,0.0,0.0,1.0,4.6321,False,4.6321
-152789#4,69.32,13.89,augtime,preseed,False,0,782.061,13.89,0.0,0.0,4.9906,0.0,0.0,0.0,1.0,4.9906,False,4.9906
-152934,5.42,13.89,augtime,preseed,False,0,782.061,13.89,0.0,0.0,0.3902,0.0,0.0,0.0,1.0,0.3902,False,0.3902
153548#0,159.35,13.89,augtime,preseed,False,0,782.061,13.89,0.0,0.0,11.4723,0.0,0.0,0.0,1.0,11.4723,False,11.4723
-152790,31.4,13.89,augtime,preseed,False,1,782.061,13.89,0.0,0.0,2.2606,0.0,0.0,0.0,1.0,2.2606,True,2.2606
-152812#3,14.79,13.89,augtime,preseed,False,4,782.061,13.89,0.0,0.0,1.0648,0.0,0.0,0.0,1.0,1.0648,True,1.0648
152812#4,6.89,13.89,augtime,preseed,False,1,729.709,13.89,0.0,0.0,0.496,0.0,0.0,0.0,1.0,0.496,True,0.496
152829,30.95,13.89,augtime,preseed,False,0,782.061,13.89,0.0,0.0,2.2282,0.0,0.0,0.0,1.0,2.2282,False,2.2282
-152792#0,70.49,13.89,augtime,preseed,False,0,782.061,13.89,0.0,0.0,5.0749,0.0,0.0,0.0,1.0,5.0749,False,5.0749
152792#1,54.02,13.89,augtime,preseed,False,2,520.648,13.89,0.0,0.0,3.8891,0.0,0.0,0.0,1.0,3.8891,True,3.8891
-152823#3,122.49,13.89,augtime,preseed,False,0,782.061,13.89,0.0,0.0,8.8186,0.0,0.0,0.0,1.0,8.8186,False,8.8186
152792#0,64.49,13.89,augtime,preseed,False,2,707.608,13.89,0.0,0.0,4.6429,0.0,0.0,0.0,1.0,4.6429,True,4.6429
-152792#1,53.82,13.89,augtime,preseed,False,0,782.061,13.89,0.0,0.0,3.8747,0.0,0.0,0.0,1.0,3.8747,False,3.8747
-152832#0,34.23,13.89,augtime,ema_unlocked,False,4,656.686,13.89,0.0,0.0,2.4644,0.0,0.0,0.0,1.0,2.4644,True,2.4644
152832#1,99.51,13.89,augtime,preseed,False,2,782.061,13.89,0.0,0.0,7.1641,0.0,0.0,0.0,1.0,7.1641,True,7.1641
-152795#1,189.97,13.89,augtime,ema_unlocked,False,9,445.544,13.659,0.0001,0.0,13.9086,0.0,0.0,0.0,1.0,13.9086,True,13.6767
-152969#3,5.86,13.89,augtime,preseed,False,3,1102.969,13.89,0.0,0.0,0.4219,0.0,0.0,0.0,1.0,0.4219,True,0.4219
152987#0,109.21,13.89,augtime,preseed,False,1,702.532,13.89,0.0,0.0,7.8625,0.0,0.0,0.0,1.0,7.8625,True,7.8625
-152796#0,33.11,13.89,augtime,preseed,False,1,670.372,13.89,0.0,0.0,2.3837,0.0,0.0,0.0,1.0,2.3837,True,2.3837
152796#1,48.89,13.89,augtime,preseed,False,2,747.052,13.89,0.0,0.0,3.5198,0.0,0.0,0.0,1.0,3.5198,True,3.5198
152796#0,34.56,13.89,augtime,preseed,False,2,865.184,13.89,0.0,0.0,2.4881,0.0,0.0,0.0,1.0,2.4881,True,2.4881
-152796#1,53.36,13.89,augtime,preseed,False,1,686.379,13.89,0.0,0.0,3.8416,0.0,0.0,0.0,1.0,3.8416,True,3.8416
-153549#1,51.86,13.89,augtime,preseed,False,1,782.061,13.89,0.0,0.0,3.7336,0.0,0.0,0.0,1.0,3.7336,True,3.7336
153549#2,40.3,13.89,augtime,preseed,False,2,804.312,13.89,0.0,0.0,2.9014,0.0,0.0,0.0,1.0,2.9014,True,2.9014
-152797#0,62.18,13.89,augtime,preseed,False,0,782.061,13.89,0.0,0.0,4.4766,0.0,0.0,0.0,1.0,4.4766,False,4.4766
-152828,64.34,13.89,augtime,preseed,False,0,782.061,13.89,0.0,0.0,4.6321,0.0,0.0,0.0,1.0,4.6321,False,4.6321
152797#1,61.42,13.89,augtime,preseed,False,0,782.061,13.89,0.0,0.0,4.4219,0.0,0.0,0.0,1.0,4.4219,False,4.4219
152797#0,62.18,13.89,augtime,preseed,False,0,782.061,13.89,0.0,0.0,4.4766,0.0,0.0,0.0,1.0,4.4766,False,4.4766
-152797#1,61.42,13.89,augtime,preseed,False,0,782.061,13.89,0.0,0.0,4.4219,0.0,0.0,0.0,1.0,4.4219,False,4.4219
-152799,26.9,13.89,augtime,preseed,False,1,782.061,13.89,0.0,0.0,1.9366,0.0,0.0,0.0,1.0,1.9366,True,1.9366
152803,19.66,13.89,augtime,preseed,False,2,775.185,13.89,0.0,0.0,1.4154,0.0,0.0,0.0,1.0,1.4154,True,1.4154
-152814#8,24.68,13.89,augtime,ema_unlocked,False,2,620.978,13.89,0.0,0.0,1.7768,0.0,0.0,0.0,1.0,1.7768,True,1.7768
152801,14.93,13.89,augtime,preseed,False,1,782.061,13.89,0.0,0.0,1.0749,0.0,0.0,0.0,1.0,1.0749,True,1.0749
152814#9,23.85,13.89,augtime,ema_unlocked,False,9,667.4,13.89,0.0,0.0,1.7171,0.0,0.0,0.0,1.0,1.7171,True,1.7171
-152803,19.66,13.89,augtime,preseed,False,1,782.061,13.89,0.0,0.0,1.4154,0.0,0.0,0.0,1.0,1.4154,True,1.4154
-152806,8.22,13.89,augtime,preseed,False,1,782.061,13.89,0.0,0.0,0.5918,0.0,0.0,0.0,1.0,0.5918,True,0.5918
-152865,26.34,13.89,augtime,preseed,False,2,771.889,13.89,0.0,0.0,1.8963,0.0,0.0,0.0,1.0,1.8963,True,1.8963
-152804,132.96,13.89,augtime,preseed,False,1,782.061,13.89,0.0,0.0,9.5724,0.0,0.0,0.0,1.0,9.5724,True,9.5724
-152810#0,192.65,13.89,augtime,ema_unlocked,False,10,1579.939,13.437,0.0005,23149.95,14.3377,0.0,0.011,0.0,1.0,14.3377,True,13.8697
152810#1,125.1,13.89,augtime,ema_unlocked,False,2,98.922,13.89,0.0,0.0,9.0065,0.0,0.0,0.0,1.0,9.0065,True,9.0065
-152939#0,131.96,13.89,augtime,preseed,False,4,782.061,13.89,0.0,0.0,9.5004,0.0,0.0,0.0,1.0,9.5004,True,9.5004
152939#1,16.17,13.89,augtime,preseed,False,0,782.061,13.89,0.0,0.0,1.1641,0.0,0.0,0.0,1.0,1.1641,False,1.1641
-152805#0,96.68,13.89,augtime,preseed,False,3,782.061,13.89,0.0,0.0,6.9604,0.0,0.0,0.0,1.0,6.9604,True,6.9604
-152831#1,65.77,13.89,augtime,preseed,False,5,606.638,13.89,0.0,0.0,4.7351,0.0,0.0,0.0,1.0,4.7351,True,4.7351
152805#1,17.97,13.89,augtime,preseed,False,0,782.061,13.89,0.0,0.0,1.2937,0.0,0.0,0.0,1.0,1.2937,False,1.2937
152831#2,78.88,13.89,augtime,ema_unlocked,False,3,905.557,13.89,0.0,0.0,5.6789,0.0,0.0,0.0,1.0,5.6789,True,5.6789
152805#0,96.58,13.89,augtime,preseed,False,0,782.061,13.89,0.0,0.0,6.9532,0.0,0.0,0.0,1.0,6.9532,False,6.9532
152960#2,11.67,13.89,augtime,ema_unlocked,False,6,692.659,13.89,0.0,0.0,0.8402,0.0,0.0,0.0,1.0,0.8402,True,0.8402
-152807,68.8,13.89,augtime,preseed,False,2,890.247,13.89,0.0,0.0,4.9532,0.0,0.0,0.0,1.0,4.9532,True,4.9532
-152945#1,68.5,13.89,augtime,preseed,False,3,766.578,13.89,0.0,0.0,4.9316,0.0,0.0,0.0,1.0,4.9316,True,4.9316
152945#2,60.02,13.89,augtime,ema_unlocked,False,7,543.953,13.89,0.0,0.0,4.3211,0.0,0.0,0.0,1.0,4.3211,True,4.3211
-152814#9,22.38,13.89,augtime,ema_unlocked,False,2,552.46,13.89,0.0,0.0,1.6112,0.0,0.0,0.0,1.0,1.6112,True,1.6112
152807,69.31,13.89,augtime,preseed,False,2,783.274,13.89,0.0,0.0,4.9899,0.0,0.0,0.0,1.0,4.9899,True,4.9899
152814#10,107.91,13.89,augtime,ema_unlocked,False,10,188.536,13.89,0.0,0.0,7.7689,0.0,0.0,0.0,1.0,7.7689,True,7.7689
-152809,41.43,13.89,augtime,preseed,False,0,782.061,13.89,0.0,0.0,2.9827,0.0,0.0,0.0,1.0,2.9827,False,2.9827
-152821#1,13.92,13.89,augtime,ema_unlocked,False,2,577.069,13.659,0.0017,0.0,1.0191,0.0,0.0,0.0,1.0,1.0191,True,1.0022
152821#2,43.51,13.89,augtime,preseed,False,2,782.061,13.89,0.0,0.0,3.1325,0.0,0.0,0.0,1.0,3.1325,True,3.1325
152809,40.46,13.89,augtime,preseed,False,0,782.061,13.89,0.0,0.0,2.9129,0.0,0.0,0.0,1.0,2.9129,False,2.9129
152824#1,62.27,13.89,augtime,ema_unlocked,False,5,232.614,13.89,0.0,0.0,4.4831,0.0,0.0,0.0,1.0,4.4831,True,4.4831
-152810#1,126.63,13.89,augtime,ema_unlocked,False,10,1982.271,13.659,0.0001,19325.573,9.2711,0.0,0.0258,0.0,1.0,9.2711,True,9.1166
152810#2,41.32,13.89,augtime,ema_unlocked,False,3,397.342,13.89,0.0,1966.363,2.9748,0.0,0.3318,0.0,1.0,2.9748,True,2.9748
-152811,58.79,13.89,augtime,preseed,False,2,841.231,13.89,0.0,0.0,4.2325,0.0,0.0,0.0,1.0,4.2325,True,4.2325
152816#5,153.6,13.89,augtime,ema_unlocked,False,10,702.305,13.89,0.0,0.0,11.0583,0.0,0.0,0.0,1.0,11.0583,True,11.0583
-152812#0,170.96,13.89,augtime,preseed,False,4,782.061,13.89,0.0,0.0,12.3081,0.0,0.0,0.0,1.0,12.3081,True,12.3081
152812#1,55.76,13.89,augtime,preseed,False,1,651.003,13.89,0.0,0.0,4.0144,0.0,0.0,0.0,1.0,4.0144,True,4.0144
-153441#0,157.93,13.89,augtime,preseed,False,2,782.061,13.89,0.0,0.0,11.3701,0.0,0.0,0.0,1.0,11.3701,True,11.3701
153441#1,38.91,13.89,augtime,preseed,False,4,782.061,13.89,0.0,0.0,2.8013,0.0,0.0,0.0,1.0,2.8013,True,2.8013
153443,166.59,13.89,augtime,preseed,False,1,782.355,13.89,0.0,0.0,11.9935,0.0,0.0,0.0,1.0,11.9935,True,11.9935
153447,101.17,13.89,augtime,preseed,False,0,782.061,13.89,0.0,0.0,7.2837,0.0,0.0,0.0,1.0,7.2837,False,7.2837
-152812#1,57.62,13.89,augtime,preseed,False,4,782.061,13.89,0.0,0.0,4.1483,0.0,0.0,0.0,1.0,4.1483,True,4.1483
152812#2,88.74,13.89,augtime,preseed,False,1,813.104,13.89,0.0,0.0,6.3888,0.0,0.0,0.0,1.0,6.3888,True,6.3888
-152812#2,76.75,13.89,augtime,preseed,False,4,782.061,13.89,0.0,0.0,5.5256,0.0,0.0,0.0,1.0,5.5256,True,5.5256
152812#3,14.79,13.89,augtime,preseed,False,1,782.061,13.89,0.0,0.0,1.0648,0.0,0.0,0.0,1.0,1.0648,True,1.0648
-152812#4,6.89,13.89,augtime,preseed,False,4,782.061,13.89,0.0,0.0,0.496,0.0,0.0,0.0,1.0,0.496,True,0.496
-153437,152.44,13.89,augtime,preseed,False,0,782.061,13.89,0.0,0.0,10.9748,0.0,0.0,0.0,1.0,10.9748,False,10.9748
152812#5,84.66,13.89,augtime,preseed,False,1,745.112,13.89,0.0,0.0,6.095,0.0,0.0,0.0,1.0,6.095,True,6.095
-152812#5,94.56,13.89,augtime,preseed,False,4,782.061,13.89,0.0,0.0,6.8078,0.0,0.0,0.0,1.0,6.8078,True,6.8078
-152814#7,45.91,13.89,augtime,ema_unlocked,False,2,1010.661,13.906,0.0009,3792.114,3.3015,0.0,0.0682,0.0,1.0,3.3015,True,3.3053
152814#8,21.02,13.89,augtime,ema_unlocked,False,8,365.419,13.89,0.0,603.624,1.5133,0.0,0.0458,0.0,1.0,1.5133,True,1.5133
-152814#0,149.27,13.89,augtime,ema_unlocked,False,4,1154.084,13.89,0.0,0.0,10.7466,0.0,0.0,0.0,1.0,10.7466,True,10.7466
-152896,54.59,13.89,augtime,preseed,False,0,782.061,13.89,0.0,0.0,3.9302,0.0,0.0,0.0,1.0,3.9302,False,3.9302
152814#1,27.1,13.89,augtime,ema_unlocked,False,8,425.451,13.89,0.0,1274.789,1.951,0.0,0.2679,0.0,1.0,1.951,True,1.951
152814#0,165.87,13.89,augtime,ema_unlocked,False,8,800.083,13.89,0.0,0.0,11.9417,0.0,0.0,0.0,1.0,11.9417,True,11.9417
152989,83.85,13.89,augtime,ema_unlocked,False,4,1340.73,13.89,0.0,0.0,6.0367,0.0,0.0,0.0,1.0,6.0367,True,6.0367
-152814#1,28.48,13.89,augtime,ema_unlocked,False,3,597.605,13.89,0.0,0.0,2.0504,0.0,0.0,0.0,1.0,2.0504,True,2.0504
152896,40.34,13.89,augtime,preseed,False,1,805.673,13.89,0.0,0.0,2.9042,0.0,0.0,0.0,1.0,2.9042,True,2.9042
152814#2,150.22,13.89,augtime,ema_unlocked,False,7,320.945,13.89,0.0,0.0,10.815,0.0,0.0,0.0,1.0,10.815,True,10.815
-152814#10,119.18,13.89,augtime,ema_unlocked,False,5,1219.256,13.839,0.0002,11713.54,8.612,0.0,0.0578,0.0,1.0,8.612,True,8.5803
-152945#2,56.94,13.89,augtime,preseed,False,5,878.891,13.89,0.0,0.0,4.0994,0.0,0.0,0.0,1.0,4.0994,True,4.0994
152814#11,129.73,13.89,augtime,ema_unlocked,False,10,341.141,13.659,0.0002,0.0,9.4981,0.0,0.0,0.0,1.0,9.4981,True,9.3398
-152814#11,100.12,13.89,augtime,ema_unlocked,False,6,1170.082,13.89,0.0,0.0,7.2081,0.0,0.0,0.0,1.0,7.2081,True,7.2081
-152814#2,155.67,13.89,augtime,ema_unlocked,False,3,1383.318,13.89,0.0,0.0,11.2073,0.0,0.0,0.0,1.0,11.2073,True,11.2073
-152836#6,111.3,13.89,augtime,preseed,False,1,782.061,13.659,0.0002,0.0,8.1488,0.0,0.0,0.0,1.0,8.1488,True,8.013
152814#3,108.5,13.89,augtime,ema_unlocked,False,7,415.317,13.89,0.0,0.0,7.8114,0.0,0.0,0.0,1.0,7.8114,True,7.8114
-152814#3,109.33,13.89,augtime,ema_unlocked,False,2,1067.276,13.89,0.0,0.0,7.8711,0.0,0.0,0.0,1.0,7.8711,True,7.8711
152814#4,161.69,13.89,augtime,ema_unlocked,False,7,450.455,13.89,0.0,5676.137,11.6407,0.0,0.0412,0.0,1.0,11.6407,True,11.6407
-152814#4,163.38,13.89,augtime,ema_unlocked,False,2,977.122,13.89,0.0,0.0,11.7624,0.0,0.0,0.0,1.0,11.7624,True,11.7624
152814#5,26.69,13.89,augtime,ema_unlocked,False,7,97.939,13.89,0.0,307.252,1.9215,0.0,0.3163,0.0,1.0,1.9215,True,1.9215
-152814#5,25.01,13.89,augtime,ema_unlocked,False,2,1463.764,13.89,0.0,2934.991,1.8006,0.0,0.0568,0.0,1.0,1.8006,True,1.8006
152814#6,125.43,13.89,augtime,ema_unlocked,False,7,255.42,13.89,0.0,3000.242,9.0302,0.0,0.1504,0.0,1.0,9.0302,True,9.0302
-152814#6,121.83,13.89,augtime,ema_unlocked,False,2,1261.694,13.89,0.0,0.0,8.7711,0.0,0.0,0.0,1.0,8.7711,True,8.7711
152814#7,41.27,13.89,augtime,ema_unlocked,False,7,414.886,13.89,0.0,0.0,2.9712,0.0,0.0,0.0,1.0,2.9712,True,2.9712
-152817#0,314.05,13.89,augtime,ema_unlocked,False,6,1192.41,13.89,0.0,0.0,22.6098,0.0,0.0,0.0,1.0,22.6098,True,22.6098
152817#1,10.36,13.89,augtime,ema_unlocked,False,4,401.599,13.89,0.0,492.26,0.7459,0.0,0.3217,0.0,1.0,0.7459,True,0.7459
-152817#1,10.36,13.89,augtime,ema_unlocked,False,6,490.275,13.89,0.0,0.0,0.7459,0.0,0.0,0.0,1.0,0.7459,True,0.7459
152817#2,270.6,13.89,augtime,ema_unlocked,False,4,274.438,13.89,0.0,0.0,19.4816,0.0,0.0,0.0,1.0,19.4816,True,19.4816
-152817#2,273.0,13.89,augtime,ema_unlocked,False,6,1130.624,13.89,0.0,24967.08,19.6544,0.0,0.0618,0.0,1.0,19.6544,True,19.6544
152817#3,31.42,13.89,augtime,ema_unlocked,False,4,141.904,13.89,0.0,0.0,2.2621,0.0,0.0,0.0,1.0,2.2621,True,2.2621
-152817#3,32.26,13.89,augtime,ema_unlocked,False,6,1752.222,13.78,0.0011,7501.877,2.3412,0.0,0.4144,0.0,1.0,2.3412,True,2.3225
152959#5,2.6,13.89,augtime,ema_unlocked,False,4,649.153,13.659,0.0092,0.0,0.1904,0.0,0.0,0.0,1.0,0.1904,True,0.1872
-152821#0,45.99,13.89,augtime,ema_unlocked,False,2,165.725,13.659,0.0006,0.0,3.3671,0.0,0.0,0.0,1.0,3.3671,True,3.311
152821#1,13.92,13.89,augtime,preseed,False,2,782.061,13.89,0.0,0.0,1.0022,0.0,0.0,0.0,1.0,1.0022,True,1.0022
152826,197.92,13.89,augtime,preseed,False,1,787.297,13.89,0.0,0.0,14.2491,0.0,0.0,0.0,1.0,14.2491,True,14.2491
152821#0,44.56,13.89,augtime,ema_unlocked,False,3,1342.589,13.89,0.0,0.0,3.2081,0.0,0.0,0.0,1.0,3.2081,True,3.2081
-152821#2,42.2,13.89,augtime,ema_unlocked,False,2,1740.436,13.89,0.0,0.0,3.0382,0.0,0.0,0.0,1.0,3.0382,True,3.0382
152959#4,6.71,13.89,augtime,ema_unlocked,False,5,493.269,13.89,0.0,1468.045,0.4831,0.0,1.0,0.0,1.0,0.4831,True,0.4831
-152822,60.59,13.89,augtime,preseed,False,0,782.061,13.89,0.0,0.0,4.3621,0.0,0.0,0.0,1.0,4.3621,False,4.3621
-152843#0,258.7,13.89,augtime,preseed,False,0,782.061,13.89,0.0,0.0,18.6249,0.0,0.0,0.0,1.0,18.6249,False,18.6249
152843#2,126.83,13.89,augtime,preseed,False,0,782.061,13.89,0.0,0.0,9.131,0.0,0.0,0.0,1.0,9.131,False,9.131
153063#0,29.59,13.89,augtime,preseed,False,0,782.061,13.89,0.0,0.0,2.1303,0.0,0.0,0.0,1.0,2.1303,False,2.1303
152822,59.8,13.89,augtime,preseed,False,0,782.061,13.89,0.0,0.0,4.3053,0.0,0.0,0.0,1.0,4.3053,False,4.3053
-152823#0,9.82,13.89,augtime,preseed,False,1,692.577,13.89,0.0,0.0,0.707,0.0,0.0,0.0,1.0,0.707,True,0.707
152823#1,128.41,13.89,augtime,preseed,False,0,782.061,13.89,0.0,0.0,9.2448,0.0,0.0,0.0,1.0,9.2448,False,9.2448
-152832#3,7.89,13.89,augtime,ema_unlocked,False,3,891.336,13.89,0.0,1546.055,0.568,0.0,1.0,0.0,1.0,0.568,True,0.568
152823#0,9.82,13.89,augtime,preseed,False,0,782.061,13.89,0.0,0.0,0.707,0.0,0.0,0.0,1.0,0.707,False,0.707
152832#4,111.45,13.89,augtime,preseed,False,2,782.061,13.89,0.0,0.0,8.0238,0.0,0.0,0.0,1.0,8.0238,True,8.0238
-152823#1,127.66,13.89,augtime,preseed,False,1,786.372,13.89,0.0,0.0,9.1908,0.0,0.0,0.0,1.0,9.1908,True,9.1908
152823#2,32.81,13.89,augtime,preseed,False,0,782.061,13.89,0.0,0.0,2.3621,0.0,0.0,0.0,1.0,2.3621,False,2.3621
-152823#2,28.13,13.89,augtime,preseed,False,1,809.623,13.89,0.0,0.0,2.0252,0.0,0.0,0.0,1.0,2.0252,True,2.0252
152823#3,105.81,13.89,augtime,preseed,False,0,782.061,13.89,0.0,0.0,7.6177,0.0,0.0,0.0,1.0,7.6177,False,7.6177
-152825#0,109.57,13.89,augtime,preseed,False,1,782.061,13.89,0.0,0.0,7.8884,0.0,0.0,0.0,1.0,7.8884,True,7.8884
152825#1,45.2,13.89,augtime,preseed,False,2,814.474,13.89,0.0,0.0,3.2541,0.0,0.0,0.0,1.0,3.2541,True,3.2541
-153549#2,41.97,13.89,augtime,preseed,False,1,782.061,13.89,0.0,0.0,3.0216,0.0,0.0,0.0,1.0,3.0216,True,3.0216
152825#0,110.55,13.89,augtime,preseed,False,2,714.038,13.89,0.0,0.0,7.959,0.0,0.0,0.0,1.0,7.959,True,7.959
-152825#1,42.18,13.89,augtime,preseed,False,1,782.061,13.89,0.0,0.0,3.0367,0.0,0.0,0.0,1.0,3.0367,True,3.0367
-153273#2,78.98,13.89,augtime,preseed,False,1,805.717,13.89,0.0,0.0,5.6861,0.0,0.0,0.0,1.0,5.6861,True,5.6861
152960#10,5.71,13.89,augtime,ema_unlocked,False,4,699.871,13.89,0.0,0.0,0.4111,0.0,0.0,0.0,1.0,0.4111,True,0.4111
-152830#0,127.07,13.89,augtime,preseed,False,2,782.061,13.89,0.0,0.0,9.1483,0.0,0.0,0.0,1.0,9.1483,True,9.1483
152830#1,41.86,13.89,augtime,preseed,False,0,782.061,13.89,0.0,0.0,3.0137,0.0,0.0,0.0,1.0,3.0137,False,3.0137
-153441#1,31.72,13.89,augtime,preseed,False,2,782.061,13.659,0.0025,0.0,2.3224,0.0,0.0,0.0,1.0,2.3224,True,2.2837
153441#2,231.29,13.89,augtime,preseed,False,3,782.061,13.89,0.0,0.0,16.6515,0.0,0.0,0.0,1.0,16.6515,True,16.6515
153446,123.15,13.89,augtime,preseed,False,0,782.061,13.89,0.0,0.0,8.8661,0.0,0.0,0.0,1.0,8.8661,False,8.8661
-152830#1,43.39,13.89,augtime,preseed,False,1,782.061,13.89,0.0,0.0,3.1238,0.0,0.0,0.0,1.0,3.1238,True,3.1238
152830#2,75.86,13.89,augtime,preseed,False,0,782.061,13.89,0.0,0.0,5.4615,0.0,0.0,0.0,1.0,5.4615,False,5.4615
-152830#2,80.1,13.89,augtime,preseed,False,1,782.061,13.89,0.0,0.0,5.7667,0.0,0.0,0.0,1.0,5.7667,True,5.7667
-152836#4,86.41,13.89,augtime,preseed,False,2,858.716,13.89,0.0,0.0,6.221,0.0,0.0,0.0,1.0,6.221,True,6.221
152836#5,87.72,13.89,augtime,preseed,False,1,673.869,13.89,0.0,0.0,6.3153,0.0,0.0,0.0,1.0,6.3153,True,6.3153
152816#4,94.08,13.89,augtime,ema_unlocked,False,10,794.389,13.659,0.0005,0.0,6.888,0.0,0.0,0.0,1.0,6.888,True,6.7732
152831#0,44.56,13.89,augtime,ema_unlocked,False,2,1862.616,13.89,0.0,10486.593,3.2081,0.0,0.3775,0.0,1.0,3.2081,True,3.2081
-152987#1,12.3,13.89,augtime,ema_unlocked,False,4,638.386,13.89,0.0,0.0,0.8855,0.0,0.0,0.0,1.0,0.8855,True,0.8855
152832#0,31.41,13.89,augtime,preseed,False,1,782.061,13.89,0.0,0.0,2.2613,0.0,0.0,0.0,1.0,2.2613,True,2.2613
152987#2,115.72,13.89,augtime,preseed,False,1,660.967,13.89,0.0,0.0,8.3312,0.0,0.0,0.0,1.0,8.3312,True,8.3312
-152832#1,101.75,13.89,augtime,ema_unlocked,False,3,836.539,13.89,0.0,0.0,7.3254,0.0,0.0,0.0,1.0,7.3254,True,7.3254
152832#2,106.13,13.89,augtime,preseed,False,2,782.061,13.89,0.0,0.0,7.6407,0.0,0.0,0.0,1.0,7.6407,True,7.6407
-152832#2,125.54,13.89,augtime,ema_unlocked,False,3,968.427,13.89,0.0,0.0,9.0382,0.0,0.0,0.0,1.0,9.0382,True,9.0382
152832#3,12.92,13.89,augtime,preseed,False,0,782.061,13.89,0.0,0.0,0.9302,0.0,0.0,0.0,1.0,0.9302,False,0.9302
-152832#4,109.22,13.89,augtime,ema_unlocked,False,6,126.685,13.89,0.0,0.0,7.8632,0.0,0.0,0.0,1.0,7.8632,True,7.8632
152832#5,154.0,13.89,augtime,preseed,False,1,782.061,13.89,0.0,0.0,11.0871,0.0,0.0,0.0,1.0,11.0871,True,11.0871
-152832#5,164.41,13.89,augtime,ema_unlocked,False,5,312.64,13.659,0.0,0.0,12.0372,0.0,0.0,0.0,1.0,12.0372,True,11.8366
152832#6,51.36,13.89,augtime,preseed,False,1,782.061,13.89,0.0,0.0,3.6976,0.0,0.0,0.0,1.0,3.6976,True,3.6976
-152832#6,43.52,13.89,augtime,ema_unlocked,False,5,1512.484,13.89,0.0,0.0,3.1332,0.0,0.0,0.0,1.0,3.1332,True,3.1332
-152870#3,117.19,13.89,augtime,ema_unlocked,False,9,457.017,13.89,0.0002,4066.351,8.4371,0.0,0.0273,0.0,1.0,8.4371,True,8.437
152870#4,226.58,13.89,augtime,preseed,False,4,774.32,13.89,0.0,0.0,16.3125,0.0,0.0,0.0,1.0,16.3125,True,16.3125
-152833#0,125.74,13.89,augtime,preseed,False,0,782.061,13.89,0.0,0.0,9.0526,0.0,0.0,0.0,1.0,9.0526,False,9.0526
152833#1,49.2,13.89,augtime,preseed,False,0,782.061,13.89,0.0,0.0,3.5421,0.0,0.0,0.0,1.0,3.5421,False,3.5421
152833#0,123.62,13.89,augtime,preseed,False,0,782.061,13.89,0.0,0.0,8.8999,0.0,0.0,0.0,1.0,8.8999,False,8.8999
-152833#1,49.86,13.89,augtime,preseed,False,0,782.061,13.89,0.0,0.0,3.5896,0.0,0.0,0.0,1.0,3.5896,False,3.5896
-152835#0,25.85,13.89,augtime,preseed,False,0,782.061,13.89,0.0,0.0,1.8611,0.0,0.0,0.0,1.0,1.8611,False,1.8611
152835#1,451.02,13.89,augtime,preseed,False,0,782.061,13.89,0.0,0.0,32.4708,0.0,0.0,0.0,1.0,32.4708,False,32.4708
-152834,273.97,13.89,augtime,preseed,False,0,782.061,13.89,0.0,0.0,19.7243,0.0,0.0,0.0,1.0,19.7243,False,19.7243
-153327#13,24.53,13.89,augtime,preseed,False,0,782.061,13.89,0.0,0.0,1.766,0.0,0.0,0.0,1.0,1.766,False,1.766
152834,266.28,13.89,augtime,preseed,False,0,782.061,13.89,0.0,0.0,19.1706,0.0,0.0,0.0,1.0,19.1706,False,19.1706
153327#14,49.8,13.89,augtime,preseed,False,0,782.061,13.89,0.0,0.0,3.5853,0.0,0.0,0.0,1.0,3.5853,False,3.5853
-153335#6,191.38,13.89,augtime,preseed,False,3,782.061,13.89,0.0,0.0,13.7783,0.0,0.0,0.0,1.0,13.7783,True,13.7783
152835#0,25.47,13.89,augtime,preseed,False,0,782.061,13.89,0.0,0.0,1.8337,0.0,0.0,0.0,1.0,1.8337,False,1.8337
153335#7,624.49,13.89,augtime,preseed,False,0,782.061,13.89,0.0,0.0,44.9597,0.0,0.0,0.0,1.0,44.9597,False,44.9597
-152835#1,449.31,13.89,augtime,preseed,False,0,782.061,13.89,0.0,0.0,32.3477,0.0,0.0,0.0,1.0,32.3477,False,32.3477
-153071#0,41.69,13.89,augtime,preseed,False,0,782.061,13.89,0.0,0.0,3.0014,0.0,0.0,0.0,1.0,3.0014,False,3.0014
153071#1,78.86,13.89,augtime,preseed,False,0,782.061,13.89,0.0,0.0,5.6775,0.0,0.0,0.0,1.0,5.6775,False,5.6775
-152836#0,98.94,13.89,augtime,preseed,False,2,845.91,13.89,0.0,0.0,7.1231,0.0,0.0,0.0,1.0,7.1231,True,7.1231
152836#1,12.35,13.89,augtime,preseed,False,0,782.061,13.89,0.0,0.0,0.8891,0.0,0.0,0.0,1.0,0.8891,False,0.8891
-153444#4,174.73,13.89,augtime,preseed,False,3,865.661,13.89,0.0,0.0,12.5796,0.0,0.0,0.0,1.0,12.5796,True,12.5796
152836#0,107.51,13.89,augtime,preseed,False,1,782.061,13.89,0.0,0.0,7.7401,0.0,0.0,0.0,1.0,7.7401,True,7.7401
153444#5,24.59,13.89,augtime,preseed,False,1,782.061,13.89,0.0,0.0,1.7703,0.0,0.0,0.0,1.0,1.7703,True,1.7703
-152836#3,137.91,13.89,augtime,preseed,False,2,813.235,13.89,0.0,0.0,9.9287,0.0,0.0,0.0,1.0,9.9287,True,9.9287
152836#4,78.8,13.89,augtime,preseed,False,2,782.061,13.89,0.0,0.0,5.6731,0.0,0.0,0.0,1.0,5.6731,True,5.6731
-152836#5,96.67,13.89,augtime,preseed,False,1,782.061,13.89,0.0,0.0,6.9597,0.0,0.0,0.0,1.0,6.9597,True,6.9597
152836#6,116.87,13.89,augtime,preseed,False,1,714.852,13.89,0.0,0.0,8.414,0.0,0.0,0.0,1.0,8.414,True,8.414
-152837,242.15,13.89,augtime,preseed,False,0,782.061,13.89,0.0,0.0,17.4334,0.0,0.0,0.0,1.0,17.4334,False,17.4334
-153335#5,69.0,13.89,augtime,preseed,False,3,782.061,13.89,0.0,0.0,4.9676,0.0,0.0,0.0,1.0,4.9676,True,4.9676
152837,244.31,13.89,augtime,preseed,False,0,782.061,13.89,0.0,0.0,17.5889,0.0,0.0,0.0,1.0,17.5889,False,17.5889
153335#6,221.03,13.89,augtime,preseed,False,0,782.061,13.89,0.0,0.0,15.9129,0.0,0.0,0.0,1.0,15.9129,False,15.9129
-152839,121.34,13.89,augtime,preseed,False,0,782.061,13.89,0.0,0.0,8.7358,0.0,0.0,0.0,1.0,8.7358,False,8.7358
-152979#0,179.79,13.89,augtime,preseed,False,0,782.061,13.89,0.0,0.0,12.9438,0.0,0.0,0.0,1.0,12.9438,False,12.9438
152839,119.78,13.89,augtime,preseed,False,0,782.061,13.89,0.0,0.0,8.6235,0.0,0.0,0.0,1.0,8.6235,False,8.6235
-152840,6.31,13.89,augtime,preseed,False,0,782.061,13.89,0.0,0.0,0.4543,0.0,0.0,0.0,1.0,0.4543,False,0.4543
-153427#7,38.49,13.89,augtime,preseed,False,3,933.522,13.89,0.0,0.0,2.7711,0.0,0.0,0.0,1.0,2.7711,True,2.7711
152841#0,206.07,13.89,augtime,preseed,False,0,782.061,13.89,0.0,0.0,14.8359,0.0,0.0,0.0,1.0,14.8359,False,14.8359
-152841#1,302.06,13.89,augtime,preseed,False,1,741.021,13.89,0.0,0.0,21.7466,0.0,0.0,0.0,1.0,21.7466,True,21.7466
-153427#5,93.13,13.89,augtime,preseed,False,2,801.634,13.89,0.0,0.0,6.7048,0.0,0.0,0.0,1.0,6.7048,True,6.7048
153427#6,108.47,13.89,augtime,preseed,False,0,782.061,13.89,0.0,0.0,7.8092,0.0,0.0,0.0,1.0,7.8092,False,7.8092
-152842,315.43,13.89,augtime,preseed,False,2,800.256,13.89,0.0,0.0,22.7091,0.0,0.0,0.0,1.0,22.7091,True,22.7091
-153427#4,211.95,13.89,augtime,preseed,False,0,782.061,13.89,0.0,0.0,15.2592,0.0,0.0,0.0,1.0,15.2592,False,15.2592
153427#5,88.71,13.89,augtime,preseed,False,0,782.061,13.89,0.0,0.0,6.3866,0.0,0.0,0.0,1.0,6.3866,False,6.3866
152842,320.14,13.89,augtime,preseed,False,0,782.061,13.89,0.0,0.0,23.0482,0.0,0.0,0.0,1.0,23.0482,False,23.0482
152843#0,265.4,13.89,augtime,preseed,False,0,782.061,13.89,0.0,0.0,19.1073,0.0,0.0,0.0,1.0,19.1073,False,19.1073
-152843#2,127.95,13.89,augtime,preseed,False,0,782.061,13.89,0.0,0.0,9.2117,0.0,0.0,0.0,1.0,9.2117,False,9.2117
-153427#2,232.55,13.89,augtime,preseed,False,0,782.061,13.89,0.0,0.0,16.7423,0.0,0.0,0.0,1.0,16.7423,False,16.7423
153427#3,85.67,13.89,augtime,preseed,False,0,782.061,13.89,0.0,0.0,6.1677,0.0,0.0,0.0,1.0,6.1677,False,6.1677
-152844,77.11,13.89,augtime,preseed,False,0,782.061,13.89,0.0,0.0,5.5515,0.0,0.0,0.0,1.0,5.5515,False,5.5515
-152845,88.62,13.89,augtime,preseed,False,0,782.061,13.89,0.0,0.0,6.3801,0.0,0.0,0.0,1.0,6.3801,False,6.3801
-153427#6,104.24,13.89,augtime,preseed,False,3,826.087,13.89,0.0,0.0,7.5047,0.0,0.0,0.0,1.0,7.5047,True,7.5047
152961,82.95,13.89,augtime,preseed,False,0,782.061,13.89,0.0,0.0,5.9719,0.0,0.0,0.0,1.0,5.9719,False,5.9719
153427#7,41.83,13.89,augtime,preseed,False,0,782.061,13.89,0.0,0.0,3.0115,0.0,0.0,0.0,1.0,3.0115,False,3.0115
-152846,238.87,13.89,augtime,preseed,False,0,782.061,13.89,0.0,0.0,17.1973,0.0,0.0,0.0,1.0,17.1973,False,17.1973
-152854#0,25.83,13.89,augtime,preseed,False,0,782.061,13.89,0.0,0.0,1.8596,0.0,0.0,0.0,1.0,1.8596,False,1.8596
152854#1,71.4,13.89,augtime,preseed,False,2,782.061,13.89,0.0,0.0,5.1404,0.0,0.0,0.0,1.0,5.1404,True,5.1404
152846,228.72,13.89,augtime,preseed,False,0,782.061,13.89,0.0,0.0,16.4665,0.0,0.0,0.0,1.0,16.4665,False,16.4665
-152847,465.66,13.89,augtime,preseed,False,0,782.061,13.89,0.0,0.0,33.5248,0.0,0.0,0.0,1.0,33.5248,False,33.5248
-153456#3,25.61,13.89,augtime,ema_unlocked,False,4,5600.401,13.89,0.0,0.0,1.8438,0.0,0.0,0.0,1.0,1.8438,True,1.8438
152847,454.99,13.89,augtime,preseed,False,0,782.061,13.89,0.0,0.0,32.7567,0.0,0.0,0.0,1.0,32.7567,False,32.7567
152852,100.44,13.89,augtime,preseed,False,0,782.061,13.89,0.0,0.0,7.2311,0.0,0.0,0.0,1.0,7.2311,False,7.2311
153456#4,366.06,13.89,augtime,ema_unlocked,False,2,20.034,13.659,0.0002,0.0,26.8009,0.0,0.0,0.0,1.0,26.8009,True,26.3542
-152848,143.44,13.89,augtime,preseed,False,0,782.061,13.89,0.0,0.0,10.3269,0.0,0.0,0.0,1.0,10.3269,False,10.3269
-152851#0,93.49,13.89,augtime,preseed,False,0,782.061,13.89,0.0,0.0,6.7307,0.0,0.0,0.0,1.0,6.7307,False,6.7307
152848,137.25,13.89,augtime,preseed,False,0,782.061,13.89,0.0,0.0,9.8812,0.0,0.0,0.0,1.0,9.8812,False,9.8812
152851#1,102.98,13.89,augtime,preseed,False,0,782.061,13.89,0.0,0.0,7.414,0.0,0.0,0.0,1.0,7.414,False,7.414
-152849,105.77,13.89,augtime,preseed,False,0,782.061,13.89,0.0,0.0,7.6148,0.0,0.0,0.0,1.0,7.6148,False,7.6148
-153007#0,676.01,13.89,augtime,preseed,False,0,782.061,13.89,0.0,0.0,48.6688,0.0,0.0,0.0,1.0,48.6688,False,48.6688
152849,119.49,13.89,augtime,preseed,False,0,782.061,13.89,0.0,0.0,8.6026,0.0,0.0,0.0,1.0,8.6026,False,8.6026
153007#2,97.52,13.89,augtime,preseed,False,1,782.061,13.89,0.0,0.0,7.0209,0.0,0.0,0.0,1.0,7.0209,True,7.0209
153052,160.73,13.89,augtime,preseed,False,0,782.061,13.89,0.0,0.0,11.5716,0.0,0.0,0.0,1.0,11.5716,False,11.5716
-152850,82.77,13.89,augtime,preseed,False,0,782.061,13.89,0.0,0.0,5.959,0.0,0.0,0.0,1.0,5.959,False,5.959
-153007#3,150.68,13.89,augtime,preseed,False,0,782.061,13.89,0.0,0.0,10.8481,0.0,0.0,0.0,1.0,10.8481,False,10.8481
153007#4,42.5,13.89,augtime,preseed,False,1,782.061,13.89,0.0,0.0,3.0598,0.0,0.0,0.0,1.0,3.0598,True,3.0598
152850,82.36,13.89,augtime,preseed,False,0,782.061,13.89,0.0,0.0,5.9294,0.0,0.0,0.0,1.0,5.9294,False,5.9294
152851#0,96.89,13.89,augtime,preseed,False,0,782.061,13.89,0.0,0.0,6.9755,0.0,0.0,0.0,1.0,6.9755,False,6.9755
-152851#1,106.74,13.89,augtime,preseed,False,0,782.061,13.89,0.0,0.0,7.6847,0.0,0.0,0.0,1.0,7.6847,False,7.6847
152851#2,203.77,13.89,augtime,preseed,False,0,782.061,13.89,0.0,0.0,14.6703,0.0,0.0,0.0,1.0,14.6703,False,14.6703
152981,465.36,13.89,augtime,preseed,False,0,782.061,13.89,0.0,0.0,33.5032,0.0,0.0,0.0,1.0,33.5032,False,33.5032
-152851#2,199.41,13.89,augtime,preseed,False,0,782.061,13.89,0.0,0.0,14.3564,0.0,0.0,0.0,1.0,14.3564,False,14.3564
-152931#1,190.74,13.89,augtime,preseed,False,1,782.061,13.89,0.0,0.0,13.7322,0.0,0.0,0.0,1.0,13.7322,True,13.7322
152931#2,46.01,13.89,augtime,preseed,False,0,782.061,13.89,0.0,0.0,3.3125,0.0,0.0,0.0,1.0,3.3125,False,3.3125
-152852,113.08,13.89,augtime,preseed,False,0,782.061,13.89,0.0,0.0,8.1411,0.0,0.0,0.0,1.0,8.1411,False,8.1411
-152853,131.53,13.89,augtime,preseed,False,0,782.061,13.89,0.0,0.0,9.4694,0.0,0.0,0.0,1.0,9.4694,False,9.4694
-153007#2,97.59,13.89,augtime,preseed,False,0,782.061,13.89,0.0,0.0,7.0259,0.0,0.0,0.0,1.0,7.0259,False,7.0259
152853,129.14,13.89,augtime,preseed,False,0,782.061,13.89,0.0,0.0,9.2973,0.0,0.0,0.0,1.0,9.2973,False,9.2973
153007#3,148.74,13.89,augtime,preseed,False,1,782.061,13.89,0.0,0.0,10.7084,0.0,0.0,0.0,1.0,10.7084,True,10.7084
-153456#5,148.29,13.89,augtime,ema_unlocked,False,4,1973.801,13.85,0.0003,24172.039,10.7072,0.0,0.0719,0.0,1.0,10.7072,True,10.676
152854#0,26.85,13.89,augtime,preseed,False,2,782.061,13.89,0.0,0.0,1.933,0.0,0.0,0.0,1.0,1.933,True,1.933
153456#6,51.7,13.89,augtime,ema_unlocked,False,2,36.463,13.89,0.0,226.209,3.7221,0.0,0.3334,0.0,1.0,3.7221,True,3.7221
-152854#1,66.82,13.89,augtime,preseed,False,0,782.061,13.89,0.0,0.0,4.8107,0.0,0.0,0.0,1.0,4.8107,False,4.8107
-152856,265.45,13.89,augtime,preseed,False,0,782.061,13.89,0.0,0.0,19.1109,0.0,0.0,0.0,1.0,19.1109,False,19.1109
-152911#0,27.14,13.89,augtime,preseed,False,0,782.061,13.89,0.0,0.0,1.9539,0.0,0.0,0.0,1.0,1.9539,False,1.9539
152856,265.49,13.89,augtime,preseed,False,0,782.061,13.89,0.0,0.0,19.1138,0.0,0.0,0.0,1.0,19.1138,False,19.1138
152911#1,415.31,13.89,augtime,preseed,False,0,782.061,13.89,0.0,0.0,29.8999,0.0,0.0,0.0,1.0,29.8999,False,29.8999
-152857,63.98,13.89,augtime,preseed,False,1,808.411,13.89,0.0,0.0,4.6062,0.0,0.0,0.0,1.0,4.6062,True,4.6062
152137#3,5.39,13.89,augtime,ema_unlocked,False,3,1565.651,13.89,0.0,2170.084,0.388,0.0,1.0,0.0,1.0,0.388,True,0.388
-152876,75.1,13.89,augtime,preseed,False,0,782.061,13.89,0.0,0.0,5.4068,0.0,0.0,0.0,1.0,5.4068,False,5.4068
152859,27.32,13.89,augtime,preseed,False,2,782.061,13.89,0.0,0.0,1.9669,0.0,0.0,0.0,1.0,1.9669,True,1.9669
-152860,109.93,13.89,augtime,preseed,False,1,744.685,13.89,0.0,0.0,7.9143,0.0,0.0,0.0,1.0,7.9143,True,7.9143
152862,71.22,13.89,augtime,preseed,False,4,782.061,13.89,0.0,0.0,5.1274,0.0,0.0,0.0,1.0,5.1274,True,5.1274
-152861,71.61,13.89,augtime,preseed,False,1,760.362,13.89,0.0,0.0,5.1555,0.0,0.0,0.0,1.0,5.1555,True,5.1555
-152889,79.95,13.89,augtime,preseed,False,4,782.061,13.89,0.0,5202.137,5.7559,0.0,0.0778,0.0,1.0,5.7559,True,5.7559
-152863,90.7,13.89,augtime,preseed,False,1,782.061,13.89,0.0,0.0,6.5299,0.0,0.0,0.0,1.0,6.5299,True,6.5299
152868,50.26,13.89,augtime,preseed,False,1,782.061,13.89,0.0,0.0,3.6184,0.0,0.0,0.0,1.0,3.6184,True,3.6184
-152869,9.59,13.89,augtime,preseed,False,0,782.061,13.89,0.0,0.0,0.6904,0.0,0.0,0.0,1.0,0.6904,False,0.6904
152863,83.56,13.89,augtime,preseed,False,1,782.061,13.89,0.0,0.0,6.0158,0.0,0.0,0.0,1.0,6.0158,True,6.0158
-152864,6.32,13.89,augtime,preseed,False,0,782.061,13.89,0.0,0.0,0.455,0.0,0.0,0.0,1.0,0.455,False,0.455
-152947,9.69,13.89,augtime,preseed,False,1,782.061,13.789,0.0035,0.0,0.7027,0.0,0.0,0.0,1.0,0.7027,True,0.6976
152865,26.5,13.89,augtime,preseed,False,2,782.061,13.89,0.0,0.0,1.9078,0.0,0.0,0.0,1.0,1.9078,True,1.9078
152866,17.84,13.89,augtime,preseed,False,0,782.061,13.89,0.0,0.0,1.2844,0.0,0.0,0.0,1.0,1.2844,False,1.2844
152885,17.5,13.89,augtime,preseed,False,3,782.061,13.89,0.0,1051.704,1.2599,0.0,0.0337,0.0,1.0,1.2599,True,1.2599
152889,80.44,13.89,augtime,preseed,False,1,782.061,13.89,0.0,0.0,5.7912,0.0,0.0,0.0,1.0,5.7912,True,5.7912
-152867,8.11,13.89,augtime,preseed,False,0,782.061,13.89,0.0,0.0,0.5839,0.0,0.0,0.0,1.0,0.5839,False,0.5839
152867,8.76,13.89,augtime,preseed,False,1,782.061,13.89,0.0,0.0,0.6307,0.0,0.0,0.0,1.0,0.6307,True,0.6307
152888,4.58,13.89,augtime,preseed,False,2,767.649,13.89,0.0,0.0,0.3297,0.0,0.0,0.0,1.0,0.3297,True,0.3297
152947,9.69,13.89,augtime,preseed,False,0,782.061,13.89,0.0,0.0,0.6976,0.0,0.0,0.0,1.0,0.6976,False,0.6976
-152877,9.82,13.89,augtime,preseed,False,0,782.061,13.89,0.0,0.0,0.707,0.0,0.0,0.0,1.0,0.707,False,0.707
152869,9.77,13.89,augtime,preseed,False,1,782.061,13.89,0.0,0.0,0.7034,0.0,0.0,0.0,1.0,0.7034,True,0.7034
-152870#0,82.61,13.89,augtime,ema_unlocked,False,7,138.599,13.89,0.0,0.0,5.9474,0.0,0.0,0.0,1.0,5.9474,True,5.9474
152870#1,56.8,13.89,augtime,ema_unlocked,False,4,303.958,13.89,0.0,0.0,4.0893,0.0,0.0,0.0,1.0,4.0893,True,4.0893
152870#0,83.55,13.89,augtime,ema_unlocked,False,5,2105.592,13.89,0.0,0.0,6.0151,0.0,0.0,0.0,1.0,6.0151,True,6.0151
153552#3,16.42,13.89,augtime,ema_unlocked,False,7,759.028,13.89,0.0,0.0,1.1821,0.0,0.0,0.0,1.0,1.1821,True,1.1821
-152870#1,55.98,13.89,augtime,ema_unlocked,False,8,1461.606,13.89,0.0,8199.378,4.0302,0.0,0.196,0.0,1.0,4.0302,True,4.0302
152870#2,42.16,13.89,augtime,preseed,False,3,787.98,13.89,0.0,0.0,3.0353,0.0,0.0,0.0,1.0,3.0353,True,3.0353
-152870#2,44.05,13.89,augtime,ema_unlocked,False,9,375.906,13.89,0.0,0.0,3.1713,0.0,0.0,0.0,1.0,3.1713,True,3.1713
152870#3,116.43,13.89,augtime,preseed,False,3,783.216,13.89,0.0,0.0,8.3823,0.0,0.0,0.0,1.0,8.3823,True,8.3823
-152870#4,221.94,13.89,augtime,ema_unlocked,False,9,593.688,13.877,0.0006,9749.122,15.9932,0.0,0.0134,0.0,1.0,15.9932,True,15.9784
152870#5,181.0,13.89,augtime,preseed,False,4,662.306,13.89,0.0,0.0,13.031,0.0,0.0,0.0,1.0,13.031,True,13.031
-152871,27.37,13.89,augtime,preseed,False,0,782.061,13.89,0.0,0.0,1.9705,0.0,0.0,0.0,1.0,1.9705,False,1.9705
-152872,100.86,13.89,augtime,preseed,False,0,782.061,13.89,0.0,0.0,7.2613,0.0,0.0,0.0,1.0,7.2613,False,7.2613
-153559#4,26.02,13.89,augtime,preseed,False,0,782.061,13.89,0.0,0.0,1.8733,0.0,0.0,0.0,1.0,1.8733,False,1.8733
152872,90.52,13.89,augtime,preseed,False,0,782.061,13.89,0.0,0.0,6.5169,0.0,0.0,0.0,1.0,6.5169,False,6.5169
-152873#0,24.86,13.89,augtime,preseed,False,1,782.866,13.89,0.0,0.0,1.7898,0.0,0.0,0.0,1.0,1.7898,True,1.7898
-152894#1,12.26,13.89,augtime,preseed,False,1,782.995,13.89,0.0,0.0,0.8826,0.0,0.0,0.0,1.0,0.8826,True,0.8826
152873#1,69.45,13.89,augtime,preseed,False,1,782.061,13.89,0.0,0.0,5.0,0.0,0.0,0.0,1.0,5.0,True,5.0
-152886#1,215.15,13.89,augtime,preseed,False,0,782.061,13.89,0.0,0.0,15.4896,0.0,0.0,0.0,1.0,15.4896,False,15.4896
152873#0,26.67,13.89,augtime,preseed,False,2,681.818,13.89,0.0,0.0,1.9201,0.0,0.0,0.0,1.0,1.9201,True,1.9201
152983,98.06,13.89,augtime,preseed,False,1,703.528,13.89,0.0,0.0,7.0598,0.0,0.0,0.0,1.0,7.0598,True,7.0598
-152888,4.58,13.89,augtime,preseed,False,0,782.061,13.89,0.0,0.0,0.3297,0.0,0.0,0.0,1.0,0.3297,False,0.3297
152876,75.48,13.89,augtime,preseed,False,2,894.947,13.89,0.0,0.0,5.4341,0.0,0.0,0.0,1.0,5.4341,True,5.4341
-152880#2,10.77,13.89,augtime,preseed,False,0,782.061,13.89,0.0,0.0,0.7754,0.0,0.0,0.0,1.0,0.7754,False,0.7754
152877,10.77,13.89,augtime,preseed,False,1,782.061,13.89,0.0,0.0,0.7754,0.0,0.0,0.0,1.0,0.7754,True,0.7754
-152878,51.17,13.89,augtime,preseed,False,3,824.999,13.781,0.0015,9265.773,3.713,0.0,1.0,0.0,1.0,3.713,True,3.6839
-153559#3,134.51,13.89,augtime,preseed,False,1,799.362,13.89,0.0,0.0,9.6839,0.0,0.0,0.0,1.0,9.6839,True,9.6839
153559#4,26.02,13.89,augtime,preseed,False,0,782.061,13.89,0.0,0.0,1.8733,0.0,0.0,0.0,1.0,1.8733,False,1.8733
-152883#0,108.29,13.89,augtime,preseed,False,2,782.061,13.89,0.0,6348.147,7.7963,0.0,0.0206,0.0,1.0,7.7963,True,7.7963
152878,50.99,13.89,augtime,preseed,False,1,814.603,13.89,0.0,0.0,3.671,0.0,0.0,0.0,1.0,3.671,True,3.671
152883#1,31.14,13.89,augtime,ema_unlocked,False,4,522.215,13.89,0.0,0.0,2.2419,0.0,0.0,0.0,1.0,2.2419,True,2.2419
-152880#0,56.85,13.89,augtime,preseed,False,1,782.061,13.89,0.0,0.0,4.0929,0.0,0.0,0.0,1.0,4.0929,True,4.0929
152880#1,4.33,13.89,augtime,preseed,False,1,782.061,13.89,0.0,0.0,0.3117,0.0,0.0,0.0,1.0,0.3117,True,0.3117
-152882,48.8,13.89,augtime,preseed,False,1,782.061,13.89,0.0,0.0,3.5133,0.0,0.0,0.0,1.0,3.5133,True,3.5133
152942,57.1,13.89,augtime,preseed,False,1,782.061,13.89,0.0,0.0,4.1109,0.0,0.0,0.0,1.0,4.1109,True,4.1109
-152880#1,6.79,13.89,augtime,preseed,False,0,782.061,13.89,0.0,0.0,0.4888,0.0,0.0,0.0,1.0,0.4888,False,0.4888
152880#2,10.77,13.89,augtime,preseed,False,1,782.061,13.89,0.0,0.0,0.7754,0.0,0.0,0.0,1.0,0.7754,True,0.7754
-152881,39.77,13.89,augtime,preseed,False,1,782.061,13.89,0.0,0.0,2.8632,0.0,0.0,0.0,1.0,2.8632,True,2.8632
152882,47.02,13.89,augtime,preseed,False,1,782.061,13.89,0.0,0.0,3.3852,0.0,0.0,0.0,1.0,3.3852,True,3.3852
-152884#1,47.35,13.89,augtime,preseed,False,1,782.061,13.89,0.0,0.0,3.4089,0.0,0.0,0.0,1.0,3.4089,True,3.4089
152881,35.15,13.89,augtime,preseed,False,0,782.061,13.89,0.0,0.0,2.5306,0.0,0.0,0.0,1.0,2.5306,False,2.5306
152883#0,106.1,13.89,augtime,preseed,False,2,669.304,13.89,0.0,0.0,7.6386,0.0,0.0,0.0,1.0,7.6386,True,7.6386
152975#1,10.03,13.89,augtime,ema_unlocked,False,5,3569.024,13.89,0.0,0.0,0.7221,0.0,0.0,0.0,1.0,0.7221,True,0.7221
-152883#1,31.14,13.89,augtime,preseed,False,1,886.437,13.89,0.0,0.0,2.2419,0.0,0.0,0.0,1.0,2.2419,True,2.2419
152883#2,4.72,13.89,augtime,preseed,False,3,576.744,13.89,0.0,0.0,0.3398,0.0,0.0,0.0,1.0,0.3398,True,0.3398
-152883#2,7.71,13.89,augtime,preseed,False,1,814.546,13.89,0.0,0.0,0.5551,0.0,0.0,0.0,1.0,0.5551,True,0.5551
152874#5,1.54,13.89,augtime,ema_unlocked,False,4,426.459,13.89,0.0,0.0,0.1109,0.0,0.0,0.0,1.0,0.1109,True,0.1109
-152885,17.5,13.89,augtime,preseed,False,1,782.061,13.89,0.0,0.0,1.2599,0.0,0.0,0.0,1.0,1.2599,True,1.2599
152884#0,25.11,13.89,augtime,preseed,False,3,782.061,13.89,0.0,0.0,1.8078,0.0,0.0,0.0,1.0,1.8078,True,1.8078
-152886#0,132.53,13.89,augtime,preseed,False,3,787.316,13.89,0.0,0.0,9.5414,0.0,0.0,0.0,1.0,9.5414,True,9.5414
152886#1,205.47,13.89,augtime,preseed,False,0,782.061,13.89,0.0,0.0,14.7927,0.0,0.0,0.0,1.0,14.7927,False,14.7927
152966#0,23.35,13.89,augtime,preseed,False,0,782.061,13.659,0.0017,0.0,1.7096,0.0,0.0,0.0,1.0,1.7096,False,1.6811
152886#0,126.75,13.89,augtime,preseed,False,0,782.061,13.89,0.0,0.0,9.1253,0.0,0.0,0.0,1.0,9.1253,False,9.1253
152975#4,12.36,13.89,augtime,preseed,False,3,924.981,13.89,0.0,0.0,0.8898,0.0,0.0,0.0,1.0,0.8898,True,0.8898
-152887#0,69.91,13.89,augtime,preseed,False,2,764.97,13.89,0.0,0.0,5.0331,0.0,0.0,0.0,1.0,5.0331,True,5.0331
152887#1,19.34,13.89,augtime,preseed,False,1,775.259,13.89,0.0,0.0,1.3924,0.0,0.0,0.0,1.0,1.3924,True,1.3924
152898#0,22.71,13.89,augtime,preseed,False,3,885.624,13.89,0.0,0.0,1.635,0.0,0.0,0.0,1.0,1.635,True,1.635
152974,71.63,13.89,augtime,preseed,False,1,825.355,13.89,0.0,0.0,5.1569,0.0,0.0,0.0,1.0,5.1569,True,5.1569
153560,24.94,13.89,augtime,preseed,False,1,837.528,13.89,0.0,0.0,1.7955,0.0,0.0,0.0,1.0,1.7955,True,1.7955
-152887#1,20.09,13.89,augtime,preseed,False,2,712.322,13.89,0.0,0.0,1.4464,0.0,0.0,0.0,1.0,1.4464,True,1.4464
-153558,229.74,13.89,augtime,ema_unlocked,False,4,629.903,13.89,0.0,0.0,16.54,0.0,0.0,0.0,1.0,16.54,True,16.54
152887#2,16.28,13.89,augtime,preseed,False,0,782.061,13.89,0.0,0.0,1.1721,0.0,0.0,0.0,1.0,1.1721,False,1.1721
-152887#2,6.95,13.89,augtime,preseed,False,3,782.061,13.89,0.0,0.0,0.5004,0.0,0.0,0.0,1.0,0.5004,True,0.5004
-152900#0,80.56,13.89,augtime,preseed,False,3,782.061,13.89,0.0,0.0,5.7999,0.0,0.0,0.0,1.0,5.7999,True,5.7999
152900#1,56.03,13.89,augtime,preseed,False,5,621.605,13.89,0.0,0.0,4.0338,0.0,0.0,0.0,1.0,4.0338,True,4.0338
-152890,79.4,13.89,augtime,preseed,False,0,782.061,13.89,0.0,0.0,5.7163,0.0,0.0,0.0,1.0,5.7163,False,5.7163
-152901#0,119.56,13.89,augtime,ema_unlocked,False,4,328.25,13.659,0.0002,4180.656,8.7535,0.0,0.2275,0.0,1.0,8.7535,True,8.6076
152890,83.34,13.89,augtime,preseed,False,0,782.061,13.89,0.0,0.0,6.0,0.0,0.0,0.0,1.0,6.0,False,6.0
152901#1,110.7,13.89,augtime,ema_unlocked,False,5,1395.299,13.89,0.0,11788.895,7.9698,0.0,0.0301,0.0,1.0,7.9698,True,7.9698
-152891#0,194.07,13.89,augtime,preseed,False,2,782.061,13.89,0.0,0.0,13.9719,0.0,0.0,0.0,1.0,13.9719,True,13.9719
152891#1,34.23,13.89,augtime,preseed,False,1,782.061,13.89,0.0,563.025,2.4644,0.0,0.0,0.0,1.0,2.4644,True,2.4644
-152891#1,30.18,13.89,augtime,preseed,False,2,782.061,13.89,0.0,0.0,2.1728,0.0,0.0,0.0,1.0,2.1728,True,2.1728
152399#0,18.34,13.89,augtime,ema_unlocked,False,3,458.391,13.513,0.0042,2407.491,1.3573,0.0,1.0,0.0,1.0,1.3573,True,1.3204
-152892#0,30.39,13.89,augtime,preseed,False,2,782.061,13.89,0.0,0.0,2.1879,0.0,0.0,0.0,1.0,2.1879,True,2.1879
152892#1,174.5,13.89,augtime,preseed,False,1,782.061,13.89,0.0,0.0,12.563,0.0,0.0,0.0,1.0,12.563,True,12.563
-152893#0,50.54,13.89,augtime,preseed,False,0,782.061,13.89,0.0,0.0,3.6386,0.0,0.0,0.0,1.0,3.6386,False,3.6386
152893#1,9.33,13.89,augtime,preseed,False,0,782.061,13.89,0.0,0.0,0.6717,0.0,0.0,0.0,1.0,0.6717,False,0.6717
153643,45.13,13.89,augtime,preseed,False,0,782.061,13.89,0.0,0.0,3.2491,0.0,0.0,0.0,1.0,3.2491,False,3.2491
-153453#1,168.93,13.89,augtime,preseed,False,0,782.061,13.89,0.0,0.0,12.162,0.0,0.0,0.0,1.0,12.162,False,12.162
153450,37.2,13.89,augtime,preseed,False,0,782.061,13.89,0.0,0.0,2.6782,0.0,0.0,0.0,1.0,2.6782,False,2.6782
153453#2,58.22,13.89,augtime,preseed,False,0,782.061,13.89,0.0,0.0,4.1915,0.0,0.0,0.0,1.0,4.1915,False,4.1915
-152893#1,9.33,13.89,augtime,preseed,False,0,782.061,13.89,0.0,0.0,0.6717,0.0,0.0,0.0,1.0,0.6717,False,0.6717
-153476#2,32.76,13.89,augtime,preseed,False,3,782.061,13.89,0.0,0.0,2.3585,0.0,0.0,0.0,1.0,2.3585,True,2.3585
153476#3,16.14,13.89,augtime,ema_unlocked,False,6,771.417,13.89,0.0015,781.83,1.162,0.0,0.0,0.0,1.0,1.162,True,1.162
-152894#0,141.05,13.89,augtime,preseed,False,1,817.999,13.89,0.0,0.0,10.1548,0.0,0.0,0.0,1.0,10.1548,True,10.1548
152894#1,11.75,13.89,augtime,preseed,False,0,782.061,13.89,0.0,0.0,0.8459,0.0,0.0,0.0,1.0,0.8459,False,0.8459
152911#0,27.21,13.89,augtime,preseed,False,0,782.061,13.89,0.0,0.0,1.959,0.0,0.0,0.0,1.0,1.959,False,1.959
152894#0,143.78,13.89,augtime,preseed,False,0,782.061,13.89,0.0,0.0,10.3513,0.0,0.0,0.0,1.0,10.3513,False,10.3513
-152895#0,51.85,13.89,augtime,preseed,False,0,782.061,13.89,0.0,0.0,3.7329,0.0,0.0,0.0,1.0,3.7329,False,3.7329
-153476#0,40.38,13.89,augtime,preseed,False,4,948.853,13.89,0.0,1248.156,2.9071,0.0,0.0,0.0,1.0,2.9071,True,2.9071
152895#1,4.46,13.89,augtime,preseed,False,1,782.061,13.89,0.0,0.0,0.3211,0.0,0.0,0.0,1.0,0.3211,True,0.3211
153476#1,42.56,13.89,augtime,ema_unlocked,False,6,1217.414,13.89,0.0,0.0,3.0641,0.0,0.0,0.0,1.0,3.0641,True,3.0641
152895#0,50.23,13.89,augtime,preseed,False,0,782.061,13.89,0.0,0.0,3.6163,0.0,0.0,0.0,1.0,3.6163,False,3.6163
-152897#0,25.94,13.89,augtime,preseed,False,0,782.061,13.89,0.0,0.0,1.8675,0.0,0.0,0.0,1.0,1.8675,False,1.8675
152897#1,9.2,13.89,augtime,preseed,False,0,782.061,13.89,0.0,0.0,0.6623,0.0,0.0,0.0,1.0,0.6623,False,0.6623
-152902#7,1.24,13.89,augtime,preseed,False,0,782.061,13.89,0.0,0.0,0.0893,0.0,0.0,0.0,1.0,0.0893,False,0.0893
152897#0,22.62,13.89,augtime,preseed,False,0,782.061,13.89,0.0,0.0,1.6285,0.0,0.0,0.0,1.0,1.6285,False,1.6285
152902#8,34.2,13.89,augtime,preseed,False,0,782.061,13.89,0.0,0.0,2.4622,0.0,0.0,0.0,1.0,2.4622,False,2.4622
-152897#1,9.2,13.89,augtime,preseed,False,0,782.061,13.89,0.0,0.0,0.6623,0.0,0.0,0.0,1.0,0.6623,False,0.6623
152897#2,45.74,13.89,augtime,preseed,False,0,782.061,13.89,0.0,0.0,3.293,0.0,0.0,0.0,1.0,3.293,False,3.293
-152897#2,46.72,13.89,augtime,preseed,False,0,782.061,13.89,0.0,0.0,3.3636,0.0,0.0,0.0,1.0,3.3636,False,3.3636
-152898#0,22.71,13.89,augtime,preseed,False,1,764.443,13.89,0.0,0.0,1.635,0.0,0.0,0.0,1.0,1.635,True,1.635
-153559#2,42.09,13.89,augtime,preseed,False,1,782.061,13.89,0.0,0.0,3.0302,0.0,0.0,0.0,1.0,3.0302,True,3.0302
152898#1,104.46,13.89,augtime,preseed,False,3,810.206,13.659,0.0002,0.0,7.648,0.0,0.0,0.0,1.0,7.648,True,7.5205
153559#3,134.47,13.89,augtime,preseed,False,3,786.691,13.89,0.0,0.0,9.6811,0.0,0.0,0.0,1.0,9.6811,True,9.6811
-152898#1,114.03,13.89,augtime,preseed,False,2,692.515,13.89,0.0,0.0,8.2095,0.0,0.0,0.0,1.0,8.2095,True,8.2095
152898#2,180.99,13.89,augtime,ema_unlocked,False,3,828.091,13.659,0.0002,13756.466,13.2511,0.0,0.1268,0.0,1.0,13.2511,True,13.0302
-152899#0,67.62,13.89,augtime,ema_unlocked,False,4,153.774,13.89,0.0,0.0,4.8683,0.0,0.0,0.0,1.0,4.8683,True,4.8683
152899#1,178.56,13.89,augtime,ema_unlocked,False,10,1412.069,13.89,0.0,0.0,12.8553,0.0,0.0,0.0,1.0,12.8553,True,12.8553
152402#0,7.81,13.89,augtime,ema_unlocked,False,4,307.076,13.89,0.0,1305.791,0.5623,0.0,1.0,0.0,1.0,0.5623,True,0.5623
152899#0,62.92,13.89,augtime,ema_unlocked,False,10,1801.288,13.82,0.0006,11528.596,4.5527,0.0,0.2029,0.0,1.0,4.5527,True,4.5299
-152899#1,178.79,13.89,augtime,ema_unlocked,False,4,267.798,13.89,0.0,0.0,12.8719,0.0,0.0,0.0,1.0,12.8719,True,12.8719
152899#2,185.02,13.89,augtime,ema_unlocked,False,10,1378.71,13.908,0.0004,18179.461,13.3034,0.0,0.0,0.0,1.0,13.3034,True,13.3204
153006#0,447.5,13.89,augtime,preseed,False,2,834.604,13.89,0.0,0.0,32.2174,0.0,0.0,0.0,1.0,32.2174,True,32.2174
152900#0,83.88,13.89,augtime,preseed,False,5,898.594,13.89,0.0,0.0,6.0389,0.0,0.0,0.0,1.0,6.0389,True,6.0389
152975#3,12.67,13.89,augtime,preseed,False,4,782.061,13.659,0.003,0.0,0.9276,0.0,0.0,0.0,1.0,0.9276,True,0.9122
-152900#1,57.26,13.89,augtime,preseed,False,5,782.061,13.89,0.0,0.0,4.1224,0.0,0.0,0.0,1.0,4.1224,True,4.1224
152982#4,8.98,13.89,augtime,ema_unlocked,False,7,88.317,13.89,0.0,641.59,0.6465,0.0,1.0,0.0,1.0,0.6465,True,0.6465
152901#0,120.88,13.89,augtime,ema_unlocked,False,5,1538.781,13.89,0.0,0.0,8.7027,0.0,0.0,0.0,1.0,8.7027,True,8.7027
-152901#1,117.73,13.89,augtime,ema_unlocked,False,4,150.881,13.89,0.0,0.0,8.4759,0.0,0.0,0.0,1.0,8.4759,True,8.4759
152320,1741.47,27.78,augtime,ema_unlocked,False,1,1491.736,27.78,0.0,0.0,62.6879,0.0,0.0,0.0,1.0,62.6879,True,62.6879
152988,83.94,13.89,augtime,ema_unlocked,False,8,827.005,13.89,0.0,7252.265,6.0432,0.0,0.2256,0.0,1.0,6.0432,True,6.0432
-152902#0,101.75,13.89,augtime,preseed,False,0,782.061,13.89,0.0,0.0,7.3254,0.0,0.0,0.0,1.0,7.3254,False,7.3254
152902#1,28.58,13.89,augtime,preseed,False,0,782.061,13.89,0.0,0.0,2.0576,0.0,0.0,0.0,1.0,2.0576,False,2.0576
152902#0,103.71,13.89,augtime,preseed,False,0,782.061,13.89,0.0,0.0,7.4665,0.0,0.0,0.0,1.0,7.4665,False,7.4665
-152902#1,26.7,13.89,augtime,preseed,False,0,782.061,13.89,0.0,0.0,1.9222,0.0,0.0,0.0,1.0,1.9222,False,1.9222
152902#2,95.11,13.89,augtime,preseed,False,0,782.061,13.89,0.0,0.0,6.8474,0.0,0.0,0.0,1.0,6.8474,False,6.8474
-152902#2,98.08,13.89,augtime,preseed,False,0,782.061,13.89,0.0,0.0,7.0612,0.0,0.0,0.0,1.0,7.0612,False,7.0612
152902#3,62.4,13.89,augtime,preseed,False,0,782.061,13.89,0.0,0.0,4.4924,0.0,0.0,0.0,1.0,4.4924,False,4.4924
-152902#3,62.12,13.89,augtime,preseed,False,0,782.061,13.89,0.0,0.0,4.4723,0.0,0.0,0.0,1.0,4.4723,False,4.4723
152902#4,15.0,13.89,augtime,preseed,False,0,782.061,13.89,0.0,0.0,1.0799,0.0,0.0,0.0,1.0,1.0799,False,1.0799
-152902#4,15.0,13.89,augtime,preseed,False,0,782.061,13.89,0.0,0.0,1.0799,0.0,0.0,0.0,1.0,1.0799,False,1.0799
152902#5,39.38,13.89,augtime,preseed,False,0,782.061,13.89,0.0,0.0,2.8351,0.0,0.0,0.0,1.0,2.8351,False,2.8351
-152902#5,40.97,13.89,augtime,preseed,False,0,782.061,13.89,0.0,0.0,2.9496,0.0,0.0,0.0,1.0,2.9496,False,2.9496
152902#6,74.69,13.89,augtime,preseed,False,0,782.061,13.89,0.0,0.0,5.3772,0.0,0.0,0.0,1.0,5.3772,False,5.3772
-152902#6,71.39,13.89,augtime,preseed,False,0,782.061,13.89,0.0,0.0,5.1397,0.0,0.0,0.0,1.0,5.1397,False,5.1397
152902#7,1.24,13.89,augtime,preseed,False,0,782.061,13.89,0.0,0.0,0.0893,0.0,0.0,0.0,1.0,0.0893,False,0.0893
-152902#8,34.52,13.89,augtime,preseed,False,0,782.061,13.89,0.0,0.0,2.4852,0.0,0.0,0.0,1.0,2.4852,False,2.4852
-152903,3311.94,13.89,augtime,preseed,False,1,782.061,13.89,0.0,0.0,238.4406,0.0,0.0,0.0,1.0,238.4406,True,238.4406
-153477#0,123.44,13.89,augtime,ema_unlocked,False,10,459.767,13.89,0.0,0.0,8.887,0.0,0.0,0.0,1.0,8.887,True,8.887
153477#1,657.61,13.89,augtime,ema_unlocked,False,9,1064.184,13.387,0.0004,57108.332,49.1213,0.0,0.0462,0.0,1.0,49.1213,True,47.3441
-153458#0,1634.36,13.89,augtime,ema_unlocked,False,4,1290.069,13.89,0.0,0.0,117.6645,0.0,0.0,0.0,1.0,117.6645,True,117.6645
152903,3303.9,13.89,augtime,preseed,False,1,704.642,13.659,0.0,49088.59,241.8933,0.0,0.0,0.0,1.0,241.8933,True,237.8618
153458#1,273.67,13.89,augtime,ema_unlocked,False,1,286.12,13.89,0.0,0.0,19.7027,0.0,0.0,0.0,1.0,19.7027,True,19.7027
-152904#0,65.77,13.89,augtime,preseed,False,0,782.061,13.89,0.0,0.0,4.7351,0.0,0.0,0.0,1.0,4.7351,False,4.7351
-153455#1,74.56,13.89,augtime,preseed,False,0,782.061,13.89,0.0,0.0,5.3679,0.0,0.0,0.0,1.0,5.3679,False,5.3679
152904#1,5.23,13.89,augtime,preseed,False,1,801.845,13.89,0.0,0.0,0.3765,0.0,0.0,0.0,1.0,0.3765,True,0.3765
-152904#1,5.23,13.89,augtime,preseed,False,0,782.061,13.89,0.0,0.0,0.3765,0.0,0.0,0.0,1.0,0.3765,False,0.3765
152904#2,205.73,13.89,augtime,preseed,False,0,782.061,13.89,0.0,0.0,14.8114,0.0,0.0,0.0,1.0,14.8114,False,14.8114
152906,82.81,13.89,augtime,preseed,False,1,827.081,13.659,0.0,0.0,6.0629,0.0,0.0,0.0,1.0,6.0629,True,5.9618
-152904#2,198.82,13.89,augtime,preseed,False,0,782.061,13.89,0.0,0.0,14.3139,0.0,0.0,0.0,1.0,14.3139,False,14.3139
-152905,100.11,13.89,augtime,preseed,False,0,782.061,13.89,0.0,0.0,7.2073,0.0,0.0,0.0,1.0,7.2073,False,7.2073
-153454#0,50.6,13.89,augtime,preseed,False,0,782.061,13.89,0.0,0.0,3.6429,0.0,0.0,0.0,1.0,3.6429,False,3.6429
152905,96.76,13.89,augtime,preseed,False,0,782.061,13.89,0.0,0.0,6.9662,0.0,0.0,0.0,1.0,6.9662,False,6.9662
153454#1,324.73,13.89,augtime,preseed,False,1,832.883,13.89,0.0,0.0,23.3787,0.0,0.0,0.0,1.0,23.3787,True,23.3787
-152906,84.2,13.89,augtime,preseed,False,0,782.061,13.89,0.0,0.0,6.0619,0.0,0.0,0.0,1.0,6.0619,False,6.0619
-152907,104.01,13.89,augtime,preseed,False,0,782.061,13.89,0.0,0.0,7.4881,0.0,0.0,0.0,1.0,7.4881,False,7.4881
-153455#0,99.56,13.89,augtime,preseed,False,0,782.061,13.89,0.0,0.0,7.1677,0.0,0.0,0.0,1.0,7.1677,False,7.1677
152907,90.1,13.89,augtime,preseed,False,0,782.061,13.89,0.0,0.0,6.4867,0.0,0.0,0.0,1.0,6.4867,False,6.4867
153455#1,83.04,13.89,augtime,preseed,False,0,782.061,13.89,0.0,0.0,5.9784,0.0,0.0,0.0,1.0,5.9784,False,5.9784
-153433#0,427.94,13.89,augtime,preseed,False,1,692.837,13.89,0.0,0.0,30.8092,0.0,0.0,0.0,1.0,30.8092,True,30.8092
152908#0,24.44,13.89,augtime,preseed,False,3,792.183,13.89,0.0,0.0,1.7595,0.0,0.0,0.0,1.0,1.7595,True,1.7595
153433#1,102.51,13.89,augtime,ema_unlocked,False,6,384.597,13.845,0.0004,3538.375,7.4041,0.0,0.1213,0.0,1.0,7.4041,True,7.3801
-152908#1,13.79,13.89,augtime,preseed,False,0,782.061,13.89,0.0,0.0,0.9928,0.0,0.0,0.0,1.0,0.9928,False,0.9928
152908#2,27.94,13.89,augtime,preseed,False,3,825.364,13.89,0.0,0.0,2.0115,0.0,0.0,0.0,1.0,2.0115,True,2.0115
153482#0,1.62,13.89,augtime,preseed,False,0,782.061,13.89,0.0,0.0,0.1166,0.0,0.0,0.0,1.0,0.1166,False,0.1166
-152908#5,99.93,13.89,augtime,preseed,False,0,782.061,13.89,0.0,0.0,7.1944,0.0,0.0,0.0,1.0,7.1944,False,7.1944
-153427#11,102.34,13.89,augtime,preseed,False,3,828.593,13.89,0.0,0.0,7.3679,0.0,0.0,0.0,1.0,7.3679,True,7.3679
152908#6,611.22,13.89,augtime,preseed,False,0,782.061,13.89,0.0,0.0,44.0043,0.0,0.0,0.0,1.0,44.0043,False,44.0043
153427#12,44.31,13.89,augtime,preseed,False,0,782.061,13.89,0.0,0.0,3.1901,0.0,0.0,0.0,1.0,3.1901,False,3.1901
-152909,261.37,13.89,augtime,preseed,False,0,782.061,13.89,0.0,0.0,18.8171,0.0,0.0,0.0,1.0,18.8171,False,18.8171
-153476#13,251.39,13.89,augtime,ema_unlocked,False,6,360.89,13.925,0.0001,6223.319,18.0526,0.0,0.0,0.0,1.0,18.0526,True,18.0986
153462#0,145.72,13.89,augtime,preseed,False,0,782.061,13.89,0.0,0.0,10.491,0.0,0.0,0.0,1.0,10.491,False,10.491
153476#14,3.72,13.89,augtime,ema_unlocked,False,9,751.443,13.89,0.0,0.0,0.2678,0.0,0.0,0.0,1.0,0.2678,True,0.2678
152909,270.64,13.89,augtime,preseed,False,1,782.061,13.89,0.0,0.0,19.4845,0.0,0.0,0.0,1.0,19.4845,True,19.4845
-152910,35.53,13.89,augtime,preseed,False,0,782.061,13.89,0.0,0.0,2.558,0.0,0.0,0.0,1.0,2.558,False,2.558
-153462#4,47.61,13.89,augtime,preseed,False,0,782.061,13.89,0.0,0.0,3.4276,0.0,0.0,0.0,1.0,3.4276,False,3.4276
152910,37.93,13.89,augtime,preseed,False,0,782.061,13.89,0.0,0.0,2.7307,0.0,0.0,0.0,1.0,2.7307,False,2.7307
153462#5,51.74,13.89,augtime,preseed,False,0,782.061,13.89,0.0,0.0,3.725,0.0,0.0,0.0,1.0,3.725,False,3.725
-152911#1,404.31,13.89,augtime,preseed,False,0,782.061,13.89,0.0,0.0,29.108,0.0,0.0,0.0,1.0,29.108,False,29.108
-152912#0,40.6,13.89,augtime,preseed,False,0,782.061,13.89,0.0,0.0,2.923,0.0,0.0,0.0,1.0,2.923,False,2.923
152912#1,37.18,13.89,augtime,preseed,False,0,782.061,13.89,0.0,0.0,2.6767,0.0,0.0,0.0,1.0,2.6767,False,2.6767
-153009#1,51.65,13.89,augtime,preseed,False,0,782.061,13.89,0.0,0.0,3.7185,0.0,0.0,0.0,1.0,3.7185,False,3.7185
153009#0,42.28,13.89,augtime,preseed,False,0,782.061,13.89,0.0,0.0,3.0439,0.0,0.0,0.0,1.0,3.0439,False,3.0439
152912#0,42.1,13.89,augtime,preseed,False,0,782.061,13.89,0.0,0.0,3.031,0.0,0.0,0.0,1.0,3.031,False,3.031
-152912#1,40.09,13.89,augtime,preseed,False,0,782.061,13.89,0.0,0.0,2.8862,0.0,0.0,0.0,1.0,2.8862,False,2.8862
152912#2,143.8,13.89,augtime,preseed,False,0,782.061,13.89,0.0,0.0,10.3528,0.0,0.0,0.0,1.0,10.3528,False,10.3528
-152912#2,147.19,13.89,augtime,preseed,False,0,782.061,13.89,0.0,0.0,10.5968,0.0,0.0,0.0,1.0,10.5968,False,10.5968
152912#3,4.27,13.89,augtime,preseed,False,0,782.061,13.89,0.0,0.0,0.3074,0.0,0.0,0.0,1.0,0.3074,False,0.3074
-152912#3,4.27,13.89,augtime,preseed,False,0,782.061,13.89,0.0,0.0,0.3074,0.0,0.0,0.0,1.0,0.3074,False,0.3074
152912#4,174.99,13.89,augtime,preseed,False,0,782.061,13.89,0.0,0.0,12.5983,0.0,0.0,0.0,1.0,12.5983,False,12.5983
-152912#4,175.22,13.89,augtime,preseed,False,0,782.061,13.89,0.0,0.0,12.6148,0.0,0.0,0.0,1.0,12.6148,False,12.6148
152912#5,30.67,13.89,augtime,preseed,False,0,782.061,13.89,0.0,0.0,2.2081,0.0,0.0,0.0,1.0,2.2081,False,2.2081
-152912#5,27.35,13.89,augtime,preseed,False,0,782.061,13.89,0.0,0.0,1.969,0.0,0.0,0.0,1.0,1.969,False,1.969
152912#6,11.51,13.89,augtime,preseed,False,0,782.061,13.89,0.0,0.0,0.8287,0.0,0.0,0.0,1.0,0.8287,False,0.8287
-152912#8,87.97,13.89,augtime,preseed,False,1,866.87,13.89,0.0,0.0,6.3333,0.0,0.0,0.0,1.0,6.3333,True,6.3333
152982#1,5.71,13.89,augtime,ema_unlocked,False,1,2341.615,13.89,0.0,0.0,0.4111,0.0,0.0,0.0,1.0,0.4111,True,0.4111
-152913#0,96.22,13.89,augtime,preseed,False,0,782.061,13.89,0.0,0.0,6.9273,0.0,0.0,0.0,1.0,6.9273,False,6.9273
152913#1,48.43,13.89,augtime,preseed,False,0,782.061,13.89,0.0,0.0,3.4867,0.0,0.0,0.0,1.0,3.4867,False,3.4867
153566,38.52,13.89,augtime,preseed,False,0,782.061,13.89,0.0,0.0,2.7732,0.0,0.0,0.0,1.0,2.7732,False,2.7732
-153479#3,7.47,13.89,augtime,preseed,False,0,782.061,13.89,0.0,0.0,0.5378,0.0,0.0,0.0,1.0,0.5378,False,0.5378
152913#0,92.62,13.89,augtime,preseed,False,0,782.061,13.89,0.0,0.0,6.6681,0.0,0.0,0.0,1.0,6.6681,False,6.6681
153479#5,107.33,13.89,augtime,preseed,False,1,782.061,13.89,0.0,0.0,7.7271,0.0,0.0,0.0,1.0,7.7271,True,7.7271
-152913#2,28.64,13.89,augtime,preseed,False,0,782.061,13.89,0.0,0.0,2.0619,0.0,0.0,0.0,1.0,2.0619,False,2.0619
-152914,89.28,13.89,augtime,preseed,False,0,782.061,13.89,0.0,0.0,6.4276,0.0,0.0,0.0,1.0,6.4276,False,6.4276
-153465#0,66.66,13.89,augtime,preseed,False,0,782.061,13.89,0.0,0.0,4.7991,0.0,0.0,0.0,1.0,4.7991,False,4.7991
152914,85.21,13.89,augtime,preseed,False,0,782.061,13.89,0.0,0.0,6.1346,0.0,0.0,0.0,1.0,6.1346,False,6.1346
153465#1,32.67,13.89,augtime,preseed,False,0,782.061,13.89,0.0,0.0,2.3521,0.0,0.0,0.0,1.0,2.3521,False,2.3521
152924,542.5,13.89,augtime,preseed,False,0,782.061,13.89,0.0,0.0,39.0569,0.0,0.0,0.0,1.0,39.0569,False,39.0569
-152916#0,301.39,13.89,augtime,preseed,False,0,782.061,13.89,0.0,0.0,21.6983,0.0,0.0,0.0,1.0,21.6983,False,21.6983
152921#1,126.68,13.89,augtime,preseed,False,0,782.061,13.89,0.0,0.0,9.1202,0.0,0.0,0.0,1.0,9.1202,False,9.1202
152916#0,302.76,13.89,augtime,preseed,False,0,782.061,13.89,0.0,0.0,21.797,0.0,0.0,0.0,1.0,21.797,False,21.797
-152917,99.56,13.89,augtime,preseed,False,0,782.061,13.89,0.0,0.0,7.1677,0.0,0.0,0.0,1.0,7.1677,False,7.1677
152918,102.15,13.89,augtime,preseed,False,0,782.061,13.89,0.0,0.0,7.3542,0.0,0.0,0.0,1.0,7.3542,False,7.3542
152917,103.04,13.89,augtime,preseed,False,0,782.061,13.89,0.0,0.0,7.4183,0.0,0.0,0.0,1.0,7.4183,False,7.4183
-152918,99.55,13.89,augtime,preseed,False,0,782.061,13.89,0.0,0.0,7.167,0.0,0.0,0.0,1.0,7.167,False,7.167
-153468#1,18.35,13.89,augtime,preseed,False,0,782.061,13.89,0.0,0.0,1.3211,0.0,0.0,0.0,1.0,1.3211,False,1.3211
153468#2,227.03,13.89,augtime,preseed,False,0,782.061,13.89,0.0,0.0,16.3449,0.0,0.0,0.0,1.0,16.3449,False,16.3449
-152919#0,53.03,13.89,augtime,preseed,False,0,782.061,13.89,0.0,0.0,3.8179,0.0,0.0,0.0,1.0,3.8179,False,3.8179
-152922,4.13,13.89,augtime,preseed,False,0,782.061,13.89,0.0,0.0,0.2973,0.0,0.0,0.0,1.0,0.2973,False,0.2973
152919#1,86.17,13.89,augtime,preseed,False,0,782.061,13.89,0.0,0.0,6.2037,0.0,0.0,0.0,1.0,6.2037,False,6.2037
-153476#20,145.5,13.89,augtime,ema_unlocked,False,7,473.159,13.89,0.0,0.0,10.4752,0.0,0.0,0.0,1.0,10.4752,True,10.4752
152919#0,51.86,13.89,augtime,preseed,False,0,782.061,13.89,0.0,0.0,3.7336,0.0,0.0,0.0,1.0,3.7336,False,3.7336
153476#22,50.91,13.89,augtime,ema_unlocked,False,10,731.582,13.89,0.0,0.0,3.6652,0.0,0.0,0.0,1.0,3.6652,True,3.6652
-152919#1,86.75,13.89,augtime,preseed,False,0,782.061,13.89,0.0,0.0,6.2455,0.0,0.0,0.0,1.0,6.2455,False,6.2455
-152920#0,14.54,13.89,augtime,preseed,False,0,782.061,13.89,0.0,0.0,1.0468,0.0,0.0,0.0,1.0,1.0468,False,1.0468
152920#1,304.5,13.89,augtime,preseed,False,1,782.061,13.89,0.0,0.0,21.9222,0.0,0.0,0.0,1.0,21.9222,True,21.9222
152920#0,14.54,13.89,augtime,preseed,False,1,782.061,13.89,0.0,0.0,1.0468,0.0,0.0,0.0,1.0,1.0468,True,1.0468
-152920#1,300.14,13.89,augtime,preseed,False,1,782.061,13.89,0.0,0.0,21.6084,0.0,0.0,0.0,1.0,21.6084,True,21.6084
152920#2,170.51,13.89,augtime,preseed,False,1,782.061,13.89,0.0,0.0,12.2757,0.0,0.0,0.0,1.0,12.2757,True,12.2757
153473#0,269.91,13.89,augtime,preseed,False,0,782.061,13.89,0.0,0.0,19.432,0.0,0.0,0.0,1.0,19.432,False,19.432
-152920#2,172.1,13.89,augtime,preseed,False,1,782.061,13.89,0.0,0.0,12.3902,0.0,0.0,0.0,1.0,12.3902,True,12.3902
-153470,182.27,13.89,augtime,preseed,False,0,782.061,13.89,0.0,0.0,13.1224,0.0,0.0,0.0,1.0,13.1224,False,13.1224
153010#0,70.79,13.89,augtime,preseed,False,0,782.061,13.89,0.0,0.0,5.0965,0.0,0.0,0.0,1.0,5.0965,False,5.0965
-153010#0,66.44,13.89,augtime,preseed,False,1,782.061,13.89,0.0,0.0,4.7833,0.0,0.0,0.0,1.0,4.7833,True,4.7833
152922,4.13,13.89,augtime,preseed,False,0,782.061,13.89,0.0,0.0,0.2973,0.0,0.0,0.0,1.0,0.2973,False,0.2973
153010#1,68.09,13.89,augtime,preseed,False,0,782.061,13.89,0.0,0.0,4.9021,0.0,0.0,0.0,1.0,4.9021,False,4.9021
-152923,61.79,13.89,augtime,preseed,False,0,782.061,13.89,0.0,0.0,4.4485,0.0,0.0,0.0,1.0,4.4485,False,4.4485
-153469#0,12.94,13.89,augtime,preseed,False,0,782.061,13.89,0.0,0.0,0.9316,0.0,0.0,0.0,1.0,0.9316,False,0.9316
153469#1,135.74,13.89,augtime,preseed,False,0,782.061,13.89,0.0,0.0,9.7725,0.0,0.0,0.0,1.0,9.7725,False,9.7725
152923,68.68,13.89,augtime,preseed,False,0,782.061,13.89,0.0,0.0,4.9446,0.0,0.0,0.0,1.0,4.9446,False,4.9446
-152925,131.33,13.89,augtime,preseed,False,0,782.061,13.89,0.0,0.0,9.455,0.0,0.0,0.0,1.0,9.455,False,9.455
-152926,53.97,13.89,augtime,preseed,False,0,782.061,13.89,0.0,0.0,3.8855,0.0,0.0,0.0,1.0,3.8855,False,3.8855
-153475#1,26.43,13.89,augtime,preseed,False,0,782.061,13.89,0.0,0.0,1.9028,0.0,0.0,0.0,1.0,1.9028,False,1.9028
153475#2,119.58,13.89,augtime,preseed,False,0,782.061,13.89,0.0,0.0,8.6091,0.0,0.0,0.0,1.0,8.6091,False,8.6091
152926,56.57,13.89,augtime,preseed,False,0,782.061,13.89,0.0,0.0,4.0727,0.0,0.0,0.0,1.0,4.0727,False,4.0727
-152930,112.19,13.89,augtime,preseed,False,0,782.061,13.89,0.0,0.0,8.077,0.0,0.0,0.0,1.0,8.077,False,8.077
-152931#0,369.53,13.89,augtime,preseed,False,0,782.061,13.89,0.0,0.0,26.604,0.0,0.0,0.0,1.0,26.604,False,26.604
152931#1,197.52,13.89,augtime,preseed,False,0,782.061,13.89,0.0,0.0,14.2203,0.0,0.0,0.0,1.0,14.2203,False,14.2203
153007#0,664.52,13.89,augtime,preseed,False,1,782.061,13.89,0.0,0.0,47.8416,0.0,0.0,0.0,1.0,47.8416,True,47.8416
-152931#4,203.73,13.89,augtime,preseed,False,0,782.061,13.89,0.0,0.0,14.6674,0.0,0.0,0.0,1.0,14.6674,False,14.6674
-152932,22.56,13.89,augtime,preseed,False,0,782.061,13.89,0.0,0.0,1.6242,0.0,0.0,0.0,1.0,1.6242,False,1.6242
-153374#7,7.89,13.89,augtime,preseed,False,1,730.196,13.89,0.0,0.0,0.568,0.0,0.0,0.0,1.0,0.568,True,0.568
153374#8,15.54,13.89,augtime,preseed,False,1,782.061,13.89,0.0,0.0,1.1188,0.0,0.0,0.0,1.0,1.1188,True,1.1188
-153374#6,232.05,13.89,augtime,preseed,False,1,883.878,13.89,0.0,0.0,16.7063,0.0,0.0,0.0,1.0,16.7063,True,16.7063
152932,41.16,13.89,augtime,preseed,False,0,782.061,13.89,0.0,0.0,2.9633,0.0,0.0,0.0,1.0,2.9633,False,2.9633
153374#7,11.28,13.89,augtime,preseed,False,2,782.061,13.89,0.0,1816.315,0.8121,0.0,0.9299,0.0,1.0,0.8121,True,0.8121
-152937#0,40.91,13.89,augtime,preseed,False,2,782.061,13.89,0.0,0.0,2.9453,0.0,0.0,0.0,1.0,2.9453,True,2.9453
152937#1,15.68,13.89,augtime,preseed,False,1,782.061,13.89,0.0,0.0,1.1289,0.0,0.0,0.0,1.0,1.1289,True,1.1289
152937#0,40.42,13.89,augtime,preseed,False,1,782.061,13.89,0.0,0.0,2.91,0.0,0.0,0.0,1.0,2.91,True,2.91
152941#0,2.79,13.89,augtime,preseed,False,0,782.061,13.89,0.0,0.0,0.2009,0.0,0.0,0.0,1.0,0.2009,False,0.2009
152965#0,43.78,13.89,augtime,preseed,False,2,782.061,13.89,0.0,0.0,3.1519,0.0,0.0,0.0,1.0,3.1519,True,3.1519
-152937#1,15.44,13.89,augtime,preseed,False,2,782.061,13.89,0.0,0.0,1.1116,0.0,0.0,0.0,1.0,1.1116,True,1.1116
152937#2,62.96,13.89,augtime,preseed,False,1,782.061,13.89,0.0,0.0,4.5328,0.0,0.0,0.0,1.0,4.5328,True,4.5328
-152937#2,68.6,13.89,augtime,preseed,False,2,782.061,13.89,0.0,0.0,4.9388,0.0,0.0,0.0,1.0,4.9388,True,4.9388
152937#3,67.01,13.89,augtime,preseed,False,1,782.061,13.89,0.0,0.0,4.8243,0.0,0.0,0.0,1.0,4.8243,True,4.8243
-152938#0,55.53,13.89,augtime,preseed,False,4,749.116,13.89,0.0,0.0,3.9978,0.0,0.0,0.0,1.0,3.9978,True,3.9978
152938#1,139.66,13.89,augtime,preseed,False,2,574.548,13.89,0.0,0.0,10.0547,0.0,0.0,0.0,1.0,10.0547,True,10.0547
152938#0,55.42,13.89,augtime,preseed,False,2,844.232,13.89,0.0,0.0,3.9899,0.0,0.0,0.0,1.0,3.9899,True,3.9899
-152938#1,141.76,13.89,augtime,preseed,False,4,930.138,13.89,0.0,0.0,10.2059,0.0,0.0,0.0,1.0,10.2059,True,10.2059
152938#2,467.08,13.89,augtime,preseed,False,2,621.095,13.89,0.0,0.0,33.6271,0.0,0.0,0.0,1.0,33.6271,True,33.6271
-152938#2,471.42,13.89,augtime,preseed,False,4,948.272,13.89,0.0,0.0,33.9395,0.0,0.0,0.0,1.0,33.9395,True,33.9395
152419#1,86.39,13.89,augtime,ema_unlocked,False,6,983.924,13.89,0.0,0.0,6.2196,0.0,0.0,0.0,1.0,6.2196,True,6.2196
-152939#1,19.92,13.89,augtime,preseed,False,4,782.061,13.89,0.0,0.0,1.4341,0.0,0.0,0.0,1.0,1.4341,True,1.4341
152939#2,177.56,13.89,augtime,preseed,False,1,782.061,13.89,0.0,0.0,12.7833,0.0,0.0,0.0,1.0,12.7833,True,12.7833
152679,5.45,13.89,augtime,preseed,False,2,674.546,13.89,0.0,0.0,0.3924,0.0,0.0,0.0,1.0,0.3924,True,0.3924
152940,64.78,13.89,augtime,ema_unlocked,False,6,1311.924,13.89,0.0,0.0,4.6638,0.0,0.0,0.0,1.0,4.6638,True,4.6638
-152941#0,3.03,13.89,augtime,preseed,False,2,782.061,13.89,0.0,0.0,0.2181,0.0,0.0,0.0,1.0,0.2181,True,0.2181
152941#1,29.97,13.89,augtime,preseed,False,0,782.061,13.89,0.0,0.0,2.1577,0.0,0.0,0.0,1.0,2.1577,False,2.1577
-152941#1,29.25,13.89,augtime,preseed,False,1,782.061,13.89,0.0,0.0,2.1058,0.0,0.0,0.0,1.0,2.1058,True,2.1058
152941#2,51.46,13.89,augtime,preseed,False,0,782.061,13.89,0.0,0.0,3.7048,0.0,0.0,0.0,1.0,3.7048,False,3.7048
-152941#2,54.37,13.89,augtime,preseed,False,1,782.061,13.89,0.0,0.0,3.9143,0.0,0.0,0.0,1.0,3.9143,True,3.9143
152941#3,58.75,13.89,augtime,preseed,False,0,782.061,13.89,0.0,0.0,4.2297,0.0,0.0,0.0,1.0,4.2297,False,4.2297
-152941#3,61.33,13.89,augtime,preseed,False,1,782.061,13.89,0.0,0.0,4.4154,0.0,0.0,0.0,1.0,4.4154,True,4.4154
152941#4,158.89,13.89,augtime,preseed,False,0,782.061,13.89,0.0,0.0,11.4392,0.0,0.0,0.0,1.0,11.4392,False,11.4392
-152945#0,86.69,13.89,augtime,preseed,False,3,807.186,13.89,0.0,0.0,6.2412,0.0,0.0,0.0,1.0,6.2412,True,6.2412
152945#1,67.09,13.89,augtime,ema_unlocked,False,5,552.251,13.659,0.0004,0.0,4.912,0.0,0.0,0.0,1.0,4.912,True,4.8301
152945#0,81.67,13.89,augtime,preseed,False,5,919.065,13.89,0.0,0.0,5.8798,0.0,0.0,0.0,1.0,5.8798,True,5.8798
153552#1,1.0,13.89,augtime,preseed,False,4,795.513,13.89,0.0,0.0,0.072,0.0,0.0,0.0,1.0,0.072,True,0.072
-152948#0,43.48,13.89,augtime,preseed,False,1,848.511,13.89,0.0,0.0,3.1303,0.0,0.0,0.0,1.0,3.1303,True,3.1303
152948#1,15.99,13.89,augtime,preseed,False,0,782.061,13.89,0.0,0.0,1.1512,0.0,0.0,0.0,1.0,1.1512,False,1.1512
-152962,40.89,13.89,augtime,preseed,False,1,782.061,13.89,0.0,0.0,2.9438,0.0,0.0,0.0,1.0,2.9438,True,2.9438
-153445#1,131.88,13.89,augtime,preseed,False,3,796.167,13.89,0.0,0.0,9.4946,0.0,0.0,0.0,1.0,9.4946,True,9.4946
153441#0,166.18,13.89,augtime,preseed,False,0,782.061,13.89,0.0,0.0,11.964,0.0,0.0,0.0,1.0,11.964,False,11.964
-153442#5,138.92,13.89,augtime,preseed,False,1,782.061,13.89,0.0,0.0,10.0014,0.0,0.0,0.0,1.0,10.0014,True,10.0014
-153484#1,40.25,13.89,augtime,preseed,False,0,782.061,13.89,0.0,0.0,2.8978,0.0,0.0,0.0,1.0,2.8978,False,2.8978
152962,34.48,13.89,augtime,preseed,False,1,654.591,13.89,0.0,0.0,2.4824,0.0,0.0,0.0,1.0,2.4824,True,2.4824
-152963,36.1,13.89,augtime,preseed,False,0,782.061,13.89,0.0,0.0,2.599,0.0,0.0,0.0,1.0,2.599,False,2.599
-152966#0,24.18,13.89,augtime,preseed,False,1,782.061,13.89,0.0,778.695,1.7408,0.0,0.0,0.0,1.0,1.7408,True,1.7408
152966#1,41.93,13.89,augtime,preseed,False,0,782.061,13.659,0.0019,0.0,3.0699,0.0,0.0,0.0,1.0,3.0699,False,3.0187
-152966#1,41.23,13.89,augtime,preseed,False,1,782.061,13.89,0.0,0.0,2.9683,0.0,0.0,0.0,1.0,2.9683,True,2.9683
-152969#0,240.53,13.89,augtime,preseed,False,4,851.267,13.89,0.0,0.0,17.3168,0.0,0.0,0.0,1.0,17.3168,True,17.3168
152969#1,68.17,13.89,augtime,ema_unlocked,False,8,103.239,13.897,0.0006,595.147,4.9055,0.0,0.0876,0.0,1.0,4.9055,True,4.9078
-152969#1,63.44,13.89,augtime,preseed,False,3,907.341,13.875,0.0007,7900.904,4.5724,0.0,0.4522,0.0,1.0,4.5724,True,4.5673
152969#2,31.26,13.89,augtime,ema_unlocked,False,8,388.141,13.89,0.0,1385.849,2.2505,0.0,0.2932,0.0,1.0,2.2505,True,2.2505
-152969#2,31.26,13.89,augtime,preseed,False,3,763.266,13.89,0.0,0.0,2.2505,0.0,0.0,0.0,1.0,2.2505,True,2.2505
152969#3,5.86,13.89,augtime,ema_unlocked,False,8,495.716,13.89,0.0,588.569,0.4219,0.0,0.9071,0.0,1.0,0.4219,True,0.4219
-152971#1,27.37,13.89,augtime,preseed,False,3,844.866,13.89,0.0,0.0,1.9705,0.0,0.0,0.0,1.0,1.9705,True,1.9705
152971#2,5.25,13.89,augtime,preseed,False,1,771.103,13.89,0.0,0.0,0.378,0.0,0.0,0.0,1.0,0.378,True,0.378
-152971#2,5.25,13.89,augtime,preseed,False,3,804.391,13.89,0.0,0.0,0.378,0.0,0.0,0.0,1.0,0.378,True,0.378
152971#3,53.25,13.89,augtime,preseed,False,1,766.068,13.89,0.0,0.0,3.8337,0.0,0.0,0.0,1.0,3.8337,True,3.8337
-152971#3,49.27,13.89,augtime,preseed,False,3,828.88,13.89,0.0,0.0,3.5472,0.0,0.0,0.0,1.0,3.5472,True,3.5472
152971#4,52.78,13.89,augtime,preseed,False,1,873.849,13.89,0.0,0.0,3.7999,0.0,0.0,0.0,1.0,3.7999,True,3.7999
-152971#4,49.94,13.89,augtime,preseed,False,3,784.145,13.89,0.0,0.0,3.5954,0.0,0.0,0.0,1.0,3.5954,True,3.5954
152971#5,20.78,13.89,augtime,preseed,False,2,782.061,13.89,0.0,0.0,1.496,0.0,0.0,0.0,1.0,1.496,True,1.496
153439#0,64.02,13.89,augtime,preseed,False,2,782.061,13.89,0.0,0.0,4.6091,0.0,0.0,0.0,1.0,4.6091,True,4.6091
-152971#5,24.46,13.89,augtime,preseed,False,3,830.768,13.659,0.0012,6017.11,1.7908,0.0,1.0,0.0,1.0,1.7908,True,1.761
152813,88.1,13.89,augtime,preseed,False,3,686.824,13.89,0.0,9287.351,6.3427,0.0,0.566,0.0,1.0,6.3427,True,6.3427
-152972#0,51.18,13.89,augtime,preseed,False,0,782.061,13.89,0.0,0.0,3.6847,0.0,0.0,0.0,1.0,3.6847,False,3.6847
152972#1,189.99,13.89,augtime,preseed,False,0,782.061,13.89,0.0,0.0,13.6782,0.0,0.0,0.0,1.0,13.6782,False,13.6782
-152972#2,58.26,13.89,augtime,preseed,False,0,782.061,13.89,0.0,0.0,4.1944,0.0,0.0,0.0,1.0,4.1944,False,4.1944
-152977,192.37,13.89,augtime,preseed,False,1,782.061,13.89,0.0,0.0,13.8495,0.0,0.0,0.0,1.0,13.8495,True,13.8495
153390#0,602.33,13.89,augtime,preseed,False,0,782.061,13.89,0.0,0.0,43.3643,0.0,0.0,0.0,1.0,43.3643,False,43.3643
-153427#8,1.15,13.89,augtime,preseed,False,0,782.061,13.89,0.0,0.0,0.0828,0.0,0.0,0.0,1.0,0.0828,False,0.0828
152979#0,157.16,13.89,augtime,preseed,False,0,782.061,13.89,0.0,0.0,11.3146,0.0,0.0,0.0,1.0,11.3146,False,11.3146
153427#9,2.82,13.89,augtime,preseed,False,0,782.061,13.89,0.0,0.0,0.203,0.0,0.0,0.0,1.0,0.203,False,0.203
-152980,194.41,13.89,augtime,preseed,False,0,782.061,13.89,0.0,0.0,13.9964,0.0,0.0,0.0,1.0,13.9964,False,13.9964
-152981,458.74,13.89,augtime,preseed,False,0,782.061,13.89,0.0,0.0,33.0266,0.0,0.0,0.0,1.0,33.0266,False,33.0266
-152983,100.47,13.89,augtime,preseed,False,1,782.061,13.89,0.0,0.0,7.2333,0.0,0.0,0.0,1.0,7.2333,True,7.2333
152982#3,14.16,13.89,augtime,ema_unlocked,False,2,932.811,13.89,0.0,0.0,1.0194,0.0,0.0,0.0,1.0,1.0194,True,1.0194
-152984#0,12.19,13.89,augtime,preseed,False,0,782.061,13.89,0.0,0.0,0.8776,0.0,0.0,0.0,1.0,0.8776,False,0.8776
152984#1,3.08,13.89,augtime,preseed,False,0,782.061,13.89,0.0,0.0,0.2217,0.0,0.0,0.0,1.0,0.2217,False,0.2217
-153476#5,12.91,13.89,augtime,preseed,False,2,782.061,13.89,0.0,0.0,0.9294,0.0,0.0,0.0,1.0,0.9294,True,0.9294
152984#0,12.19,13.89,augtime,preseed,False,0,782.061,13.89,0.0,0.0,0.8776,0.0,0.0,0.0,1.0,0.8776,False,0.8776
153476#6,45.78,13.89,augtime,ema_unlocked,False,6,848.005,13.89,0.0,3014.092,3.2959,0.0,0.0392,0.0,1.0,3.2959,True,3.2959
-152984#1,3.07,13.89,augtime,preseed,False,0,782.061,13.89,0.0,0.0,0.221,0.0,0.0,0.0,1.0,0.221,False,0.221
-153339#0,45.53,13.89,augtime,preseed,False,0,782.061,13.89,0.0,0.0,3.2779,0.0,0.0,0.0,1.0,3.2779,False,3.2779
153339#1,44.83,13.89,augtime,preseed,False,0,782.061,13.89,0.0,0.0,3.2275,0.0,0.0,0.0,1.0,3.2275,False,3.2275
-152985,123.52,13.89,augtime,preseed,False,0,782.061,13.89,0.0,0.0,8.8927,0.0,0.0,0.0,1.0,8.8927,False,8.8927
-153033#2,134.57,13.89,augtime,preseed,False,0,782.061,13.89,0.0,0.0,9.6883,0.0,0.0,0.0,1.0,9.6883,False,9.6883
153033#3,165.7,13.89,augtime,preseed,False,0,782.061,13.89,0.0,0.0,11.9294,0.0,0.0,0.0,1.0,11.9294,False,11.9294
-152987#0,113.35,13.89,augtime,ema_unlocked,False,4,685.847,13.89,0.0,5990.944,8.1605,0.0,0.0352,0.0,1.0,8.1605,True,8.1605
152987#1,12.3,13.89,augtime,preseed,False,1,721.819,13.659,0.0016,0.0,0.9005,0.0,0.0,0.0,1.0,0.9005,True,0.8855
-152987#2,116.65,13.89,augtime,preseed,False,1,838.452,13.89,0.0,0.0,8.3981,0.0,0.0,0.0,1.0,8.3981,True,8.3981
-152990,298.57,13.89,augtime,preseed,False,0,782.061,13.89,0.0,0.0,21.4953,0.0,0.0,0.0,1.0,21.4953,False,21.4953
-153326#0,776.9,13.89,augtime,preseed,False,0,782.061,13.89,0.0,0.0,55.9323,0.0,0.0,0.0,1.0,55.9323,False,55.9323
152990,310.06,13.89,augtime,preseed,False,0,782.061,13.89,0.0,0.0,22.3225,0.0,0.0,0.0,1.0,22.3225,False,22.3225
153326#1,496.34,13.89,augtime,preseed,False,0,782.061,13.89,0.0,0.0,35.7336,0.0,0.0,0.0,1.0,35.7336,False,35.7336
-152992,1845.14,13.89,augtime,preseed,False,1,782.061,13.89,0.0,0.0,132.8395,0.0,0.0,0.0,1.0,132.8395,True,132.8395
153353,303.49,13.89,augtime,preseed,False,0,782.061,13.89,0.0,0.0,21.8495,0.0,0.0,0.0,1.0,21.8495,False,21.8495
-153012#0,1846.46,13.89,augtime,preseed,False,0,782.061,13.89,0.0,0.0,132.9345,0.0,0.0,0.0,1.0,132.9345,False,132.9345
-153492,498.54,13.89,augtime,preseed,False,1,782.061,13.89,0.0,0.0,35.892,0.0,0.0,0.0,1.0,35.892,True,35.892
153012#1,1486.84,13.89,augtime,preseed,False,2,782.061,13.89,0.0,0.0,107.0439,0.0,0.0,0.0,1.0,107.0439,True,107.0439
152994#0,92.95,13.89,augtime,preseed,False,0,782.061,13.89,0.0,0.0,6.6919,0.0,0.0,0.0,1.0,6.6919,False,6.6919
-152995,99.36,13.89,augtime,preseed,False,0,782.061,13.89,0.0,0.0,7.1533,0.0,0.0,0.0,1.0,7.1533,False,7.1533
-153378#1,149.25,13.89,augtime,preseed,False,1,782.061,13.89,0.0,0.0,10.7451,0.0,0.0,0.0,1.0,10.7451,True,10.7451
152995,101.7,13.89,augtime,preseed,False,0,782.061,13.89,0.0,0.0,7.3218,0.0,0.0,0.0,1.0,7.3218,False,7.3218
153378#2,48.86,13.89,augtime,preseed,False,1,782.061,13.89,0.0,0.0,3.5176,0.0,0.0,0.0,1.0,3.5176,True,3.5176
-152996#0,82.64,13.89,augtime,preseed,False,0,782.061,13.89,0.0,0.0,5.9496,0.0,0.0,0.0,1.0,5.9496,False,5.9496
152996#2,94.75,13.89,augtime,preseed,False,1,782.061,13.89,0.0,0.0,6.8215,0.0,0.0,0.0,1.0,6.8215,True,6.8215
-153331#4,10.02,13.89,augtime,ema_unlocked,False,2,426.54,13.89,0.0,0.0,0.7214,0.0,0.0,0.0,1.0,0.7214,True,0.7214
152996#0,89.17,13.89,augtime,preseed,False,1,782.061,13.89,0.0,0.0,6.4197,0.0,0.0,0.0,1.0,6.4197,True,6.4197
153331#5,6.83,13.89,augtime,preseed,False,2,866.359,13.89,0.0,1084.042,0.4917,0.0,0.7723,0.0,1.0,0.4917,True,0.4917
-152996#2,96.61,13.89,augtime,preseed,False,0,782.061,13.89,0.0,0.0,6.9554,0.0,0.0,0.0,1.0,6.9554,False,6.9554
152996#3,22.85,13.89,augtime,preseed,False,1,782.061,13.89,0.0,0.0,1.6451,0.0,0.0,0.0,1.0,1.6451,True,1.6451
-152996#3,22.93,13.89,augtime,preseed,False,1,782.061,13.89,0.0,0.0,1.6508,0.0,0.0,0.0,1.0,1.6508,True,1.6508
152996#4,27.65,13.89,augtime,preseed,False,1,782.061,13.89,0.0,0.0,1.9906,0.0,0.0,0.0,1.0,1.9906,True,1.9906
-152996#4,27.76,13.89,augtime,preseed,False,1,782.061,13.89,0.0,0.0,1.9986,0.0,0.0,0.0,1.0,1.9986,True,1.9986
152996#5,20.02,13.89,augtime,preseed,False,1,782.061,13.89,0.0,0.0,1.4413,0.0,0.0,0.0,1.0,1.4413,True,1.4413
-152996#5,19.34,13.89,augtime,preseed,False,1,782.061,13.89,0.0,0.0,1.3924,0.0,0.0,0.0,1.0,1.3924,True,1.3924
152996#6,30.91,13.89,augtime,preseed,False,1,782.061,13.89,0.0,0.0,2.2253,0.0,0.0,0.0,1.0,2.2253,True,2.2253
-152996#6,30.44,13.89,augtime,preseed,False,1,782.061,13.89,0.0,0.0,2.1915,0.0,0.0,0.0,1.0,2.1915,True,2.1915
152996#7,114.91,13.89,augtime,preseed,False,1,782.061,13.89,0.0,0.0,8.2729,0.0,0.0,0.0,1.0,8.2729,True,8.2729
-152996#7,115.8,13.89,augtime,preseed,False,1,782.061,13.89,0.0,0.0,8.3369,0.0,0.0,0.0,1.0,8.3369,True,8.3369
152996#8,67.24,13.89,augtime,preseed,False,1,782.061,13.89,0.0,0.0,4.8409,0.0,0.0,0.0,1.0,4.8409,True,4.8409
-152996#8,73.54,13.89,augtime,preseed,False,1,782.061,13.89,0.0,0.0,5.2945,0.0,0.0,0.0,1.0,5.2945,True,5.2945
-153399#0,23.67,13.89,augtime,preseed,False,1,637.014,13.89,0.0,0.0,1.7041,0.0,0.0,0.0,1.0,1.7041,True,1.7041
153399#1,221.14,13.89,augtime,preseed,False,4,816.547,13.89,0.0,0.0,15.9208,0.0,0.0,0.0,1.0,15.9208,True,15.9208
-152997,1.26,13.89,augtime,ema_unlocked,False,6,789.823,13.659,0.0238,0.0,0.0923,0.0001,0.0,0.0,1.0,0.0923,True,0.0907
-153554#3,39.12,13.89,augtime,preseed,False,1,851.606,13.89,0.0,0.0,2.8164,0.0,0.0,0.0,1.0,2.8164,True,2.8164
152999,37.75,13.89,augtime,ema_unlocked,False,3,238.058,13.659,0.001,0.0,2.7638,0.0,0.0,0.0,1.0,2.7638,True,2.7178
-153413#16,26.38,13.89,augtime,ema_unlocked,False,6,2330.665,13.659,0.0011,0.0,1.9314,0.0,0.0,0.0,1.0,1.9314,True,1.8992
152997,8.07,13.89,augtime,ema_unlocked,False,3,1037.958,13.89,0.0,1670.849,0.581,0.0,0.8853,0.0,1.0,0.581,True,0.581
153556,45.12,13.89,augtime,preseed,False,2,782.061,13.89,0.0,0.0,3.2484,0.0,0.0,0.0,1.0,3.2484,True,3.2484
-153000,275.84,13.89,augtime,preseed,False,0,782.061,13.89,0.0,0.0,19.8589,0.0,0.0,0.0,1.0,19.8589,False,19.8589
-153332#1,56.09,13.89,augtime,preseed,False,0,782.061,13.89,0.0,0.0,4.0382,0.0,0.0,0.0,1.0,4.0382,False,4.0382
153332#2,62.79,13.89,augtime,preseed,False,0,782.061,13.89,0.0,0.0,4.5205,0.0,0.0,0.0,1.0,4.5205,False,4.5205
-153001#0,284.95,13.89,augtime,preseed,False,0,782.061,13.89,0.0,0.0,20.5148,0.0,0.0,0.0,1.0,20.5148,False,20.5148
-153046,322.54,13.89,augtime,preseed,False,0,782.061,13.89,0.0,0.0,23.221,0.0,0.0,0.0,1.0,23.221,False,23.221
153001#1,177.24,13.89,augtime,preseed,False,0,782.061,13.89,0.0,0.0,12.7603,0.0,0.0,0.0,1.0,12.7603,False,12.7603
-153435#2,21.07,13.89,augtime,ema_unlocked,False,1,2053.269,13.89,0.0,0.0,1.5169,0.0,0.0,0.0,1.0,1.5169,True,1.5169
153001#0,280.18,13.89,augtime,preseed,False,0,782.061,13.89,0.0,0.0,20.1713,0.0,0.0,0.0,1.0,20.1713,False,20.1713
153435#3,50.05,13.89,augtime,preseed,False,4,646.965,13.89,0.0,653.217,3.6033,0.0,0.0,0.0,1.0,3.6033,True,3.6033
-153001#1,171.54,13.89,augtime,preseed,False,0,782.061,13.89,0.0,0.0,12.3499,0.0,0.0,0.0,1.0,12.3499,False,12.3499
153001#2,302.81,13.89,augtime,preseed,False,0,782.061,13.89,0.0,0.0,21.8006,0.0,0.0,0.0,1.0,21.8006,False,21.8006
153047,129.89,13.89,augtime,preseed,False,0,782.061,13.89,0.0,0.0,9.3513,0.0,0.0,0.0,1.0,9.3513,False,9.3513
-153001#3,1154.59,13.89,augtime,preseed,False,0,782.061,13.89,0.0,0.0,83.1238,0.0,0.0,0.0,1.0,83.1238,False,83.1238
153001#4,231.44,13.89,augtime,preseed,False,0,782.061,13.89,0.0,0.0,16.6623,0.0,0.0,0.0,1.0,16.6623,False,16.6623
153579,119.58,13.89,augtime,preseed,False,0,782.061,13.89,0.0,0.0,8.6091,0.0,0.0,0.0,1.0,8.6091,False,8.6091
-153001#4,240.11,13.89,augtime,preseed,False,0,782.061,13.89,0.0,0.0,17.2865,0.0,0.0,0.0,1.0,17.2865,False,17.2865
-153003#0,2.18,13.89,augtime,preseed,False,0,782.061,13.89,0.0,0.0,0.1569,0.0,0.0,0.0,1.0,0.1569,False,0.1569
153003#1,44.42,13.89,augtime,preseed,False,4,840.374,13.89,0.0,6105.246,3.198,0.0,0.6359,0.0,1.0,3.198,True,3.198
-153404#8,4.19,13.89,augtime,preseed,False,3,789.934,13.89,0.0,0.0,0.3017,0.0,0.0,0.0,1.0,0.3017,True,0.3017
153003#0,2.18,13.89,augtime,preseed,False,4,602.186,13.89,0.0,147.056,0.1569,0.0,0.278,0.0,1.0,0.1569,True,0.1569
153445#0,172.87,13.89,augtime,preseed,False,1,782.061,13.89,0.0,0.0,12.4456,0.0,0.0,0.0,1.0,12.4456,True,12.4456
-153003#1,45.03,13.89,augtime,preseed,False,0,782.061,13.89,0.0,0.0,3.2419,0.0,0.0,0.0,1.0,3.2419,False,3.2419
153004,95.41,13.89,augtime,preseed,False,4,552.514,13.867,0.0004,1010.928,6.8802,0.0,0.0,0.0,1.0,6.8802,True,6.869
153334,75.25,13.89,augtime,preseed,False,0,782.061,13.89,0.0,0.0,5.4176,0.0,0.0,0.0,1.0,5.4176,False,5.4176
-153006#0,437.32,13.89,augtime,ema_unlocked,False,5,237.576,13.897,0.0001,8092.278,31.4695,0.0,0.0412,0.0,1.0,31.4695,True,31.4845
153006#1,19.52,13.89,augtime,preseed,False,2,853.348,13.89,0.0,0.0,1.4053,0.0,0.0,0.0,1.0,1.4053,True,1.4053
-153006#1,19.52,13.89,augtime,ema_unlocked,False,5,94.207,13.89,0.0,0.0,1.4053,0.0,0.0,0.0,1.0,1.4053,True,1.4053
153006#2,43.69,13.89,augtime,preseed,False,2,848.274,13.89,0.0,0.0,3.1454,0.0,0.0,0.0,1.0,3.1454,True,3.1454
-153006#2,44.01,13.89,augtime,ema_unlocked,False,5,98.452,13.89,0.0,828.264,3.1685,0.0,0.8276,0.0,1.0,3.1685,True,3.1685
153006#3,53.15,13.89,augtime,preseed,False,2,766.638,13.89,0.0,0.0,3.8265,0.0,0.0,0.0,1.0,3.8265,True,3.8265
-153007#4,41.13,13.89,augtime,preseed,False,0,782.061,13.89,0.0,0.0,2.9611,0.0,0.0,0.0,1.0,2.9611,False,2.9611
-153054,73.1,13.89,augtime,preseed,False,0,782.061,13.89,0.0,0.0,5.2628,0.0,0.0,0.0,1.0,5.2628,False,5.2628
153007#5,299.54,13.89,augtime,preseed,False,1,782.061,13.89,0.0,0.0,21.5652,0.0,0.0,0.0,1.0,21.5652,True,21.5652
-153007#5,300.44,13.89,augtime,preseed,False,0,782.061,13.89,0.0,0.0,21.6299,0.0,0.0,0.0,1.0,21.6299,False,21.6299
-153456#6,44.14,13.89,augtime,ema_unlocked,False,4,2969.255,13.89,0.0,15493.013,3.1778,0.0,0.321,0.0,1.0,3.1778,True,3.1778
153007#6,11.59,13.89,augtime,ema_unlocked,False,2,457.182,13.89,0.0,0.0,0.8344,0.0,0.0,0.0,1.0,0.8344,True,0.8344
-153007#6,11.75,13.89,augtime,ema_unlocked,False,2,121.641,13.89,0.0,527.539,0.8459,0.0,1.0,0.0,1.0,0.8459,True,0.8459
152406,9.56,13.89,augtime,ema_unlocked,False,2,628.937,13.659,0.0036,0.0,0.6999,0.0,0.0,0.0,1.0,0.6999,True,0.6883
-153476#9,17.23,13.89,augtime,preseed,False,2,782.061,13.89,0.0,0.0,1.2405,0.0,0.0,0.0,1.0,1.2405,True,1.2405
153008#0,65.87,13.89,augtime,ema_unlocked,False,6,2143.164,13.89,0.0,0.0,4.7423,0.0,0.0,0.0,1.0,4.7423,True,4.7423
153476#10,148.37,13.89,augtime,ema_unlocked,False,10,1160.152,13.89,0.0,12409.156,10.6818,0.0,0.0007,0.0,1.0,10.6818,True,10.6818
-153008#1,7.7,13.89,augtime,preseed,False,0,782.061,13.89,0.0,0.0,0.5544,0.0,0.0,0.0,1.0,0.5544,False,0.5544
-153463,96.08,13.89,augtime,preseed,False,0,782.061,13.89,0.0,0.0,6.9172,0.0,0.0,0.0,1.0,6.9172,False,6.9172
153008#2,144.29,13.89,augtime,ema_unlocked,False,6,1337.41,13.89,0.0,0.0,10.388,0.0,0.0,0.0,1.0,10.388,True,10.388
-153008#2,151.97,13.89,augtime,preseed,False,2,782.061,13.89,0.0,0.0,10.941,0.0,0.0,0.0,1.0,10.941,True,10.941
153008#3,1.68,13.89,augtime,preseed,False,1,791.901,13.89,0.0,0.0,0.121,0.0,0.0,0.0,1.0,0.121,True,0.121
-153008#3,1.68,13.89,augtime,preseed,False,1,782.061,13.89,0.0,0.0,0.121,0.0,0.0,0.0,1.0,0.121,True,0.121
153008#4,6.31,13.89,augtime,ema_unlocked,False,6,1032.021,13.848,0.0043,625.716,0.4557,0.0,0.1653,0.0,1.0,0.4557,True,0.4543
-153008#4,5.58,13.89,augtime,preseed,False,1,782.061,13.89,0.0,0.0,0.4017,0.0,0.0,0.0,1.0,0.4017,True,0.4017
153008#5,165.02,13.89,augtime,ema_unlocked,False,6,392.363,13.89,0.0,0.0,11.8805,0.0,0.0,0.0,1.0,11.8805,True,11.8805
-153008#5,155.0,13.89,augtime,preseed,False,2,782.061,13.89,0.0,0.0,11.1591,0.0,0.0,0.0,1.0,11.1591,True,11.1591
153008#6,158.8,13.89,augtime,ema_unlocked,False,6,934.082,13.89,0.0,10840.075,11.4327,0.0,0.0075,0.0,1.0,11.4327,True,11.4327
-153008#6,165.19,13.89,augtime,preseed,False,2,782.061,13.89,0.0,0.0,11.8927,0.0,0.0,0.0,1.0,11.8927,True,11.8927
153008#7,18.15,13.89,augtime,ema_unlocked,False,6,221.699,13.89,0.0,0.0,1.3067,0.0,0.0,0.0,1.0,1.3067,True,1.3067
-153008#7,15.05,13.89,augtime,preseed,False,2,782.061,13.89,0.0,0.0,1.0835,0.0,0.0,0.0,1.0,1.0835,True,1.0835
152402#2,6.8,13.89,augtime,ema_unlocked,False,8,534.625,13.89,0.0,0.0,0.4896,0.0,0.0,0.0,1.0,0.4896,True,0.4896
-153009#0,52.51,13.89,augtime,preseed,False,0,782.061,13.89,0.0,0.0,3.7804,0.0,0.0,0.0,1.0,3.7804,False,3.7804
153009#1,37.95,13.89,augtime,preseed,False,0,782.061,13.89,0.0,0.0,2.7322,0.0,0.0,0.0,1.0,2.7322,False,2.7322
-153010#1,66.0,13.89,augtime,preseed,False,1,782.061,13.89,0.0,0.0,4.7516,0.0,0.0,0.0,1.0,4.7516,True,4.7516
-153476#22,48.54,13.89,augtime,ema_unlocked,False,7,617.571,13.89,0.0,0.0,3.4946,0.0,0.0,0.0,1.0,3.4946,True,3.4946
153476#23,9.01,13.89,augtime,ema_unlocked,False,10,913.946,13.89,0.0,0.0,0.6487,0.0,0.0,0.0,1.0,0.6487,True,0.6487
-153013,1503.88,13.89,augtime,preseed,False,0,782.061,13.89,0.0,0.0,108.2707,0.0,0.0,0.0,1.0,108.2707,False,108.2707
-153325#2,289.09,13.89,augtime,preseed,False,0,782.061,13.89,0.0,0.0,20.8128,0.0,0.0,0.0,1.0,20.8128,False,20.8128
153362#0,168.41,13.89,augtime,preseed,False,0,782.061,13.89,0.0,0.0,12.1246,0.0,0.0,0.0,1.0,12.1246,False,12.1246
-153014,118.43,13.89,augtime,preseed,False,0,782.061,13.89,0.0,0.0,8.5263,0.0,0.0,0.0,1.0,8.5263,False,8.5263
-153349#2,237.4,13.89,augtime,preseed,False,0,782.061,13.89,0.0,0.0,17.0914,0.0,0.0,0.0,1.0,17.0914,False,17.0914
153349#3,200.96,13.89,augtime,preseed,False,0,782.061,13.89,0.0,0.0,14.468,0.0,0.0,0.0,1.0,14.468,False,14.468
153014,121.5,13.89,augtime,preseed,False,0,782.061,13.89,0.0,0.0,8.7473,0.0,0.0,0.0,1.0,8.7473,False,8.7473
-153015,388.05,13.89,augtime,preseed,False,0,782.061,13.89,0.0,0.0,27.9374,0.0,0.0,0.0,1.0,27.9374,False,27.9374
-153343#0,618.36,13.89,augtime,preseed,False,0,782.061,13.89,0.0,0.0,44.5184,0.0,0.0,0.0,1.0,44.5184,False,44.5184
153015,403.07,13.89,augtime,preseed,False,0,782.061,13.89,0.0,0.0,29.0187,0.0,0.0,0.0,1.0,29.0187,False,29.0187
153343#1,643.53,13.89,augtime,preseed,False,0,782.061,13.89,0.0,0.0,46.3305,0.0,0.0,0.0,1.0,46.3305,False,46.3305
-153016,139.1,13.89,augtime,preseed,False,0,782.061,13.89,0.0,0.0,10.0144,0.0,0.0,0.0,1.0,10.0144,False,10.0144
-153349#3,209.6,13.89,augtime,preseed,False,0,782.061,13.89,0.0,0.0,15.09,0.0,0.0,0.0,1.0,15.09,False,15.09
153349#4,275.13,13.89,augtime,preseed,False,0,782.061,13.89,0.0,0.0,19.8078,0.0,0.0,0.0,1.0,19.8078,False,19.8078
153016,127.98,13.89,augtime,preseed,False,0,782.061,13.89,0.0,0.0,9.2138,0.0,0.0,0.0,1.0,9.2138,False,9.2138
-153017,228.39,13.89,augtime,preseed,False,0,782.061,13.89,0.0,0.0,16.4428,0.0,0.0,0.0,1.0,16.4428,False,16.4428
-153349#1,54.12,13.89,augtime,preseed,False,0,782.061,13.89,0.0,0.0,3.8963,0.0,0.0,0.0,1.0,3.8963,False,3.8963
153017,220.71,13.89,augtime,preseed,False,0,782.061,13.89,0.0,0.0,15.8898,0.0,0.0,0.0,1.0,15.8898,False,15.8898
153349#2,241.03,13.89,augtime,preseed,False,0,782.061,13.89,0.0,0.0,17.3528,0.0,0.0,0.0,1.0,17.3528,False,17.3528
-153018#0,125.63,13.89,augtime,preseed,False,0,782.061,13.89,0.0,0.0,9.0446,0.0,0.0,0.0,1.0,9.0446,False,9.0446
-153577,48.58,13.89,augtime,preseed,False,0,782.061,13.89,0.0,0.0,3.4975,0.0,0.0,0.0,1.0,3.4975,False,3.4975
153018#1,12.71,13.89,augtime,preseed,False,0,782.061,13.89,0.0,0.0,0.915,0.0,0.0,0.0,1.0,0.915,False,0.915
153018#0,140.06,13.89,augtime,preseed,False,0,782.061,13.89,0.0,0.0,10.0835,0.0,0.0,0.0,1.0,10.0835,False,10.0835
-153018#1,11.54,13.89,augtime,preseed,False,0,782.061,13.89,0.0,0.0,0.8308,0.0,0.0,0.0,1.0,0.8308,False,0.8308
153018#2,65.09,13.89,augtime,preseed,False,0,782.061,13.89,0.0,0.0,4.6861,0.0,0.0,0.0,1.0,4.6861,False,4.6861
153349#0,1549.23,13.89,augtime,preseed,False,0,782.061,13.89,0.0,0.0,111.5356,0.0,0.0,0.0,1.0,111.5356,False,111.5356
-153018#2,74.95,13.89,augtime,preseed,False,0,782.061,13.89,0.0,0.0,5.396,0.0,0.0,0.0,1.0,5.396,False,5.396
-153578#1,197.19,13.89,augtime,preseed,False,0,782.061,13.89,0.0,0.0,14.1965,0.0,0.0,0.0,1.0,14.1965,False,14.1965
153578#2,147.49,13.89,augtime,preseed,False,0,782.061,13.89,0.0,0.0,10.6184,0.0,0.0,0.0,1.0,10.6184,False,10.6184
-153019,120.5,13.89,augtime,preseed,False,0,782.061,13.89,0.0,0.0,8.6753,0.0,0.0,0.0,1.0,8.6753,False,8.6753
-153485#2,123.12,13.89,augtime,preseed,False,0,782.061,13.89,0.0,0.0,8.8639,0.0,0.0,0.0,1.0,8.8639,False,8.8639
153485#3,227.66,13.89,augtime,preseed,False,0,782.061,13.89,0.0,0.0,16.3902,0.0,0.0,0.0,1.0,16.3902,False,16.3902
153019,117.53,13.89,augtime,preseed,False,0,782.061,13.89,0.0,0.0,8.4615,0.0,0.0,0.0,1.0,8.4615,False,8.4615
-153020,267.1,13.89,augtime,preseed,False,0,782.061,13.89,0.0,0.0,19.2297,0.0,0.0,0.0,1.0,19.2297,False,19.2297
-153485#3,230.01,13.89,augtime,preseed,False,0,782.061,13.89,0.0,0.0,16.5594,0.0,0.0,0.0,1.0,16.5594,False,16.5594
153485#4,757.14,13.89,augtime,preseed,False,0,782.061,13.89,0.0,0.0,54.5097,0.0,0.0,0.0,1.0,54.5097,False,54.5097
153020,260.73,13.89,augtime,preseed,False,0,782.061,13.89,0.0,0.0,18.7711,0.0,0.0,0.0,1.0,18.7711,False,18.7711
-153021,115.89,13.89,augtime,preseed,False,0,782.061,13.89,0.0,0.0,8.3434,0.0,0.0,0.0,1.0,8.3434,False,8.3434
-153371#3,309.72,13.89,augtime,preseed,False,0,782.061,13.89,0.0,0.0,22.2981,0.0,0.0,0.0,1.0,22.2981,False,22.2981
153021,153.83,13.89,augtime,preseed,False,0,782.061,13.89,0.0,0.0,11.0749,0.0,0.0,0.0,1.0,11.0749,False,11.0749
153371#4,68.05,13.89,augtime,preseed,False,0,782.061,13.89,0.0,0.0,4.8992,0.0,0.0,0.0,1.0,4.8992,False,4.8992
-153022,358.94,13.89,augtime,preseed,False,0,782.061,13.89,0.0,0.0,25.8416,0.0,0.0,0.0,1.0,25.8416,False,25.8416
-153371#1,281.13,13.89,augtime,preseed,False,0,782.061,13.89,0.0,0.0,20.2397,0.0,0.0,0.0,1.0,20.2397,False,20.2397
153022,370.9,13.89,augtime,preseed,False,0,782.061,13.89,0.0,0.0,26.7027,0.0,0.0,0.0,1.0,26.7027,False,26.7027
153371#2,236.43,13.89,augtime,preseed,False,0,782.061,13.89,0.0,0.0,17.0216,0.0,0.0,0.0,1.0,17.0216,False,17.0216
-153383#2,159.93,13.89,augtime,preseed,False,1,782.061,13.89,0.0,0.0,11.514,0.0,0.0,0.0,1.0,11.514,True,11.514
153023#0,234.35,13.89,augtime,preseed,False,2,664.119,13.89,0.0,0.0,16.8719,0.0,0.0,0.0,1.0,16.8719,True,16.8719
153383#3,376.68,13.89,augtime,preseed,False,2,569.118,13.89,0.0,0.0,27.1188,0.0,0.0,0.0,1.0,27.1188,True,27.1188
-153023#2,160.46,13.89,augtime,preseed,False,0,782.061,13.89,0.0,0.0,11.5522,0.0,0.0,0.0,1.0,11.5522,False,11.5522
153023#3,48.01,13.89,augtime,preseed,False,1,629.176,13.89,0.0,0.0,3.4564,0.0,0.0,0.0,1.0,3.4564,True,3.4564
-153023#3,51.01,13.89,augtime,preseed,False,0,782.061,13.89,0.0,0.0,3.6724,0.0,0.0,0.0,1.0,3.6724,False,3.6724
-153374#0,3.0,13.89,augtime,preseed,False,0,782.061,13.89,0.0,0.0,0.216,0.0,0.0,0.0,1.0,0.216,False,0.216
153374#1,106.55,13.89,augtime,preseed,False,2,804.194,13.89,0.0,0.0,7.671,0.0,0.0,0.0,1.0,7.671,True,7.671
-153024,123.0,13.89,augtime,preseed,False,0,782.061,13.89,0.0,0.0,8.8553,0.0,0.0,0.0,1.0,8.8553,False,8.8553
-153025,153.62,13.89,augtime,preseed,False,0,782.061,13.89,0.0,0.0,11.0598,0.0,0.0,0.0,1.0,11.0598,False,11.0598
-153026,185.06,13.89,augtime,preseed,False,0,782.061,13.89,0.0,0.0,13.3233,0.0,0.0,0.0,1.0,13.3233,False,13.3233
-153327#0,119.76,13.89,augtime,preseed,False,0,782.061,13.89,0.0,0.0,8.622,0.0,0.0,0.0,1.0,8.622,False,8.622
153026,187.27,13.89,augtime,preseed,False,0,782.061,13.89,0.0,0.0,13.4824,0.0,0.0,0.0,1.0,13.4824,False,13.4824
153327#1,110.28,13.89,augtime,preseed,False,2,782.061,13.89,0.0,0.0,7.9395,0.0,0.0,0.0,1.0,7.9395,True,7.9395
-153027,163.91,13.89,augtime,preseed,False,0,782.061,13.89,0.0,0.0,11.8006,0.0,0.0,0.0,1.0,11.8006,False,11.8006
-153490#2,51.08,13.89,augtime,preseed,False,1,811.35,13.89,0.0,0.0,3.6775,0.0,0.0,0.0,1.0,3.6775,True,3.6775
153490#3,21.12,13.89,augtime,preseed,False,1,782.061,13.89,0.0,0.0,1.5205,0.0,0.0,0.0,1.0,1.5205,True,1.5205
153027,146.37,13.89,augtime,preseed,False,0,782.061,13.89,0.0,0.0,10.5378,0.0,0.0,0.0,1.0,10.5378,False,10.5378
-153028,141.95,13.89,augtime,preseed,False,0,782.061,13.89,0.0,0.0,10.2196,0.0,0.0,0.0,1.0,10.2196,False,10.2196
-153029,133.69,13.89,augtime,preseed,False,0,782.061,13.89,0.0,0.0,9.6249,0.0,0.0,0.0,1.0,9.6249,False,9.6249
-153394#1,59.01,13.89,augtime,preseed,False,1,869.44,13.89,0.0,0.0,4.2484,0.0,0.0,0.0,1.0,4.2484,True,4.2484
153394#2,267.13,13.89,augtime,preseed,False,2,782.061,13.89,0.0,0.0,19.2318,0.0,0.0,0.0,1.0,19.2318,True,19.2318
153029,134.8,13.89,augtime,preseed,False,0,782.061,13.89,0.0,0.0,9.7048,0.0,0.0,0.0,1.0,9.7048,False,9.7048
-153030,88.98,13.89,augtime,preseed,False,0,782.061,13.89,0.0,0.0,6.406,0.0,0.0,0.0,1.0,6.406,False,6.406
-153033#0,76.4,13.89,augtime,preseed,False,0,782.061,13.89,0.0,0.0,5.5004,0.0,0.0,0.0,1.0,5.5004,False,5.5004
153033#1,9.04,13.89,augtime,preseed,False,0,782.061,13.89,0.0,0.0,0.6508,0.0,0.0,0.0,1.0,0.6508,False,0.6508
153030,93.07,13.89,augtime,preseed,False,0,782.061,13.89,0.0,0.0,6.7005,0.0,0.0,0.0,1.0,6.7005,False,6.7005
-153031#0,25.56,13.89,augtime,preseed,False,0,782.061,13.89,0.0,0.0,1.8402,0.0,0.0,0.0,1.0,1.8402,False,1.8402
153031#1,122.16,13.89,augtime,preseed,False,0,782.061,13.89,0.0,0.0,8.7948,0.0,0.0,0.0,1.0,8.7948,False,8.7948
153035,201.22,13.89,augtime,preseed,False,0,782.061,13.89,0.0,0.0,14.4867,0.0,0.0,0.0,1.0,14.4867,False,14.4867
-153327#5,27.06,13.89,augtime,preseed,False,0,782.061,13.89,0.0,0.0,1.9482,0.0,0.0,0.0,1.0,1.9482,False,1.9482
153031#0,28.77,13.89,augtime,preseed,False,0,782.061,13.89,0.0,0.0,2.0713,0.0,0.0,0.0,1.0,2.0713,False,2.0713
153327#6,181.7,13.89,augtime,preseed,False,2,782.061,13.89,0.0,0.0,13.0814,0.0,0.0,0.0,1.0,13.0814,True,13.0814
-153031#1,123.5,13.89,augtime,preseed,False,0,782.061,13.89,0.0,0.0,8.8913,0.0,0.0,0.0,1.0,8.8913,False,8.8913
153033#0,80.45,13.89,augtime,preseed,False,0,782.061,13.89,0.0,0.0,5.7919,0.0,0.0,0.0,1.0,5.7919,False,5.7919
-153033#1,8.38,13.89,augtime,preseed,False,0,782.061,13.89,0.0,0.0,0.6033,0.0,0.0,0.0,1.0,0.6033,False,0.6033
-153040#0,130.72,13.89,augtime,preseed,False,0,782.061,13.89,0.0,0.0,9.4111,0.0,0.0,0.0,1.0,9.4111,False,9.4111
153033#2,134.74,13.89,augtime,preseed,False,0,782.061,13.89,0.0,0.0,9.7005,0.0,0.0,0.0,1.0,9.7005,False,9.7005
153040#1,61.23,13.89,augtime,preseed,False,0,782.061,13.89,0.0,0.0,4.4082,0.0,0.0,0.0,1.0,4.4082,False,4.4082
-153033#3,164.71,13.89,augtime,preseed,False,0,782.061,13.89,0.0,0.0,11.8582,0.0,0.0,0.0,1.0,11.8582,False,11.8582
-153034,145.65,13.89,augtime,preseed,False,0,782.061,13.89,0.0,0.0,10.486,0.0,0.0,0.0,1.0,10.486,False,10.486
-153327#9,57.38,13.89,augtime,preseed,False,0,782.061,13.89,0.0,0.0,4.131,0.0,0.0,0.0,1.0,4.131,False,4.131
153037,280.89,13.89,augtime,preseed,False,0,782.061,13.89,0.0,0.0,20.2225,0.0,0.0,0.0,1.0,20.2225,False,20.2225
153034,156.62,13.89,augtime,preseed,False,0,782.061,13.89,0.0,0.0,11.2757,0.0,0.0,0.0,1.0,11.2757,False,11.2757
153327#11,121.01,13.89,augtime,preseed,False,3,782.061,13.89,0.0,0.0,8.712,0.0,0.0,0.0,1.0,8.712,True,8.712
-153035,211.42,13.89,augtime,preseed,False,0,782.061,13.89,0.0,0.0,15.221,0.0,0.0,0.0,1.0,15.221,False,15.221
-153036,41.74,13.89,augtime,preseed,False,0,782.061,13.89,0.0,0.0,3.005,0.0,0.0,0.0,1.0,3.005,False,3.005
-153440#4,117.79,13.89,augtime,preseed,False,2,782.061,13.89,0.0,0.0,8.4802,0.0,0.0,0.0,1.0,8.4802,True,8.4802
153036,31.64,13.89,augtime,preseed,False,0,782.061,13.89,0.0,0.0,2.2779,0.0,0.0,0.0,1.0,2.2779,False,2.2779
153440#5,42.85,13.89,augtime,preseed,False,2,786.483,13.89,0.0,0.0,3.085,0.0,0.0,0.0,1.0,3.085,True,3.085
-153038,102.16,13.89,augtime,preseed,False,0,782.061,13.89,0.0,0.0,7.3549,0.0,0.0,0.0,1.0,7.3549,False,7.3549
-153449#5,8.05,13.89,augtime,preseed,False,0,782.061,13.89,0.0,0.0,0.5796,0.0,0.0,0.0,1.0,0.5796,False,0.5796
153449#6,30.02,13.89,augtime,preseed,False,2,782.061,13.89,0.0,0.0,2.1613,0.0,0.0,0.0,1.0,2.1613,True,2.1613
153038,101.42,13.89,augtime,preseed,False,0,782.061,13.89,0.0,0.0,7.3017,0.0,0.0,0.0,1.0,7.3017,False,7.3017
153039,82.26,13.89,augtime,preseed,False,1,782.061,13.89,0.0,0.0,5.9222,0.0,0.0,0.0,1.0,5.9222,True,5.9222
153040#0,119.65,13.89,augtime,preseed,False,0,782.061,13.89,0.0,0.0,8.6141,0.0,0.0,0.0,1.0,8.6141,False,8.6141
-153040#1,61.32,13.89,augtime,preseed,False,0,782.061,13.89,0.0,0.0,4.4147,0.0,0.0,0.0,1.0,4.4147,False,4.4147
-153041,134.36,13.89,augtime,preseed,False,1,782.061,13.89,0.0,0.0,9.6731,0.0,0.0,0.0,1.0,9.6731,True,9.6731
-153420#0,114.15,13.89,augtime,preseed,False,0,782.061,13.89,0.0,0.0,8.2181,0.0,0.0,0.0,1.0,8.2181,False,8.2181
153420#1,136.66,13.89,augtime,preseed,False,1,662.794,13.89,0.0,0.0,9.8387,0.0,0.0,0.0,1.0,9.8387,True,9.8387
-153042#1,20.07,13.89,augtime,preseed,False,0,782.061,13.89,0.0,0.0,1.4449,0.0,0.0,0.0,1.0,1.4449,False,1.4449
153043#0,97.87,13.89,augtime,preseed,False,0,782.061,13.89,0.0,0.0,7.0461,0.0,0.0,0.0,1.0,7.0461,False,7.0461
-153044,90.79,13.89,augtime,preseed,False,0,782.061,13.89,0.0,0.0,6.5364,0.0,0.0,0.0,1.0,6.5364,False,6.5364
-153327#3,94.57,13.89,augtime,preseed,False,0,782.061,13.89,0.0,0.0,6.8085,0.0,0.0,0.0,1.0,6.8085,False,6.8085
153044,90.29,13.89,augtime,preseed,False,0,782.061,13.89,0.0,0.0,6.5004,0.0,0.0,0.0,1.0,6.5004,False,6.5004
153045,53.54,13.89,augtime,preseed,False,0,782.061,13.89,0.0,0.0,3.8546,0.0,0.0,0.0,1.0,3.8546,False,3.8546
153327#4,215.92,13.89,augtime,preseed,False,2,782.061,13.89,0.0,0.0,15.545,0.0,0.0,0.0,1.0,15.545,True,15.545
-153045,50.97,13.89,augtime,preseed,False,0,782.061,13.89,0.0,0.0,3.6695,0.0,0.0,0.0,1.0,3.6695,False,3.6695
153046,312.82,13.89,augtime,preseed,False,0,782.061,13.89,0.0,0.0,22.5212,0.0,0.0,0.0,1.0,22.5212,False,22.5212
-153047,127.34,13.89,augtime,preseed,False,0,782.061,13.89,0.0,0.0,9.1677,0.0,0.0,0.0,1.0,9.1677,False,9.1677
153048#0,96.79,13.89,augtime,preseed,False,0,782.061,13.89,0.0,0.0,6.9683,0.0,0.0,0.0,1.0,6.9683,False,6.9683
-153048#1,73.95,13.89,augtime,preseed,False,0,782.061,13.89,0.0,0.0,5.324,0.0,0.0,0.0,1.0,5.324,False,5.324
-153451#6,15.8,13.89,augtime,preseed,False,1,659.364,13.89,0.0,0.0,1.1375,0.0,0.0,0.0,1.0,1.1375,True,1.1375
153451#7,421.78,13.89,augtime,ema_unlocked,False,7,1176.505,13.89,0.0,0.0,30.3657,0.0,0.0,0.0,1.0,30.3657,True,30.3657
-153049,313.31,13.89,augtime,preseed,False,0,782.061,13.89,0.0,0.0,22.5565,0.0,0.0,0.0,1.0,22.5565,False,22.5565
-153440#1,19.77,13.89,augtime,preseed,False,0,782.061,13.89,0.0,0.0,1.4233,0.0,0.0,0.0,1.0,1.4233,False,1.4233
153049,312.13,13.89,augtime,preseed,False,0,782.061,13.89,0.0,0.0,22.4716,0.0,0.0,0.0,1.0,22.4716,False,22.4716
153440#2,175.09,13.89,augtime,preseed,False,2,677.635,13.89,0.0,0.0,12.6055,0.0,0.0,0.0,1.0,12.6055,True,12.6055
153050#0,205.62,13.89,augtime,preseed,False,0,782.061,13.89,0.0,0.0,14.8035,0.0,0.0,0.0,1.0,14.8035,False,14.8035
-153050#1,343.41,13.89,augtime,preseed,False,0,782.061,13.89,0.0,0.0,24.7235,0.0,0.0,0.0,1.0,24.7235,False,24.7235
-153051,91.1,13.89,augtime,preseed,False,0,782.061,13.89,0.0,0.0,6.5587,0.0,0.0,0.0,1.0,6.5587,False,6.5587
-153456#4,361.89,13.89,augtime,ema_unlocked,False,4,2676.342,13.659,0.0002,0.0,26.4956,0.0,0.0,0.0,1.0,26.4956,True,26.054
153051,88.37,13.89,augtime,preseed,False,0,782.061,13.89,0.0,0.0,6.3621,0.0,0.0,0.0,1.0,6.3621,False,6.3621
153456#5,140.26,13.89,augtime,ema_unlocked,False,2,111.044,13.89,0.0,1818.401,10.0979,0.0,0.3108,0.0,1.0,10.0979,True,10.0979
-153052,144.53,13.89,augtime,preseed,False,0,782.061,13.89,0.0,0.0,10.4053,0.0,0.0,0.0,1.0,10.4053,False,10.4053
-153053,1392.32,13.89,augtime,preseed,False,0,782.061,13.89,0.0,0.0,100.239,0.0,0.0,0.0,1.0,100.239,False,100.239
-153452#1,33.93,13.89,augtime,preseed,False,4,924.221,13.89,0.0,4129.298,2.4428,0.0,0.4145,0.0,1.0,2.4428,True,2.4428
153452#2,172.67,13.89,augtime,ema_unlocked,False,9,596.266,13.89,0.0,0.0,12.4312,0.0,0.0,0.0,1.0,12.4312,True,12.4312
-153055#0,286.32,13.89,augtime,preseed,False,0,782.061,13.89,0.0,0.0,20.6134,0.0,0.0,0.0,1.0,20.6134,False,20.6134
153053,1382.29,13.89,augtime,preseed,False,0,782.061,13.89,0.0,0.0,99.5169,0.0,0.0,0.0,1.0,99.5169,False,99.5169
153055#1,784.72,13.89,augtime,preseed,False,0,782.061,13.89,0.0,0.0,56.4953,0.0,0.0,0.0,1.0,56.4953,False,56.4953
153054,75.23,13.89,augtime,preseed,False,0,782.061,13.89,0.0,0.0,5.4161,0.0,0.0,0.0,1.0,5.4161,False,5.4161
153055#0,281.94,13.89,augtime,preseed,False,0,782.061,13.89,0.0,0.0,20.2981,0.0,0.0,0.0,1.0,20.2981,False,20.2981
-153055#1,783.59,13.89,augtime,preseed,False,0,782.061,13.89,0.0,0.0,56.414,0.0,0.0,0.0,1.0,56.414,False,56.414
-153056,90.41,13.89,augtime,preseed,False,0,782.061,13.89,0.0,0.0,6.509,0.0,0.0,0.0,1.0,6.509,False,6.509
-153381#4,253.65,13.89,augtime,preseed,False,0,782.061,13.89,0.0,0.0,18.2613,0.0,0.0,0.0,1.0,18.2613,False,18.2613
153056,80.74,13.89,augtime,preseed,False,0,782.061,13.89,0.0,0.0,5.8128,0.0,0.0,0.0,1.0,5.8128,False,5.8128
153381#5,459.69,13.89,augtime,preseed,False,1,782.061,13.89,0.0,0.0,33.095,0.0,0.0,0.0,1.0,33.095,True,33.095
-153058#0,40.82,13.89,augtime,preseed,False,0,782.061,13.89,0.0,0.0,2.9388,0.0,0.0,0.0,1.0,2.9388,False,2.9388
153058#1,63.47,13.89,augtime,preseed,False,0,782.061,13.89,0.0,0.0,4.5695,0.0,0.0,0.0,1.0,4.5695,False,4.5695
-153449#8,58.69,13.89,augtime,preseed,False,0,782.061,13.89,0.0,0.0,4.2253,0.0,0.0,0.0,1.0,4.2253,False,4.2253
153058#0,41.45,13.89,augtime,preseed,False,0,782.061,13.89,0.0,0.0,2.9842,0.0,0.0,0.0,1.0,2.9842,False,2.9842
153449#9,68.96,13.89,augtime,preseed,False,2,782.061,13.89,0.0,0.0,4.9647,0.0,0.0,0.0,1.0,4.9647,True,4.9647
-153058#1,57.59,13.89,augtime,preseed,False,0,782.061,13.89,0.0,0.0,4.1461,0.0,0.0,0.0,1.0,4.1461,False,4.1461
153058#2,169.03,13.89,augtime,preseed,False,0,782.061,13.89,0.0,0.0,12.1692,0.0,0.0,0.0,1.0,12.1692,False,12.1692
-153058#2,169.3,13.89,augtime,preseed,False,0,782.061,13.89,0.0,0.0,12.1886,0.0,0.0,0.0,1.0,12.1886,False,12.1886
153058#3,13.55,13.89,augtime,preseed,False,0,782.061,13.89,0.0,0.0,0.9755,0.0,0.0,0.0,1.0,0.9755,False,0.9755
-153058#3,13.55,13.89,augtime,preseed,False,0,782.061,13.89,0.0,0.0,0.9755,0.0,0.0,0.0,1.0,0.9755,False,0.9755
-153059#1,91.39,13.89,augtime,preseed,False,0,782.061,13.89,0.0,0.0,6.5796,0.0,0.0,0.0,1.0,6.5796,False,6.5796
-153060,264.86,13.89,augtime,preseed,False,0,782.061,13.89,0.0,0.0,19.0684,0.0,0.0,0.0,1.0,19.0684,False,19.0684
153061,172.18,13.89,augtime,preseed,False,0,782.061,13.89,0.0,0.0,12.396,0.0,0.0,0.0,1.0,12.396,False,12.396
153062#0,67.19,13.89,augtime,preseed,False,0,782.061,13.89,0.0,0.0,4.8373,0.0,0.0,0.0,1.0,4.8373,False,4.8373
-153062#1,199.05,13.89,augtime,preseed,False,0,782.061,13.89,0.0,0.0,14.3305,0.0,0.0,0.0,1.0,14.3305,False,14.3305
-153063#0,27.43,13.89,augtime,preseed,False,0,782.061,13.89,0.0,0.0,1.9748,0.0,0.0,0.0,1.0,1.9748,False,1.9748
-153064,69.1,13.89,augtime,preseed,False,0,782.061,13.89,0.0,0.0,4.9748,0.0,0.0,0.0,1.0,4.9748,False,4.9748
153063#1,103.14,13.89,augtime,preseed,False,0,782.061,13.89,0.0,0.0,7.4255,0.0,0.0,0.0,1.0,7.4255,False,7.4255
-153063#1,91.8,13.89,augtime,preseed,False,0,782.061,13.89,0.0,0.0,6.6091,0.0,0.0,0.0,1.0,6.6091,False,6.6091
-153427#3,86.27,13.89,augtime,preseed,False,0,782.061,13.89,0.0,0.0,6.2109,0.0,0.0,0.0,1.0,6.2109,False,6.2109
153427#4,208.25,13.89,augtime,preseed,False,0,782.061,13.89,0.0,0.0,14.9928,0.0,0.0,0.0,1.0,14.9928,False,14.9928
153064,63.38,13.89,augtime,preseed,False,0,782.061,13.89,0.0,0.0,4.563,0.0,0.0,0.0,1.0,4.563,False,4.563
153065#0,42.01,13.89,augtime,preseed,False,0,782.061,13.89,0.0,0.0,3.0245,0.0,0.0,0.0,1.0,3.0245,False,3.0245
-153066,164.91,13.89,augtime,preseed,False,0,782.061,13.89,0.0,0.0,11.8726,0.0,0.0,0.0,1.0,11.8726,False,11.8726
153067,91.03,13.89,augtime,preseed,False,0,782.061,13.89,0.0,0.0,6.5536,0.0,0.0,0.0,1.0,6.5536,False,6.5536
-153068,177.81,13.89,augtime,preseed,False,0,782.061,13.89,0.0,0.0,12.8013,0.0,0.0,0.0,1.0,12.8013,False,12.8013
-153451#0,164.63,13.89,augtime,preseed,False,4,773.204,13.89,0.0,0.0,11.8524,0.0,0.0,0.0,1.0,11.8524,True,11.8524
153451#1,309.97,13.89,augtime,ema_unlocked,False,8,379.994,13.89,0.0,0.0,22.3161,0.0,0.0,0.0,1.0,22.3161,True,22.3161
153068,186.3,13.89,augtime,preseed,False,0,782.061,13.89,0.0,0.0,13.4125,0.0,0.0,0.0,1.0,13.4125,False,13.4125
153070#0,220.34,13.89,augtime,preseed,False,0,782.061,13.89,0.0,0.0,15.8632,0.0,0.0,0.0,1.0,15.8632,False,15.8632
-153070#1,148.71,13.89,augtime,preseed,False,0,782.061,13.89,0.0,0.0,10.7063,0.0,0.0,0.0,1.0,10.7063,False,10.7063
153071#0,44.13,13.89,augtime,preseed,False,0,782.061,13.89,0.0,0.0,3.1771,0.0,0.0,0.0,1.0,3.1771,False,3.1771
-153071#1,76.02,13.89,augtime,preseed,False,0,782.061,13.89,0.0,0.0,5.473,0.0,0.0,0.0,1.0,5.473,False,5.473
-153072,157.08,13.89,augtime,preseed,False,0,782.061,13.89,0.0,0.0,11.3089,0.0,0.0,0.0,1.0,11.3089,False,11.3089
-153427#1,45.37,13.89,augtime,preseed,False,0,782.061,13.89,0.0,0.0,3.2664,0.0,0.0,0.0,1.0,3.2664,False,3.2664
153072,157.42,13.89,augtime,preseed,False,0,782.061,13.89,0.0,0.0,11.3333,0.0,0.0,0.0,1.0,11.3333,False,11.3333
153427#2,234.28,13.89,augtime,preseed,False,0,782.061,13.89,0.0,0.0,16.8668,0.0,0.0,0.0,1.0,16.8668,False,16.8668
-153073,56.62,13.89,augtime,preseed,False,0,782.061,13.89,0.0,0.0,4.0763,0.0,0.0,0.0,1.0,4.0763,False,4.0763
-153427#0,87.56,13.89,augtime,preseed,False,0,782.061,13.89,0.0,0.0,6.3038,0.0,0.0,0.0,1.0,6.3038,False,6.3038
153074,59.77,13.89,augtime,preseed,False,0,782.061,13.89,0.0,0.0,4.3031,0.0,0.0,0.0,1.0,4.3031,False,4.3031
153427#1,45.37,13.89,augtime,preseed,False,0,782.061,13.89,0.0,0.0,3.2664,0.0,0.0,0.0,1.0,3.2664,False,3.2664
-153078,112.58,13.89,augtime,preseed,False,0,782.061,13.89,0.0,0.0,8.1051,0.0,0.0,0.0,1.0,8.1051,False,8.1051
-153343#2,38.08,13.89,augtime,preseed,False,0,782.061,13.89,0.0,0.0,2.7415,0.0,0.0,0.0,1.0,2.7415,False,2.7415
153078,113.82,13.89,augtime,preseed,False,0,782.061,13.89,0.0,0.0,8.1944,0.0,0.0,0.0,1.0,8.1944,False,8.1944
153343#3,57.05,13.89,augtime,preseed,False,0,782.061,13.89,0.0,0.0,4.1073,0.0,0.0,0.0,1.0,4.1073,False,4.1073
-153079,83.96,13.89,augtime,preseed,False,0,782.061,13.89,0.0,0.0,6.0446,0.0,0.0,0.0,1.0,6.0446,False,6.0446
-153327#1,113.44,13.89,augtime,preseed,False,0,782.061,13.89,0.0,0.0,8.167,0.0,0.0,0.0,1.0,8.167,False,8.167
153327#2,426.45,13.89,augtime,preseed,False,2,782.061,13.89,0.0,0.0,30.7019,0.0,0.0,0.0,1.0,30.7019,True,30.7019
153079,87.09,13.89,augtime,preseed,False,0,782.061,13.89,0.0,0.0,6.27,0.0,0.0,0.0,1.0,6.27,False,6.27
-153273#1,5.5,13.89,augtime,preseed,False,1,782.061,13.89,0.0,0.0,0.396,0.0,0.0,0.0,1.0,0.396,True,0.396
153273#2,78.92,13.89,augtime,preseed,False,0,782.061,13.89,0.0,0.0,5.6818,0.0,0.0,0.0,1.0,5.6818,False,5.6818
-153323#0,7.19,13.89,augtime,preseed,False,1,687.275,13.89,0.0,0.0,0.5176,0.0,0.0,0.0,1.0,0.5176,True,0.5176
153323#1,182.38,13.89,augtime,ema_unlocked,False,1,836.054,13.89,0.0,0.0,13.1303,0.0,0.0,0.0,1.0,13.1303,True,13.1303
-153363#3,153.49,13.89,augtime,preseed,False,1,719.798,13.89,0.0,0.0,11.0504,0.0,0.0,0.0,1.0,11.0504,True,11.0504
-153365#4,250.59,13.89,augtime,ema_unlocked,False,1,570.331,13.89,0.0,0.0,18.041,0.0,0.0,0.0,1.0,18.041,True,18.041
153323#0,12.56,13.89,augtime,ema_unlocked,False,1,995.736,13.897,0.0013,995.606,0.9038,0.0,0.0532,0.0,1.0,0.9038,True,0.9042
-153323#1,183.98,13.89,augtime,ema_unlocked,False,2,576.351,13.659,0.0001,0.0,13.47,0.0,0.0,0.0,1.0,13.47,True,13.2455
153323#2,197.78,13.89,augtime,ema_unlocked,False,1,812.052,13.89,0.0,11502.615,14.239,0.0,0.0,0.0,1.0,14.239,True,14.239
-153323#2,196.28,13.89,augtime,ema_unlocked,False,2,554.273,13.659,0.0001,0.0,14.3705,0.0,0.0,0.0,1.0,14.3705,True,14.131
153323#3,48.24,13.89,augtime,ema_unlocked,False,1,734.607,13.659,0.0004,0.0,3.5319,0.0,0.0,0.0,1.0,3.5319,True,3.473
-153323#3,49.39,13.89,augtime,ema_unlocked,False,2,570.211,13.89,0.0,0.0,3.5558,0.0,0.0,0.0,1.0,3.5558,True,3.5558
153323#4,286.49,13.89,augtime,ema_unlocked,False,1,743.125,13.89,0.0,0.0,20.6256,0.0,0.0,0.0,1.0,20.6256,True,20.6256
-153324,40.28,13.89,augtime,preseed,False,0,782.061,13.89,0.0,0.0,2.8999,0.0,0.0,0.0,1.0,2.8999,False,2.8999
-153325#0,91.08,13.89,augtime,preseed,False,0,782.061,13.89,0.0,0.0,6.5572,0.0,0.0,0.0,1.0,6.5572,False,6.5572
153325#1,68.26,13.89,augtime,preseed,False,0,782.061,13.89,0.0,0.0,4.9143,0.0,0.0,0.0,1.0,4.9143,False,4.9143
153324,37.1,13.89,augtime,preseed,False,0,782.061,13.89,0.0,0.0,2.671,0.0,0.0,0.0,1.0,2.671,False,2.671
-153356,81.15,13.89,augtime,preseed,False,0,782.061,13.89,0.0,0.0,5.8423,0.0,0.0,0.0,1.0,5.8423,False,5.8423
-153325#1,61.75,13.89,augtime,preseed,False,0,782.061,13.89,0.0,0.0,4.4456,0.0,0.0,0.0,1.0,4.4456,False,4.4456
-153355#4,158.4,13.89,augtime,preseed,False,0,782.061,13.89,0.0,0.0,11.4039,0.0,0.0,0.0,1.0,11.4039,False,11.4039
153325#2,289.43,13.89,augtime,preseed,False,0,782.061,13.89,0.0,0.0,20.8373,0.0,0.0,0.0,1.0,20.8373,False,20.8373
-153326#2,24.37,13.89,augtime,preseed,False,0,782.061,13.89,0.0,0.0,1.7545,0.0,0.0,0.0,1.0,1.7545,False,1.7545
153326#3,19.59,13.89,augtime,preseed,False,0,782.061,13.89,0.0,0.0,1.4104,0.0,0.0,0.0,1.0,1.4104,False,1.4104
153361#0,270.45,13.89,augtime,preseed,False,1,782.061,13.89,0.0,0.0,19.4708,0.0,0.0,0.0,1.0,19.4708,True,19.4708
-153326#3,19.91,13.89,augtime,preseed,False,1,782.061,13.89,0.0,0.0,1.4334,0.0,0.0,0.0,1.0,1.4334,True,1.4334
153326#4,367.56,13.89,augtime,preseed,False,0,782.061,13.89,0.0,0.0,26.4622,0.0,0.0,0.0,1.0,26.4622,False,26.4622
152638,78.42,13.89,augtime,preseed,False,0,782.061,13.89,0.0,0.0,5.6458,0.0,0.0,0.0,1.0,5.6458,False,5.6458
153327#0,118.46,13.89,augtime,preseed,False,2,782.061,13.89,0.0,0.0,8.5284,0.0,0.0,0.0,1.0,8.5284,True,8.5284
153392#0,1.2,13.89,augtime,preseed,False,0,782.061,13.89,0.0,0.0,0.0864,0.0,0.0,0.0,1.0,0.0864,False,0.0864
-153327#12,216.09,13.89,augtime,preseed,False,0,782.061,13.89,0.0,0.0,15.5572,0.0,0.0,0.0,1.0,15.5572,False,15.5572
-153335#7,625.67,13.89,augtime,preseed,False,3,782.061,13.89,0.0,0.0,45.0446,0.0,0.0,0.0,1.0,45.0446,True,45.0446
153327#13,24.1,13.89,augtime,preseed,False,0,782.061,13.89,0.0,0.0,1.7351,0.0,0.0,0.0,1.0,1.7351,False,1.7351
-153327#14,50.26,13.89,augtime,preseed,False,0,782.061,13.89,0.0,0.0,3.6184,0.0,0.0,0.0,1.0,3.6184,False,3.6184
-153327#2,425.68,13.89,augtime,preseed,False,0,782.061,13.89,0.0,0.0,30.6465,0.0,0.0,0.0,1.0,30.6465,False,30.6465
152733,527.01,13.89,augtime,preseed,False,0,782.061,13.89,0.0,0.0,37.9417,0.0,0.0,0.0,1.0,37.9417,False,37.9417
153327#3,92.69,13.89,augtime,preseed,False,2,782.061,13.89,0.0,0.0,6.6731,0.0,0.0,0.0,1.0,6.6731,True,6.6731
-153329#0,129.64,13.89,augtime,preseed,False,2,782.061,13.89,0.0,0.0,9.3333,0.0,0.0,0.0,1.0,9.3333,True,9.3333
153329#1,55.83,13.89,augtime,preseed,False,1,782.061,13.89,0.0,0.0,4.0194,0.0,0.0,0.0,1.0,4.0194,True,4.0194
152933#3,1.16,13.89,augtime,preseed,False,4,672.915,13.89,0.0,0.0,0.0835,0.0,0.0,0.0,1.0,0.0835,True,0.0835
153329#0,122.8,13.89,augtime,preseed,False,1,782.061,13.89,0.0,0.0,8.8409,0.0,0.0,0.0,1.0,8.8409,True,8.8409
-153329#1,59.19,13.89,augtime,preseed,False,2,782.061,13.89,0.0,0.0,4.2613,0.0,0.0,0.0,1.0,4.2613,True,4.2613
153329#2,152.6,13.89,augtime,preseed,False,1,782.061,13.89,0.0,0.0,10.9863,0.0,0.0,0.0,1.0,10.9863,True,10.9863
-153329#2,150.85,13.89,augtime,preseed,False,2,782.061,13.89,0.0,0.0,10.8603,0.0,0.0,0.0,1.0,10.8603,True,10.8603
153329#3,90.86,13.89,augtime,preseed,False,1,782.061,13.89,0.0,0.0,6.5414,0.0,0.0,0.0,1.0,6.5414,True,6.5414
-153329#3,91.23,13.89,augtime,preseed,False,3,782.061,13.89,0.0,0.0,6.568,0.0,0.0,0.0,1.0,6.568,True,6.568
-153331#11,61.58,13.89,augtime,ema_unlocked,False,2,859.951,13.89,0.0,0.0,4.4334,0.0,0.0,0.0,1.0,4.4334,True,4.4334
153329#4,218.48,13.89,augtime,preseed,False,1,833.084,13.89,0.0,0.0,15.7293,0.0,0.0,0.0,1.0,15.7293,True,15.7293
-153329#4,226.24,13.89,augtime,ema_unlocked,False,2,200.919,13.89,0.0,6682.876,16.288,0.0,0.521,0.0,1.0,16.288,True,16.288
153329#5,155.27,13.89,augtime,preseed,False,1,799.528,13.89,0.0,16963.247,11.1785,0.0,0.449,0.0,1.0,11.1785,True,11.1785
-153329#5,119.37,13.89,augtime,ema_unlocked,False,2,681.777,13.847,0.0004,7288.155,8.6205,0.0,0.12,0.0,1.0,8.6205,True,8.594
-153412#4,27.71,13.89,augtime,preseed,False,0,782.061,13.89,0.0,0.0,1.995,0.0,0.0,0.0,1.0,1.995,False,1.995
153412#5,318.87,13.89,augtime,preseed,False,4,697.843,13.89,0.0,0.0,22.9568,0.0,0.0,0.0,1.0,22.9568,True,22.9568
-153330#0,123.25,13.89,augtime,preseed,False,0,782.061,13.89,0.0,0.0,8.8733,0.0,0.0,0.0,1.0,8.8733,False,8.8733
153330#1,77.17,13.89,augtime,preseed,False,0,782.061,13.89,0.0,0.0,5.5558,0.0,0.0,0.0,1.0,5.5558,False,5.5558
153330#0,123.39,13.89,augtime,preseed,False,0,782.061,13.89,0.0,0.0,8.8834,0.0,0.0,0.0,1.0,8.8834,False,8.8834
-153330#1,85.97,13.89,augtime,preseed,False,0,782.061,13.89,0.0,0.0,6.1893,0.0,0.0,0.0,1.0,6.1893,False,6.1893
-153331#8,41.05,13.89,augtime,preseed,False,1,782.061,13.89,0.0,0.0,2.9554,0.0,0.0,0.0,1.0,2.9554,True,2.9554
153331#9,44.92,13.89,augtime,preseed,False,2,843.727,13.89,0.0,0.0,3.234,0.0,0.0,0.0,1.0,3.234,True,3.234
-153331#0,14.35,13.89,augtime,ema_unlocked,False,2,121.541,13.89,0.0,322.225,1.0331,0.0,0.7831,0.0,1.0,1.0331,True,1.0331
153331#1,116.82,13.89,augtime,preseed,False,2,882.041,13.89,0.0,0.0,8.4104,0.0,0.0,0.0,1.0,8.4104,True,8.4104
-153415#1,104.74,13.89,augtime,ema_unlocked,False,2,361.241,13.89,0.0,0.0,7.5407,0.0,0.0,0.0,1.0,7.5407,True,7.5407
153331#0,6.68,13.89,augtime,preseed,False,2,818.364,13.89,0.0,0.0,0.4809,0.0,0.0,0.0,1.0,0.4809,True,0.4809
153415#2,83.72,13.89,augtime,preseed,False,2,840.907,13.89,0.0,0.0,6.0274,0.0,0.0,0.0,1.0,6.0274,True,6.0274
-153331#1,113.94,13.89,augtime,ema_unlocked,False,2,281.856,13.89,0.0,0.0,8.203,0.0,0.0,0.0,1.0,8.203,True,8.203
153331#2,81.84,13.89,augtime,preseed,False,2,818.129,13.659,0.001,7004.709,5.9919,0.0,0.2145,0.0,1.0,5.9919,True,5.892
-153331#10,35.32,13.89,augtime,ema_unlocked,False,2,565.702,13.659,0.0005,0.0,2.5859,0.0,0.0,0.0,1.0,2.5859,True,2.5428
153331#11,60.87,13.89,augtime,preseed,False,1,700.619,13.89,0.0,0.0,4.3823,0.0,0.0,0.0,1.0,4.3823,True,4.3823
-153331#9,45.52,13.89,augtime,ema_unlocked,False,2,171.367,13.89,0.0,0.0,3.2772,0.0,0.0,0.0,1.0,3.2772,True,3.2772
153331#10,33.94,13.89,augtime,preseed,False,2,782.77,13.89,0.0,2393.393,2.4435,0.0,0.1257,0.0,1.0,2.4435,True,2.4435
-153331#5,7.92,13.89,augtime,preseed,False,2,557.086,13.659,0.0049,0.0,0.5799,0.0,0.0,0.0,1.0,0.5799,True,0.5702
153331#6,57.14,13.89,augtime,preseed,False,2,806.119,13.659,0.0008,0.0,4.1835,0.0,0.0,0.0,1.0,4.1835,True,4.1138
-153331#6,54.97,13.89,augtime,ema_unlocked,False,2,477.308,13.89,0.0,0.0,3.9575,0.0,0.0,0.0,1.0,3.9575,True,3.9575
153331#7,78.83,13.89,augtime,preseed,False,2,848.585,13.89,0.0,0.0,5.6753,0.0,0.0,0.0,1.0,5.6753,True,5.6753
-153331#7,71.06,13.89,augtime,ema_unlocked,False,2,151.866,13.89,0.0,0.0,5.1159,0.0,0.0,0.0,1.0,5.1159,True,5.1159
153331#8,33.61,13.89,augtime,preseed,False,2,1039.272,13.89,0.0,0.0,2.4197,0.0,0.0,0.0,1.0,2.4197,True,2.4197
153332#0,299.88,13.89,augtime,preseed,False,0,782.061,13.89,0.0,0.0,21.5896,0.0,0.0,0.0,1.0,21.5896,False,21.5896
-153332#2,63.86,13.89,augtime,preseed,False,0,782.061,13.89,0.0,0.0,4.5976,0.0,0.0,0.0,1.0,4.5976,False,4.5976
-153427#10,272.94,13.89,augtime,preseed,False,3,801.917,13.89,0.0,0.0,19.6501,0.0,0.0,0.0,1.0,19.6501,True,19.6501
153427#11,106.37,13.89,augtime,preseed,False,0,782.061,13.89,0.0,0.0,7.658,0.0,0.0,0.0,1.0,7.658,False,7.658
-153444#0,211.8,13.89,augtime,preseed,False,5,806.027,13.85,0.0001,19086.669,15.2925,0.0,0.2742,0.0,1.0,15.2925,True,15.2484
153335#0,93.22,13.89,augtime,preseed,False,0,782.061,13.89,0.0,0.0,6.7113,0.0,0.0,0.0,1.0,6.7113,False,6.7113
153444#2,35.64,13.89,augtime,preseed,False,1,782.061,13.89,0.0,0.0,2.5659,0.0,0.0,0.0,1.0,2.5659,True,2.5659
-153335#1,162.5,13.89,augtime,preseed,False,3,718.436,13.89,0.0,0.0,11.6991,0.0,0.0,0.0,1.0,11.6991,True,11.6991
153335#2,30.38,13.89,augtime,preseed,False,1,764.604,13.89,0.0,0.0,2.1872,0.0,0.0,0.0,1.0,2.1872,True,2.1872
-153335#2,37.63,13.89,augtime,preseed,False,2,795.6,13.89,0.0,0.0,2.7091,0.0,0.0,0.0,1.0,2.7091,True,2.7091
-153337,95.33,13.89,augtime,preseed,False,1,836.798,13.89,0.0,0.0,6.8632,0.0,0.0,0.0,1.0,6.8632,True,6.8632
153335#3,18.06,13.89,augtime,preseed,False,0,782.061,13.89,0.0,0.0,1.3002,0.0,0.0,0.0,1.0,1.3002,False,1.3002
-153336,80.03,13.89,augtime,preseed,False,0,782.061,13.89,0.0,0.0,5.7617,0.0,0.0,0.0,1.0,5.7617,False,5.7617
-153419,80.19,13.89,augtime,preseed,False,1,782.061,13.89,0.0,0.0,5.7732,0.0,0.0,0.0,1.0,5.7732,True,5.7732
-153644,57.25,13.89,augtime,preseed,False,1,782.061,13.89,0.0,0.0,4.1217,0.0,0.0,0.0,1.0,4.1217,True,4.1217
153336,80.67,13.89,augtime,preseed,False,0,782.061,13.89,0.0,0.0,5.8078,0.0,0.0,0.0,1.0,5.8078,False,5.8078
153337,93.75,13.89,augtime,preseed,False,1,800.798,13.89,0.0,0.0,6.7495,0.0,0.0,0.0,1.0,6.7495,True,6.7495
153339#0,46.13,13.89,augtime,preseed,False,0,782.061,13.89,0.0,0.0,3.3211,0.0,0.0,0.0,1.0,3.3211,False,3.3211
-153339#1,55.77,13.89,augtime,preseed,False,0,782.061,13.89,0.0,0.0,4.0151,0.0,0.0,0.0,1.0,4.0151,False,4.0151
-153340,108.7,13.89,augtime,preseed,False,0,782.061,13.89,0.0,0.0,7.8258,0.0,0.0,0.0,1.0,7.8258,False,7.8258
-153468#2,228.66,13.89,augtime,preseed,False,0,782.061,13.89,0.0,0.0,16.4622,0.0,0.0,0.0,1.0,16.4622,False,16.4622
-153479#9,149.04,13.89,augtime,preseed,False,1,782.061,13.89,0.0,2611.796,10.73,0.0,0.0,0.0,1.0,10.73,True,10.73
153479#11,130.83,13.89,augtime,preseed,False,1,782.061,13.89,0.0,0.0,9.419,0.0,0.0,0.0,1.0,9.419,True,9.419
153340,105.82,13.89,augtime,preseed,False,0,782.061,13.89,0.0,0.0,7.6184,0.0,0.0,0.0,1.0,7.6184,False,7.6184
-153341,52.52,13.89,augtime,preseed,False,0,782.061,13.89,0.0,0.0,3.7811,0.0,0.0,0.0,1.0,3.7811,False,3.7811
-153476#24,38.08,13.89,augtime,ema_unlocked,False,7,463.142,13.873,0.0005,1416.101,2.7449,0.0,0.057,0.0,1.0,2.7449,True,2.7415
153341,52.52,13.89,augtime,preseed,False,0,782.061,13.89,0.0,0.0,3.7811,0.0,0.0,0.0,1.0,3.7811,False,3.7811
153476#25,19.83,13.89,augtime,ema_unlocked,False,10,623.285,13.89,0.0,1081.316,1.4276,0.0,0.1076,0.0,1.0,1.4276,True,1.4276
153343#0,612.85,13.89,augtime,preseed,False,0,782.061,13.89,0.0,0.0,44.1217,0.0,0.0,0.0,1.0,44.1217,False,44.1217
-153343#1,645.23,13.89,augtime,preseed,False,0,782.061,13.89,0.0,0.0,46.4528,0.0,0.0,0.0,1.0,46.4528,False,46.4528
153343#2,37.76,13.89,augtime,preseed,False,0,782.061,13.89,0.0,0.0,2.7185,0.0,0.0,0.0,1.0,2.7185,False,2.7185
153348#0,275.82,13.89,augtime,preseed,False,0,782.061,13.89,0.0,0.0,19.8575,0.0,0.0,0.0,1.0,19.8575,False,19.8575
-153343#3,53.75,13.89,augtime,preseed,False,0,782.061,13.89,0.0,0.0,3.8697,0.0,0.0,0.0,1.0,3.8697,False,3.8697
-153347#1,428.34,13.89,augtime,preseed,False,0,782.061,13.89,0.0,0.0,30.838,0.0,0.0,0.0,1.0,30.838,False,30.838
153347#2,4201.78,13.89,augtime,preseed,False,0,782.061,13.89,0.0,0.0,302.504,0.0,0.0,0.0,1.0,302.504,False,302.504
-153345,176.59,13.89,augtime,preseed,False,0,782.061,13.89,0.0,0.0,12.7135,0.0,0.0,0.0,1.0,12.7135,False,12.7135
-153346,88.08,13.89,augtime,preseed,False,0,782.061,13.89,0.0,0.0,6.3413,0.0,0.0,0.0,1.0,6.3413,False,6.3413
152547,227.92,13.89,augtime,preseed,False,1,782.061,13.89,0.0,0.0,16.4089,0.0,0.0,0.0,1.0,16.4089,True,16.4089
153345,174.3,13.89,augtime,preseed,False,0,782.061,13.89,0.0,0.0,12.5486,0.0,0.0,0.0,1.0,12.5486,False,12.5486
153346,85.36,13.89,augtime,preseed,False,0,782.061,13.89,0.0,0.0,6.1454,0.0,0.0,0.0,1.0,6.1454,False,6.1454
-153347#0,254.2,13.89,augtime,preseed,False,0,782.061,13.89,0.0,0.0,18.3009,0.0,0.0,0.0,1.0,18.3009,False,18.3009
-153349#4,271.0,13.89,augtime,preseed,False,0,782.061,13.89,0.0,0.0,19.5104,0.0,0.0,0.0,1.0,19.5104,False,19.5104
153347#1,440.06,13.89,augtime,preseed,False,0,782.061,13.89,0.0,0.0,31.6818,0.0,0.0,0.0,1.0,31.6818,False,31.6818
-153347#2,4209.29,13.89,augtime,preseed,False,0,782.061,13.89,0.0,0.0,303.0446,0.0,0.0,0.0,1.0,303.0446,False,303.0446
-153348#1,573.51,13.89,augtime,preseed,False,0,782.061,13.89,0.0,0.0,41.2894,0.0,0.0,0.0,1.0,41.2894,False,41.2894
-153580,126.33,13.89,augtime,preseed,False,0,782.061,13.89,0.0,0.0,9.095,0.0,0.0,0.0,1.0,9.095,False,9.095
153348#2,147.32,13.89,augtime,preseed,False,0,782.061,13.89,0.0,0.0,10.6062,0.0,0.0,0.0,1.0,10.6062,False,10.6062
-153348#2,151.17,13.89,augtime,preseed,False,0,782.061,13.89,0.0,0.0,10.8834,0.0,0.0,0.0,1.0,10.8834,False,10.8834
-153350,113.65,13.89,augtime,preseed,False,0,782.061,13.89,0.0,0.0,8.1821,0.0,0.0,0.0,1.0,8.1821,False,8.1821
153351,56.34,13.89,augtime,preseed,False,0,782.061,13.89,0.0,0.0,4.0562,0.0,0.0,0.0,1.0,4.0562,False,4.0562
153485#0,53.05,13.89,augtime,preseed,False,0,782.061,13.89,0.0,0.0,3.8193,0.0,0.0,0.0,1.0,3.8193,False,3.8193
153350,125.22,13.89,augtime,preseed,False,0,782.061,13.89,0.0,0.0,9.0151,0.0,0.0,0.0,1.0,9.0151,False,9.0151
-153359#1,299.79,13.89,augtime,ema_unlocked,False,2,662.864,13.89,0.0,0.0,21.5832,0.0,0.0,0.0,1.0,21.5832,True,21.5832
153354#0,43.92,13.89,augtime,ema_unlocked,False,1,687.214,13.89,0.0,0.0,3.162,0.0,0.0,0.0,1.0,3.162,True,3.162
153358#0,186.86,13.89,augtime,preseed,False,0,782.061,13.89,0.0,0.0,13.4528,0.0,0.0,0.0,1.0,13.4528,False,13.4528
-153354#2,322.99,13.89,augtime,ema_unlocked,False,2,426.434,13.89,0.0,14905.484,23.2534,0.0,0.2516,0.0,1.0,23.2534,True,23.2534
-153357#1,608.93,13.89,augtime,preseed,False,0,782.061,13.89,0.0,0.0,43.8395,0.0,0.0,0.0,1.0,43.8395,False,43.8395
153357#2,184.89,13.89,augtime,ema_unlocked,False,1,1027.639,13.89,0.0,0.0,13.311,0.0,0.0,0.0,1.0,13.311,True,13.311
-153355#0,58.69,13.89,augtime,preseed,False,0,782.061,13.89,0.0,0.0,4.2253,0.0,0.0,0.0,1.0,4.2253,False,4.2253
153355#1,39.41,13.89,augtime,preseed,False,0,782.061,13.89,0.0,0.0,2.8373,0.0,0.0,0.0,1.0,2.8373,False,2.8373
-153355#1,48.35,13.89,augtime,preseed,False,0,782.061,13.89,0.0,0.0,3.4809,0.0,0.0,0.0,1.0,3.4809,False,3.4809
153355#0,45.09,13.89,augtime,preseed,False,0,782.061,13.89,0.0,0.0,3.2462,0.0,0.0,0.0,1.0,3.2462,False,3.2462
153355#2,17.59,13.89,augtime,preseed,False,0,782.061,13.89,0.0,0.0,1.2664,0.0,0.0,0.0,1.0,1.2664,False,1.2664
-153358#0,186.27,13.89,augtime,preseed,False,0,782.061,13.89,0.0,0.0,13.4104,0.0,0.0,0.0,1.0,13.4104,False,13.4104
152549,97.49,13.89,augtime,preseed,False,0,782.061,13.89,0.0,0.0,7.0187,0.0,0.0,0.0,1.0,7.0187,False,7.0187
153358#1,136.56,13.89,augtime,preseed,False,0,782.061,13.89,0.0,0.0,9.8315,0.0,0.0,0.0,1.0,9.8315,False,9.8315
-153358#1,132.14,13.89,augtime,preseed,False,0,782.061,13.89,0.0,0.0,9.5133,0.0,0.0,0.0,1.0,9.5133,False,9.5133
-153362#0,166.15,13.89,augtime,preseed,False,0,782.061,13.89,0.0,0.0,11.9618,0.0,0.0,0.0,1.0,11.9618,False,11.9618
153360#0,101.53,13.89,augtime,preseed,False,0,782.061,13.89,0.0,0.0,7.3096,0.0,0.0,0.0,1.0,7.3096,False,7.3096
153362#1,470.1,13.89,augtime,preseed,False,0,782.061,13.89,0.0,0.0,33.8445,0.0,0.0,0.0,1.0,33.8445,False,33.8445
-153361#0,268.25,13.89,augtime,preseed,False,0,782.061,13.89,0.0,0.0,19.3125,0.0,0.0,0.0,1.0,19.3125,False,19.3125
153361#1,228.31,13.89,augtime,preseed,False,1,782.061,13.89,0.0,0.0,16.437,0.0,0.0,0.0,1.0,16.437,True,16.437
-153361#2,18.09,13.89,augtime,preseed,False,0,782.061,13.89,0.0,0.0,1.3024,0.0,0.0,0.0,1.0,1.3024,False,1.3024
-153363#0,262.64,13.89,augtime,preseed,False,0,782.061,13.89,0.0,0.0,18.9086,0.0,0.0,0.0,1.0,18.9086,False,18.9086
153363#1,248.36,13.89,augtime,preseed,False,0,782.061,13.89,0.0,0.0,17.8805,0.0,0.0,0.0,1.0,17.8805,False,17.8805
153363#0,265.39,13.89,augtime,preseed,False,0,782.061,13.89,0.0,0.0,19.1066,0.0,0.0,0.0,1.0,19.1066,False,19.1066
-153363#1,249.54,13.89,augtime,preseed,False,0,782.061,13.89,0.0,0.0,17.9654,0.0,0.0,0.0,1.0,17.9654,False,17.9654
153363#2,44.85,13.89,augtime,preseed,False,0,782.061,13.89,0.0,0.0,3.2289,0.0,0.0,0.0,1.0,3.2289,False,3.2289
-153364#0,103.81,13.89,augtime,preseed,False,0,782.061,13.89,0.0,0.0,7.4737,0.0,0.0,0.0,1.0,7.4737,False,7.4737
153364#1,135.52,13.89,augtime,preseed,False,0,782.061,13.89,0.0,0.0,9.7567,0.0,0.0,0.0,1.0,9.7567,False,9.7567
153364#0,101.57,13.89,augtime,preseed,False,0,782.061,13.89,0.0,0.0,7.3125,0.0,0.0,0.0,1.0,7.3125,False,7.3125
-153364#1,132.68,13.89,augtime,preseed,False,1,782.061,13.89,0.0,0.0,9.5522,0.0,0.0,0.0,1.0,9.5522,True,9.5522
-153480#3,61.06,13.89,augtime,preseed,False,4,992.773,13.89,0.0,0.0,4.396,0.0,0.0,0.0,1.0,4.396,True,4.396
153480#4,164.02,13.89,augtime,preseed,False,2,520.891,13.89,0.0,0.0,11.8085,0.0,0.0,0.0,1.0,11.8085,True,11.8085
-153365#0,103.32,13.89,augtime,ema_unlocked,False,1,576.862,13.89,0.0,0.0,7.4384,0.0,0.0,0.0,1.0,7.4384,True,7.4384
153365#1,264.43,13.89,augtime,ema_unlocked,False,1,721.16,13.89,0.0,0.0,19.0374,0.0,0.0,0.0,1.0,19.0374,True,19.0374
152346#1,15.53,13.89,augtime,ema_unlocked,False,5,1495.874,13.89,0.0,0.0,1.1181,0.0,0.0,0.0,1.0,1.1181,True,1.1181
153365#0,108.12,13.89,augtime,ema_unlocked,False,1,1281.807,13.89,0.0,0.0,7.784,0.0,0.0,0.0,1.0,7.784,True,7.784
-153365#3,117.5,13.89,augtime,ema_unlocked,False,1,552.779,13.89,0.0,0.0,8.4593,0.0,0.0,0.0,1.0,8.4593,True,8.4593
153365#4,255.5,13.89,augtime,ema_unlocked,False,1,801.112,13.89,0.0,0.0,18.3945,0.0,0.0,0.0,1.0,18.3945,True,18.3945
-153366#0,114.23,13.89,augtime,preseed,False,0,782.061,13.89,0.0,0.0,8.2239,0.0,0.0,0.0,1.0,8.2239,False,8.2239
153366#1,131.52,13.89,augtime,preseed,False,0,782.061,13.89,0.0,0.0,9.4687,0.0,0.0,0.0,1.0,9.4687,False,9.4687
-153366#1,129.47,13.89,augtime,preseed,False,0,782.061,13.89,0.0,0.0,9.3211,0.0,0.0,0.0,1.0,9.3211,False,9.3211
153367#0,62.77,13.89,augtime,preseed,False,0,782.061,13.89,0.0,0.0,4.5191,0.0,0.0,0.0,1.0,4.5191,False,4.5191
-153368#1,573.32,13.89,augtime,preseed,False,2,829.711,13.89,0.0,0.0,41.2757,0.0,0.0,0.0,1.0,41.2757,True,41.2757
-153372#2,187.67,13.89,augtime,preseed,False,3,581.428,13.89,0.0,0.0,13.5112,0.0,0.0,0.0,1.0,13.5112,True,13.5112
153372#3,495.95,13.89,augtime,preseed,False,1,782.061,13.89,0.0,0.0,35.7055,0.0,0.0,0.0,1.0,35.7055,True,35.7055
-153371#2,232.31,13.89,augtime,preseed,False,0,782.061,13.89,0.0,0.0,16.725,0.0,0.0,0.0,1.0,16.725,False,16.725
153371#3,316.02,13.89,augtime,preseed,False,0,782.061,13.89,0.0,0.0,22.7516,0.0,0.0,0.0,1.0,22.7516,False,22.7516
-153371#4,61.6,13.89,augtime,preseed,False,0,782.061,13.89,0.0,0.0,4.4348,0.0,0.0,0.0,1.0,4.4348,False,4.4348
152512#4,17.11,13.89,augtime,preseed,False,1,782.061,13.89,0.0,0.0,1.2318,0.0,0.0,0.0,1.0,1.2318,True,1.2318
-153372#1,96.38,13.89,augtime,preseed,False,1,782.061,13.89,0.0,0.0,6.9388,0.0,0.0,0.0,1.0,6.9388,True,6.9388
153372#2,187.0,13.89,augtime,preseed,False,2,825.34,13.89,0.0,0.0,13.4629,0.0,0.0,0.0,1.0,13.4629,True,13.4629
153480#0,100.12,13.89,augtime,preseed,False,3,805.011,13.89,0.0,0.0,7.2081,0.0,0.0,0.0,1.0,7.2081,True,7.2081
-153374#1,107.34,13.89,augtime,preseed,False,1,801.54,13.89,0.0,10251.803,7.7279,0.0,0.3275,0.0,1.0,7.7279,True,7.7279
153374#2,10.61,13.89,augtime,preseed,False,2,861.772,13.89,0.0,0.0,0.7639,0.0,0.0,0.0,1.0,0.7639,True,0.7639
-153374#10,114.02,13.89,augtime,preseed,False,1,775.016,13.89,0.0,0.0,8.2088,0.0,0.0,0.0,1.0,8.2088,True,8.2088
153374#11,59.39,13.89,augtime,preseed,False,2,782.061,13.89,0.0,0.0,4.2757,0.0,0.0,0.0,1.0,4.2757,True,4.2757
-153374#9,270.04,13.89,augtime,preseed,False,1,800.053,13.89,0.0,0.0,19.4413,0.0,0.0,0.0,1.0,19.4413,True,19.4413
153374#10,108.46,13.89,augtime,preseed,False,2,782.061,13.89,0.0,0.0,7.8085,0.0,0.0,0.0,1.0,7.8085,True,7.8085
-153374#11,68.87,13.89,augtime,preseed,False,1,775.605,13.89,0.0,0.0,4.9582,0.0,0.0,0.0,1.0,4.9582,True,4.9582
153374#12,23.82,13.89,augtime,preseed,False,2,782.061,13.89,0.0,0.0,1.7149,0.0,0.0,0.0,1.0,1.7149,True,1.7149
-153374#12,23.28,13.89,augtime,preseed,False,1,820.452,13.89,0.0,0.0,1.676,0.0,0.0,0.0,1.0,1.676,True,1.676
153374#13,116.4,13.89,augtime,preseed,False,2,782.061,13.89,0.0,0.0,8.3801,0.0,0.0,0.0,1.0,8.3801,True,8.3801
-153374#13,112.69,13.89,augtime,preseed,False,1,815.899,13.89,0.0,0.0,8.113,0.0,0.0,0.0,1.0,8.113,True,8.113
153374#14,78.6,13.89,augtime,preseed,False,2,782.061,13.89,0.0,0.0,5.6587,0.0,0.0,0.0,1.0,5.6587,True,5.6587
-153374#14,71.89,13.89,augtime,preseed,False,1,825.588,13.89,0.0,0.0,5.1757,0.0,0.0,0.0,1.0,5.1757,True,5.1757
-153374#2,10.61,13.89,augtime,preseed,False,0,782.061,13.89,0.0,0.0,0.7639,0.0,0.0,0.0,1.0,0.7639,False,0.7639
153374#3,43.51,13.89,augtime,preseed,False,2,919.595,13.89,0.0,0.0,3.1325,0.0,0.0,0.0,1.0,3.1325,True,3.1325
-153374#3,44.47,13.89,augtime,preseed,False,0,782.061,13.89,0.0,0.0,3.2016,0.0,0.0,0.0,1.0,3.2016,False,3.2016
153374#4,68.38,13.89,augtime,preseed,False,2,709.282,13.89,0.0,0.0,4.923,0.0,0.0,0.0,1.0,4.923,True,4.923
-153374#4,64.56,13.89,augtime,preseed,False,0,782.061,13.89,0.0,0.0,4.6479,0.0,0.0,0.0,1.0,4.6479,False,4.6479
153374#5,219.27,13.89,augtime,preseed,False,2,721.141,13.89,0.0,0.0,15.7862,0.0,0.0,0.0,1.0,15.7862,True,15.7862
-153374#5,228.66,13.89,augtime,preseed,False,0,782.061,13.89,0.0,0.0,16.4622,0.0,0.0,0.0,1.0,16.4622,False,16.4622
153374#6,236.25,13.89,augtime,preseed,False,2,782.061,13.89,0.0,0.0,17.0086,0.0,0.0,0.0,1.0,17.0086,True,17.0086
-153374#8,13.62,13.89,augtime,preseed,False,1,795.248,13.89,0.0,0.0,0.9806,0.0,0.0,0.0,1.0,0.9806,True,0.9806
153374#9,270.77,13.89,augtime,preseed,False,2,782.061,13.89,0.0,0.0,19.4939,0.0,0.0,0.0,1.0,19.4939,True,19.4939
-153378#2,49.92,13.89,augtime,preseed,False,1,815.637,13.858,0.0006,5814.332,3.6023,0.0,0.4895,0.0,1.0,3.6023,True,3.594
153376,52.42,13.89,augtime,preseed,False,1,782.061,13.89,0.0,0.0,3.7739,0.0,0.0,0.0,1.0,3.7739,True,3.7739
-153379,76.88,13.89,augtime,preseed,False,0,782.061,13.89,0.0,0.0,5.5349,0.0,0.0,0.0,1.0,5.5349,False,5.5349
153379,76.17,13.89,augtime,preseed,False,1,782.061,13.89,0.0,0.0,5.4838,0.0,0.0,0.0,1.0,5.4838,True,5.4838
-153380#0,24.27,13.89,augtime,preseed,False,0,782.061,13.89,0.0,0.0,1.7473,0.0,0.0,0.0,1.0,1.7473,False,1.7473
153380#1,50.83,13.89,augtime,preseed,False,0,782.061,13.89,0.0,0.0,3.6595,0.0,0.0,0.0,1.0,3.6595,False,3.6595
153380#0,25.51,13.89,augtime,preseed,False,0,782.061,13.89,0.0,0.0,1.8366,0.0,0.0,0.0,1.0,1.8366,False,1.8366
-153380#1,42.98,13.89,augtime,preseed,False,0,782.061,13.89,0.0,0.0,3.0943,0.0,0.0,0.0,1.0,3.0943,False,3.0943
153380#2,62.15,13.89,augtime,preseed,False,0,782.061,13.89,0.0,0.0,4.4744,0.0,0.0,0.0,1.0,4.4744,False,4.4744
153565#0,9.92,13.89,augtime,preseed,False,0,782.061,13.89,0.0,0.0,0.7142,0.0,0.0,0.0,1.0,0.7142,False,0.7142
-153380#2,65.41,13.89,augtime,preseed,False,0,782.061,13.89,0.0,0.0,4.7091,0.0,0.0,0.0,1.0,4.7091,False,4.7091
153380#3,183.9,13.89,augtime,preseed,False,0,782.061,13.89,0.0,0.0,13.2397,0.0,0.0,0.0,1.0,13.2397,False,13.2397
-153380#3,174.4,13.89,augtime,preseed,False,1,782.061,13.89,0.0,0.0,12.5558,0.0,0.0,0.0,1.0,12.5558,True,12.5558
153380#4,27.71,13.89,augtime,preseed,False,0,782.061,13.89,0.0,0.0,1.995,0.0,0.0,0.0,1.0,1.995,False,1.995
152512#1,83.07,13.89,augtime,preseed,False,0,782.061,13.89,0.0,0.0,5.9806,0.0,0.0,0.0,1.0,5.9806,False,5.9806
153381#0,146.14,13.89,augtime,preseed,False,1,782.061,13.89,0.0,0.0,10.5212,0.0,0.0,0.0,1.0,10.5212,True,10.5212
-153381#1,210.55,13.89,augtime,preseed,False,0,782.061,13.89,0.0,0.0,15.1584,0.0,0.0,0.0,1.0,15.1584,False,15.1584
153381#2,103.33,13.89,augtime,preseed,False,1,782.061,13.89,0.0,0.0,7.4392,0.0,0.0,0.0,1.0,7.4392,True,7.4392
-153381#2,117.43,13.89,augtime,preseed,False,0,782.061,13.89,0.0,0.0,8.4543,0.0,0.0,0.0,1.0,8.4543,False,8.4543
153381#3,136.64,13.89,augtime,preseed,False,1,782.061,13.89,0.0,0.0,9.8373,0.0,0.0,0.0,1.0,9.8373,True,9.8373
-153381#3,122.73,13.89,augtime,preseed,False,0,782.061,13.89,0.0,0.0,8.8359,0.0,0.0,0.0,1.0,8.8359,False,8.8359
-153576,85.69,13.89,augtime,preseed,False,0,782.061,13.89,0.0,0.0,6.1692,0.0,0.0,0.0,1.0,6.1692,False,6.1692
153381#4,262.72,13.89,augtime,preseed,False,1,782.061,13.89,0.0,0.0,18.9143,0.0,0.0,0.0,1.0,18.9143,True,18.9143
-153381#7,242.14,13.89,augtime,preseed,False,0,782.061,13.89,0.0,0.0,17.4327,0.0,0.0,0.0,1.0,17.4327,False,17.4327
-153383#1,55.66,13.89,augtime,preseed,False,1,782.061,13.89,0.0,0.0,4.0072,0.0,0.0,0.0,1.0,4.0072,True,4.0072
153383#2,163.75,13.89,augtime,preseed,False,4,573.593,13.865,0.0003,4749.816,11.8106,0.0,0.0,0.0,1.0,11.8106,True,11.7891
-153382,96.33,13.89,augtime,preseed,False,0,782.061,13.89,0.0,0.0,6.9352,0.0,0.0,0.0,1.0,6.9352,False,6.9352
153411,163.21,13.89,augtime,preseed,False,0,782.061,13.89,0.0,0.0,11.7502,0.0,0.0,0.0,1.0,11.7502,False,11.7502
153382,96.42,13.89,augtime,preseed,False,0,782.061,13.89,0.0,0.0,6.9417,0.0,0.0,0.0,1.0,6.9417,False,6.9417
-153383#3,363.34,13.89,augtime,preseed,False,1,782.061,13.89,0.0,0.0,26.1584,0.0,0.0,0.0,1.0,26.1584,True,26.1584
153383#4,78.59,13.89,augtime,preseed,False,2,596.246,13.89,0.0,0.0,5.658,0.0,0.0,0.0,1.0,5.658,True,5.658
-153385#0,316.74,13.89,augtime,ema_unlocked,False,1,123.914,13.89,0.0,2950.164,22.8035,0.0,0.022,0.0,1.0,22.8035,True,22.8035
153385#1,202.76,13.89,augtime,preseed,False,4,836.337,13.659,0.0002,0.0,14.845,0.0,0.0,0.0,1.0,14.845,True,14.5976
-153387#0,523.0,13.89,augtime,preseed,False,1,812.466,13.89,0.0,0.0,37.653,0.0,0.0,0.0,1.0,37.653,True,37.653
-153392#1,550.27,13.89,augtime,preseed,False,4,803.173,13.89,0.0,0.0,39.6163,0.0,0.0,0.0,1.0,39.6163,True,39.6163
153387#1,5.37,13.89,augtime,ema_unlocked,False,5,792.13,13.89,0.0,0.0,0.3866,0.0,0.0,0.0,1.0,0.3866,True,0.3866
-153490#5,154.46,13.89,augtime,preseed,False,1,813.608,13.89,0.0,0.0,11.1202,0.0,0.0,0.0,1.0,11.1202,True,11.1202
153387#0,517.66,13.89,augtime,preseed,False,1,782.061,13.89,0.0,0.0,37.2685,0.0,0.0,0.0,1.0,37.2685,True,37.2685
153490#6,147.67,13.89,augtime,preseed,False,0,782.061,13.89,0.0,0.0,10.6314,0.0,0.0,0.0,1.0,10.6314,False,10.6314
-153387#6,816.05,13.89,augtime,preseed,False,0,782.061,13.89,0.0,0.0,58.7509,0.0,0.0,0.0,1.0,58.7509,False,58.7509
153420#0,117.42,13.89,augtime,preseed,False,1,706.545,13.89,0.0,0.0,8.4536,0.0,0.0,0.0,1.0,8.4536,True,8.4536
153388#0,17.83,13.89,augtime,preseed,False,0,782.061,13.89,0.0,0.0,1.2837,0.0,0.0,0.0,1.0,1.2837,False,1.2837
-153389#3,225.05,13.89,augtime,preseed,False,0,782.061,13.89,0.0,0.0,16.2023,0.0,0.0,0.0,1.0,16.2023,False,16.2023
-153390#1,486.16,13.89,augtime,preseed,False,0,782.061,13.89,0.0,0.0,35.0007,0.0,0.0,0.0,1.0,35.0007,False,35.0007
-153391#1,198.61,13.89,augtime,preseed,False,4,893.321,13.89,0.0,0.0,14.2988,0.0,0.0,0.0,1.0,14.2988,True,14.2988
-153392#0,1.26,13.89,augtime,preseed,False,2,782.061,13.89,0.0,0.0,0.0907,0.0,0.0,0.0,1.0,0.0907,True,0.0907
153392#1,555.02,13.89,augtime,ema_unlocked,False,5,557.1,13.89,0.0,0.0,39.9582,0.0,0.0,0.0,1.0,39.9582,True,39.9582
-153393,326.08,13.89,augtime,preseed,False,0,782.061,13.89,0.0,0.0,23.4759,0.0,0.0,0.0,1.0,23.4759,False,23.4759
-153490#0,79.39,13.89,augtime,preseed,False,0,782.061,13.89,0.0,0.0,5.7156,0.0,0.0,0.0,1.0,5.7156,False,5.7156
153393,319.05,13.89,augtime,preseed,False,0,782.061,13.89,0.0,0.0,22.9698,0.0,0.0,0.0,1.0,22.9698,False,22.9698
153490#1,224.38,13.89,augtime,preseed,False,1,782.061,13.89,0.0,0.0,16.1541,0.0,0.0,0.0,1.0,16.1541,True,16.1541
-153394#4,2.69,13.89,augtime,preseed,False,0,782.061,13.89,0.0,0.0,0.1937,0.0,0.0,0.0,1.0,0.1937,False,0.1937
152649#0,4.75,13.89,augtime,preseed,False,5,884.353,13.89,0.0,0.0,0.342,0.0,0.0,0.0,1.0,0.342,True,0.342
153399#0,25.47,13.89,augtime,preseed,False,1,825.684,13.89,0.0,0.0,1.8337,0.0,0.0,0.0,1.0,1.8337,True,1.8337
153413#0,8.12,13.89,augtime,preseed,False,1,782.061,13.89,0.0,0.0,0.5846,0.0,0.0,0.0,1.0,0.5846,True,0.5846
-153399#1,214.19,13.89,augtime,preseed,False,4,759.19,13.89,0.0,0.0,15.4204,0.0,0.0,0.0,1.0,15.4204,True,15.4204
152933#4,4.88,13.89,augtime,preseed,False,4,567.768,13.736,0.0074,672.534,0.3553,0.0,1.0,0.0,1.0,0.3553,True,0.3513
-153400,11.21,13.89,augtime,preseed,False,0,782.061,13.89,0.0,0.0,0.8071,0.0,0.0,0.0,1.0,0.8071,False,0.8071
153401,83.08,13.89,augtime,preseed,False,3,816.343,13.89,0.0,0.0,5.9813,0.0,0.0,0.0,1.0,5.9813,True,5.9813
-153401,82.81,13.89,augtime,preseed,False,2,782.061,13.89,0.0,0.0,5.9618,0.0,0.0,0.0,1.0,5.9618,True,5.9618
152647#2,17.48,13.89,augtime,preseed,False,3,778.328,13.89,0.0,0.0,1.2585,0.0,0.0,0.0,1.0,1.2585,True,1.2585
-153402,4.36,13.89,augtime,preseed,False,1,822.884,13.89,0.0,0.0,0.3139,0.0,0.0,0.0,1.0,0.3139,True,0.3139
153409,80.11,13.89,augtime,preseed,False,0,782.061,13.89,0.0,0.0,5.7675,0.0,0.0,0.0,1.0,5.7675,False,5.7675
-153416,62.44,13.89,augtime,preseed,False,1,820.724,13.89,0.0,0.0,4.4953,0.0,0.0,0.0,1.0,4.4953,True,4.4953
153402,5.23,13.89,augtime,preseed,False,0,782.061,13.89,0.0,0.0,0.3765,0.0,0.0,0.0,1.0,0.3765,False,0.3765
-153403,55.42,13.89,augtime,preseed,False,1,731.737,13.89,0.0,0.0,3.9899,0.0,0.0,0.0,1.0,3.9899,True,3.9899
153408,24.51,13.89,augtime,preseed,False,0,782.061,13.89,0.0,0.0,1.7646,0.0,0.0,0.0,1.0,1.7646,False,1.7646
-153410#4,36.18,13.89,augtime,preseed,False,3,782.061,13.89,0.0,0.0,2.6048,0.0,0.0,0.0,1.0,2.6048,True,2.6048
153403,56.03,13.89,augtime,preseed,False,0,782.061,13.89,0.0,0.0,4.0338,0.0,0.0,0.0,1.0,4.0338,False,4.0338
153410#5,106.02,13.89,augtime,preseed,False,1,808.427,13.89,0.0,0.0,7.6328,0.0,0.0,0.0,1.0,7.6328,True,7.6328
-153404#0,90.88,13.89,augtime,preseed,False,4,744.92,13.89,0.0,0.0,6.5428,0.0,0.0,0.0,1.0,6.5428,True,6.5428
153404#1,119.91,13.89,augtime,preseed,False,1,710.367,13.89,0.0,0.0,8.6328,0.0,0.0,0.0,1.0,8.6328,True,8.6328
153554#0,16.23,13.89,augtime,preseed,False,0,782.061,13.89,0.0,0.0,1.1685,0.0,0.0,0.0,1.0,1.1685,False,1.1685
-153404#1,115.98,13.89,augtime,preseed,False,3,799.795,13.89,0.0,0.0,8.3499,0.0,0.0,0.0,1.0,8.3499,True,8.3499
153404#3,80.37,13.89,augtime,preseed,False,1,862.774,13.659,0.0003,14030.495,5.8842,0.0,0.8818,0.0,1.0,5.8842,True,5.7862
-153404#4,12.79,13.89,augtime,preseed,False,3,788.882,13.89,0.0,0.0,0.9208,0.0,0.0,0.0,1.0,0.9208,True,0.9208
153404#5,10.41,13.89,augtime,preseed,False,1,782.061,13.89,0.0,0.0,0.7495,0.0,0.0,0.0,1.0,0.7495,True,0.7495
153417,49.84,13.89,augtime,preseed,False,0,782.061,13.89,0.0,0.0,3.5882,0.0,0.0,0.0,1.0,3.5882,False,3.5882
-153404#5,10.41,13.89,augtime,preseed,False,3,787.331,13.89,0.0,0.0,0.7495,0.0,0.0,0.0,1.0,0.7495,True,0.7495
153404#6,24.94,13.89,augtime,preseed,False,4,856.806,13.89,0.0,0.0,1.7955,0.0,0.0,0.0,1.0,1.7955,True,1.7955
-153404#6,22.85,13.89,augtime,preseed,False,3,749.304,13.89,0.0,0.0,1.6451,0.0,0.0,0.0,1.0,1.6451,True,1.6451
153404#7,53.46,13.89,augtime,preseed,False,4,909.609,13.89,0.0,0.0,3.8488,0.0,0.0,0.0,1.0,3.8488,True,3.8488
-153404#7,50.91,13.89,augtime,preseed,False,3,786.428,13.813,0.0016,4781.713,3.6857,0.0,0.3248,0.0,1.0,3.6857,True,3.6652
153404#8,4.19,13.89,augtime,preseed,False,4,700.651,13.89,0.0,0.0,0.3017,0.0,0.0,0.0,1.0,0.3017,True,0.3017
-153407,56.37,13.89,augtime,preseed,False,0,782.061,13.89,0.0,0.0,4.0583,0.0,0.0,0.0,1.0,4.0583,False,4.0583
-153554#0,15.21,13.89,augtime,preseed,False,1,646.524,13.89,0.0,0.0,1.095,0.0,0.0,0.0,1.0,1.095,True,1.095
153407,54.57,13.89,augtime,preseed,False,0,782.061,13.89,0.0,0.0,3.9287,0.0,0.0,0.0,1.0,3.9287,False,3.9287
153554#1,73.8,13.89,augtime,preseed,False,0,782.061,13.89,0.0,0.0,5.3132,0.0,0.0,0.0,1.0,5.3132,False,5.3132
-153408,23.32,13.89,augtime,preseed,False,1,800.15,13.89,0.0,0.0,1.6789,0.0,0.0,0.0,1.0,1.6789,True,1.6789
153416,62.94,13.89,augtime,preseed,False,0,782.061,13.89,0.0,0.0,4.5313,0.0,0.0,0.0,1.0,4.5313,False,4.5313
-153409,90.14,13.89,augtime,preseed,False,1,862.889,13.89,0.0,0.0,6.4896,0.0,0.0,0.0,1.0,6.4896,True,6.4896
-153410#6,66.95,13.89,augtime,preseed,False,1,843.694,13.89,0.0,0.0,4.82,0.0,0.0,0.0,1.0,4.82,True,4.82
-153415#5,80.0,13.89,augtime,preseed,False,1,782.061,13.89,0.0,0.0,5.7595,0.0,0.0,0.0,1.0,5.7595,True,5.7595
153410#7,67.22,13.89,augtime,preseed,False,1,782.061,13.89,0.0,0.0,4.8395,0.0,0.0,0.0,1.0,4.8395,True,4.8395
-153410#0,16.69,13.89,augtime,preseed,False,3,782.061,13.89,0.0,0.0,1.2016,0.0,0.0,0.0,1.0,1.2016,True,1.2016
153410#1,52.17,13.89,augtime,preseed,False,1,782.061,13.89,0.0,0.0,3.7559,0.0,0.0,0.0,1.0,3.7559,True,3.7559
-153423#2,88.03,13.89,augtime,preseed,False,2,918.412,13.89,0.0,13497.903,6.3377,0.0,0.6595,0.0,1.0,6.3377,True,6.3377
153410#0,21.42,13.89,augtime,preseed,False,1,782.061,13.89,0.0,0.0,1.5421,0.0,0.0,0.0,1.0,1.5421,True,1.5421
153423#3,121.19,13.89,augtime,preseed,False,2,782.061,13.89,0.0,0.0,8.725,0.0,0.0,0.0,1.0,8.725,True,8.725
-153410#1,59.09,13.89,augtime,preseed,False,3,782.061,13.89,0.0,0.0,4.2541,0.0,0.0,0.0,1.0,4.2541,True,4.2541
153410#2,65.6,13.89,augtime,preseed,False,1,782.061,13.89,0.0,0.0,4.7228,0.0,0.0,0.0,1.0,4.7228,True,4.7228
-153410#3,6.26,13.89,augtime,preseed,False,0,782.061,13.89,0.0,0.0,0.4507,0.0,0.0,0.0,1.0,0.4507,False,0.4507
153410#4,38.61,13.89,augtime,preseed,False,1,782.061,13.89,0.0,0.0,2.7797,0.0,0.0,0.0,1.0,2.7797,True,2.7797
-153410#5,98.76,13.89,augtime,preseed,False,1,816.185,13.89,0.0,0.0,7.1102,0.0,0.0,0.0,1.0,7.1102,True,7.1102
153410#6,70.29,13.89,augtime,preseed,False,1,782.061,13.89,0.0,0.0,5.0605,0.0,0.0,0.0,1.0,5.0605,True,5.0605
-153410#7,64.82,13.89,augtime,preseed,False,1,782.061,13.89,0.0,0.0,4.6667,0.0,0.0,0.0,1.0,4.6667,True,4.6667
153410#8,20.39,13.89,augtime,preseed,False,1,782.061,13.89,0.0,0.0,1.468,0.0,0.0,0.0,1.0,1.468,True,1.468
-153411,169.2,13.89,augtime,preseed,False,0,782.061,13.89,0.0,0.0,12.1814,0.0,0.0,0.0,1.0,12.1814,False,12.1814
-153412#3,226.73,13.89,augtime,preseed,False,0,782.061,13.89,0.0,0.0,16.3233,0.0,0.0,0.0,1.0,16.3233,False,16.3233
153412#4,30.13,13.89,augtime,preseed,False,3,605.155,13.906,0.0009,434.684,2.1667,0.0,0.0,0.0,1.0,2.1667,True,2.1692
-153412#1,11.03,13.89,augtime,preseed,False,0,782.061,13.89,0.0,0.0,0.7941,0.0,0.0,0.0,1.0,0.7941,False,0.7941
153412#2,321.93,13.89,augtime,preseed,False,2,713.202,13.89,0.0,0.0,23.1771,0.0,0.0,0.0,1.0,23.1771,True,23.1771
-153412#2,323.3,13.89,augtime,preseed,False,0,782.061,13.89,0.0,0.0,23.2757,0.0,0.0,0.0,1.0,23.2757,False,23.2757
-153420#7,410.46,13.89,augtime,preseed,False,0,782.061,13.89,0.0,0.0,29.5508,0.0,0.0,0.0,1.0,29.5508,False,29.5508
153412#3,224.55,13.89,augtime,preseed,False,3,596.514,13.659,0.0001,0.0,16.4403,0.0,0.0,0.0,1.0,16.4403,True,16.1663
-153413#0,9.1,13.89,augtime,preseed,False,1,721.009,13.89,0.0,0.0,0.6551,0.0,0.0,0.0,1.0,0.6551,True,0.6551
153413#1,117.83,13.89,augtime,preseed,False,1,782.061,13.89,0.0,0.0,8.4831,0.0,0.0,0.0,1.0,8.4831,True,8.4831
-153413#1,118.54,13.89,augtime,preseed,False,2,671.991,13.89,0.0,0.0,8.5342,0.0,0.0,0.0,1.0,8.5342,True,8.5342
153413#3,17.12,13.89,augtime,preseed,False,2,782.061,13.89,0.0,0.0,1.2325,0.0,0.0,0.0,1.0,1.2325,True,1.2325
-153413#10,7.39,13.89,augtime,preseed,False,2,795.284,13.89,0.0,0.0,0.532,0.0,0.0,0.0,1.0,0.532,True,0.532
153413#11,82.73,13.89,augtime,preseed,False,1,784.86,13.659,0.0008,0.0,6.057,0.0,0.0,0.0,1.0,6.057,True,5.9561
-153413#9,36.26,13.89,augtime,preseed,False,2,781.42,13.89,0.0,0.0,2.6105,0.0,0.0,0.0,1.0,2.6105,True,2.6105
153413#10,7.03,13.89,augtime,preseed,False,1,705.132,13.89,0.0,0.0,0.5061,0.0,0.0,0.0,1.0,0.5061,True,0.5061
-153413#11,84.84,13.89,augtime,preseed,False,2,729.976,13.89,0.0,0.0,6.108,0.0,0.0,0.0,1.0,6.108,True,6.108
153413#12,67.4,13.89,augtime,preseed,False,1,786.495,13.89,0.0,0.0,4.8524,0.0,0.0,0.0,1.0,4.8524,True,4.8524
-153413#12,66.55,13.89,augtime,preseed,False,2,777.941,13.659,0.0008,0.0,4.8724,0.0,0.0,0.0,1.0,4.8724,True,4.7912
153413#13,19.87,13.89,augtime,preseed,False,1,750.964,13.89,0.0,0.0,1.4305,0.0,0.0,0.0,1.0,1.4305,True,1.4305
-153413#13,20.9,13.89,augtime,preseed,False,2,795.052,13.659,0.0008,0.0,1.5302,0.0,0.0,0.0,1.0,1.5302,True,1.5047
153413#14,18.46,13.89,augtime,ema_unlocked,False,3,571.582,13.659,0.0035,0.0,1.3515,0.0,0.0,0.0,1.0,1.3515,True,1.329
153415#0,79.85,13.89,augtime,ema_unlocked,False,4,1667.446,13.89,0.0,15782.282,5.7487,0.0,0.3232,0.0,1.0,5.7487,True,5.7487
-153413#14,17.66,13.89,augtime,ema_unlocked,False,3,128.624,13.89,0.0,0.0,1.2714,0.0,0.0,0.0,1.0,1.2714,True,1.2714
153413#15,5.19,13.89,augtime,ema_unlocked,False,2,909.348,13.83,0.004,1101.065,0.3753,0.0,1.0,0.0,1.0,0.3753,True,0.3737
-153413#15,4.43,13.89,augtime,ema_unlocked,False,5,1349.518,13.89,0.0,0.0,0.3189,0.0,0.0,0.0,1.0,0.3189,True,0.3189
153413#16,26.81,13.89,augtime,ema_unlocked,False,3,198.542,13.659,0.0011,1234.694,1.9629,0.0,1.0,0.0,1.0,1.9629,True,1.9302
-153413#3,17.12,13.89,augtime,preseed,False,2,665.006,13.89,0.0,295.176,1.2325,0.0,0.0,0.0,1.0,1.2325,True,1.2325
153413#4,52.78,13.89,augtime,preseed,False,1,768.053,13.89,0.0,0.0,3.7999,0.0,0.0,0.0,1.0,3.7999,True,3.7999
-153413#4,51.9,13.89,augtime,preseed,False,2,790.019,13.89,0.0,0.0,3.7365,0.0,0.0,0.0,1.0,3.7365,True,3.7365
153413#5,48.79,13.89,augtime,preseed,False,1,744.107,13.659,0.0014,0.0,3.5721,0.0,0.0,0.0,1.0,3.5721,True,3.5126
-153413#5,48.07,13.89,augtime,preseed,False,2,773.227,13.89,0.0,0.0,3.4608,0.0,0.0,0.0,1.0,3.4608,True,3.4608
153413#6,10.65,13.89,augtime,preseed,False,1,701.26,13.89,0.0,0.0,0.7667,0.0,0.0,0.0,1.0,0.7667,True,0.7667
-153413#6,11.63,13.89,augtime,preseed,False,2,790.657,13.89,0.0,0.0,0.8373,0.0,0.0,0.0,1.0,0.8373,True,0.8373
153413#7,52.88,13.89,augtime,preseed,False,1,751.005,13.89,0.0,0.0,3.8071,0.0,0.0,0.0,1.0,3.8071,True,3.8071
-153413#7,52.45,13.89,augtime,preseed,False,2,778.806,13.89,0.0,0.0,3.7761,0.0,0.0,0.0,1.0,3.7761,True,3.7761
153413#8,26.12,13.89,augtime,preseed,False,1,783.865,13.89,0.0,0.0,1.8805,0.0,0.0,0.0,1.0,1.8805,True,1.8805
-153413#8,24.29,13.89,augtime,preseed,False,2,767.826,13.89,0.0,0.0,1.7487,0.0,0.0,0.0,1.0,1.7487,True,1.7487
153413#9,38.27,13.89,augtime,preseed,False,1,771.65,13.89,0.0,0.0,2.7552,0.0,0.0,0.0,1.0,2.7552,True,2.7552
153649#0,16.31,13.89,augtime,preseed,False,0,782.061,13.89,0.0,0.0,1.1742,0.0,0.0,0.0,1.0,1.1742,False,1.1742
-153414#0,28.05,13.89,augtime,preseed,False,0,782.061,13.89,0.0,0.0,2.0194,0.0,0.0,0.0,1.0,2.0194,False,2.0194
153414#1,53.13,13.89,augtime,preseed,False,0,782.061,13.89,0.0,0.0,3.8251,0.0,0.0,0.0,1.0,3.8251,False,3.8251
153414#0,28.05,13.89,augtime,preseed,False,0,782.061,13.89,0.0,0.0,2.0194,0.0,0.0,0.0,1.0,2.0194,False,2.0194
-153414#1,53.1,13.89,augtime,preseed,False,0,782.061,13.89,0.0,0.0,3.8229,0.0,0.0,0.0,1.0,3.8229,False,3.8229
153414#2,35.2,13.89,augtime,preseed,False,0,782.061,13.89,0.0,0.0,2.5342,0.0,0.0,0.0,1.0,2.5342,False,2.5342
-153415#2,87.08,13.89,augtime,preseed,False,2,782.061,13.89,0.0,0.0,6.2693,0.0,0.0,0.0,1.0,6.2693,True,6.2693
153415#3,122.95,13.89,augtime,preseed,False,2,817.229,13.89,0.0,0.0,8.8517,0.0,0.0,0.0,1.0,8.8517,True,8.8517
-153415#4,93.11,13.89,augtime,preseed,False,1,782.061,13.89,0.0,0.0,6.7034,0.0,0.0,0.0,1.0,6.7034,True,6.7034
153415#5,89.27,13.89,augtime,preseed,False,2,784.068,13.89,0.0,0.0,6.4269,0.0,0.0,0.0,1.0,6.4269,True,6.4269
-153417,44.95,13.89,augtime,preseed,False,0,782.061,13.89,0.0,0.0,3.2361,0.0,0.0,0.0,1.0,3.2361,False,3.2361
-153418,63.3,13.89,augtime,preseed,False,0,782.061,13.89,0.0,0.0,4.5572,0.0,0.0,0.0,1.0,4.5572,False,4.5572
-153442#4,48.65,13.89,augtime,preseed,False,1,809.336,13.89,0.0,0.0,3.5025,0.0,0.0,0.0,1.0,3.5025,True,3.5025
152718,87.07,13.89,augtime,preseed,False,1,782.061,13.89,0.0,0.0,6.2685,0.0,0.0,0.0,1.0,6.2685,True,6.2685
153442#5,139.54,13.89,augtime,preseed,False,1,756.968,13.89,0.0,0.0,10.0461,0.0,0.0,0.0,1.0,10.0461,True,10.0461
-153420#1,153.23,13.89,augtime,preseed,False,0,782.061,13.89,0.0,0.0,11.0317,0.0,0.0,0.0,1.0,11.0317,False,11.0317
-153642,86.08,13.89,augtime,preseed,False,0,782.061,13.89,0.0,0.0,6.1973,0.0,0.0,0.0,1.0,6.1973,False,6.1973
153420#2,224.77,13.89,augtime,preseed,False,1,783.445,13.89,0.0,0.0,16.1821,0.0,0.0,0.0,1.0,16.1821,True,16.1821
-153420#3,24.79,13.89,augtime,preseed,False,0,782.061,13.89,0.0,0.0,1.7847,0.0,0.0,0.0,1.0,1.7847,False,1.7847
153420#4,349.81,13.89,augtime,preseed,False,1,679.114,13.89,0.0,0.0,25.1843,0.0,0.0,0.0,1.0,25.1843,True,25.1843
-153420#4,343.02,13.89,augtime,preseed,False,0,782.061,13.89,0.0,0.0,24.6955,0.0,0.0,0.0,1.0,24.6955,False,24.6955
153420#5,264.52,13.89,augtime,preseed,False,1,666.161,13.89,0.0,0.0,19.0439,0.0,0.0,0.0,1.0,19.0439,True,19.0439
-153420#5,276.84,13.89,augtime,preseed,False,0,782.061,13.89,0.0,0.0,19.9309,0.0,0.0,0.0,1.0,19.9309,False,19.9309
153420#6,618.79,13.89,augtime,preseed,False,1,736.108,13.89,0.0,0.0,44.5493,0.0,0.0,0.0,1.0,44.5493,True,44.5493
-153420#6,599.31,13.89,augtime,preseed,False,0,782.061,13.89,0.0,0.0,43.1469,0.0,0.0,0.0,1.0,43.1469,False,43.1469
153420#7,400.82,13.89,augtime,preseed,False,1,670.345,13.89,0.0,0.0,28.8567,0.0,0.0,0.0,1.0,28.8567,True,28.8567
153421#0,211.65,13.89,augtime,preseed,False,0,782.061,13.89,0.0,0.0,15.2376,0.0,0.0,0.0,1.0,15.2376,False,15.2376
-153421#2,168.2,13.89,augtime,preseed,False,0,782.061,13.89,0.0,0.0,12.1094,0.0,0.0,0.0,1.0,12.1094,False,12.1094
153421#3,172.3,13.89,augtime,preseed,False,0,782.061,13.89,0.0,0.0,12.4046,0.0,0.0,0.0,1.0,12.4046,False,12.4046
-153421#3,167.64,13.89,augtime,preseed,False,0,782.061,13.89,0.0,0.0,12.0691,0.0,0.0,0.0,1.0,12.0691,False,12.0691
153421#4,136.74,13.89,augtime,preseed,False,0,782.061,13.89,0.0,0.0,9.8445,0.0,0.0,0.0,1.0,9.8445,False,9.8445
-153422,136.35,13.89,augtime,preseed,False,0,782.061,13.89,0.0,0.0,9.8164,0.0,0.0,0.0,1.0,9.8164,False,9.8164
153422,136.22,13.89,augtime,preseed,False,0,782.061,13.89,0.0,0.0,9.8071,0.0,0.0,0.0,1.0,9.8071,False,9.8071
-153423#1,129.96,13.89,augtime,preseed,False,2,848.946,13.89,0.0,0.0,9.3564,0.0,0.0,0.0,1.0,9.3564,True,9.3564
153423#2,87.65,13.89,augtime,preseed,False,0,782.061,13.89,0.0,0.0,6.3103,0.0,0.0,0.0,1.0,6.3103,False,6.3103
-153425,11.93,13.89,augtime,preseed,False,0,782.061,13.89,0.0,0.0,0.8589,0.0,0.0,0.0,1.0,0.8589,False,0.8589
-153432,18.28,13.89,augtime,preseed,False,0,782.061,13.89,0.0,0.0,1.3161,0.0,0.0,0.0,1.0,1.3161,False,1.3161
153434,10.23,13.89,augtime,preseed,False,0,782.061,13.89,0.0,0.0,0.7365,0.0,0.0,0.0,1.0,0.7365,False,0.7365
-153426#0,16.64,13.89,augtime,preseed,False,0,782.061,13.89,0.0,0.0,1.198,0.0,0.0,0.0,1.0,1.198,False,1.198
153425,14.67,13.89,augtime,preseed,False,0,782.061,13.89,0.0,0.0,1.0562,0.0,0.0,0.0,1.0,1.0562,False,1.0562
153426#1,99.45,13.89,augtime,preseed,False,0,782.061,13.89,0.0,0.0,7.1598,0.0,0.0,0.0,1.0,7.1598,False,7.1598
-153430,58.23,13.89,augtime,preseed,False,0,782.061,13.89,0.0,0.0,4.1922,0.0,0.0,0.0,1.0,4.1922,False,4.1922
153426#0,17.54,13.89,augtime,preseed,False,0,782.061,13.89,0.0,0.0,1.2628,0.0,0.0,0.0,1.0,1.2628,False,1.2628
153429,36.95,13.89,augtime,preseed,False,1,782.061,13.89,0.0,0.0,2.6602,0.0,0.0,0.0,1.0,2.6602,True,2.6602
153427#0,79.06,13.89,augtime,preseed,False,0,782.061,13.89,0.0,0.0,5.6919,0.0,0.0,0.0,1.0,5.6919,False,5.6919
-153427#9,2.71,13.89,augtime,preseed,False,0,782.061,13.89,0.0,0.0,0.1951,0.0,0.0,0.0,1.0,0.1951,False,0.1951
153427#10,265.03,13.89,augtime,preseed,False,0,782.061,13.89,0.0,0.0,19.0806,0.0,0.0,0.0,1.0,19.0806,False,19.0806
-153427#12,47.44,13.89,augtime,preseed,False,0,782.061,13.89,0.0,0.0,3.4154,0.0,0.0,0.0,1.0,3.4154,False,3.4154
153430,61.2,13.89,augtime,preseed,False,1,782.061,13.89,0.0,0.0,4.406,0.0,0.0,0.0,1.0,4.406,True,4.406
-153451#5,42.32,13.89,augtime,preseed,False,1,797.608,13.89,0.0,0.0,3.0468,0.0,0.0,0.0,1.0,3.0468,True,3.0468
153435#0,203.13,13.89,augtime,preseed,False,4,775.431,13.89,0.0,0.0,14.6242,0.0,0.0,0.0,1.0,14.6242,True,14.6242
153451#6,15.65,13.89,augtime,ema_unlocked,False,7,1379.795,13.913,0.0006,1683.792,1.1248,0.0,0.0424,0.0,1.0,1.1248,True,1.1267
-153435#3,53.28,13.89,augtime,ema_unlocked,False,1,2459.273,13.89,0.0,0.0,3.8359,0.0,0.0,0.0,1.0,3.8359,True,3.8359
152416#1,3.8,13.89,augtime,preseed,False,4,794.16,13.89,0.0,0.0,0.2736,0.0,0.0,0.0,1.0,0.2736,True,0.2736
153436,1329.48,13.89,augtime,ema_unlocked,False,2,1020.259,13.89,0.0,0.0,95.7149,0.0,0.0,0.0,1.0,95.7149,True,95.7149
153437,161.18,13.89,augtime,preseed,False,0,782.061,13.89,0.0,0.0,11.604,0.0,0.0,0.0,1.0,11.604,False,11.604
153438,131.33,13.89,augtime,preseed,False,0,782.061,13.89,0.0,0.0,9.455,0.0,0.0,0.0,1.0,9.455,False,9.455
-153440#0,204.26,13.89,augtime,preseed,False,1,782.061,13.89,0.0,21209.318,14.7055,0.0,0.4221,0.0,1.0,14.7055,True,14.7055
-153441#3,13.79,13.89,augtime,preseed,False,3,734.95,13.89,0.0,0.0,0.9928,0.0,0.0,0.0,1.0,0.9928,True,0.9928
153440#1,18.3,13.89,augtime,preseed,False,2,706.453,13.89,0.0,0.0,1.3175,0.0,0.0,0.0,1.0,1.3175,True,1.3175
-153440#2,179.66,13.89,augtime,preseed,False,2,782.061,13.89,0.0,0.0,12.9345,0.0,0.0,0.0,1.0,12.9345,True,12.9345
153440#3,22.03,13.89,augtime,preseed,False,2,621.246,13.89,0.0,0.0,1.586,0.0,0.0,0.0,1.0,1.586,True,1.586
-153440#3,22.85,13.89,augtime,preseed,False,2,782.061,13.89,0.0,0.0,1.6451,0.0,0.0,0.0,1.0,1.6451,True,1.6451
153440#4,117.66,13.89,augtime,preseed,False,2,761.281,13.89,0.0,0.0,8.4708,0.0,0.0,0.0,1.0,8.4708,True,8.4708
-153441#2,247.08,13.89,augtime,preseed,False,3,739.504,13.89,0.0,0.0,17.7883,0.0,0.0,0.0,1.0,17.7883,True,17.7883
153441#3,17.94,13.89,augtime,preseed,False,3,782.061,13.89,0.0,0.0,1.2916,0.0,0.0,0.0,1.0,1.2916,True,1.2916
-153442#0,30.87,13.89,augtime,preseed,False,1,668.029,13.89,0.0,0.0,2.2225,0.0,0.0,0.0,1.0,2.2225,True,2.2225
153442#1,71.73,13.89,augtime,preseed,False,1,631.5,13.89,0.0,0.0,5.1641,0.0,0.0,0.0,1.0,5.1641,True,5.1641
153442#0,30.87,13.89,augtime,preseed,False,1,831.331,13.89,0.0,0.0,2.2225,0.0,0.0,0.0,1.0,2.2225,True,2.2225
-153442#1,71.49,13.89,augtime,preseed,False,1,865.246,13.89,0.0,0.0,5.1469,0.0,0.0,0.0,1.0,5.1469,True,5.1469
153442#2,51.78,13.89,augtime,preseed,False,1,687.174,13.89,0.0,0.0,3.7279,0.0,0.0,0.0,1.0,3.7279,True,3.7279
-153442#2,50.5,13.89,augtime,preseed,False,1,806.586,13.89,0.0,0.0,3.6357,0.0,0.0,0.0,1.0,3.6357,True,3.6357
153442#3,189.97,13.89,augtime,preseed,False,1,683.776,13.89,0.0,0.0,13.6767,0.0,0.0,0.0,1.0,13.6767,True,13.6767
-153442#3,194.35,13.89,augtime,preseed,False,1,817.455,13.89,0.0,0.0,13.9921,0.0,0.0,0.0,1.0,13.9921,True,13.9921
153442#4,37.92,13.89,augtime,preseed,False,1,794.473,13.89,0.0,0.0,2.73,0.0,0.0,0.0,1.0,2.73,True,2.73
-153444#2,32.66,13.89,augtime,preseed,False,2,830.605,13.89,0.0,0.0,2.3513,0.0,0.0,0.0,1.0,2.3513,True,2.3513
153444#3,47.59,13.89,augtime,preseed,False,1,782.061,13.89,0.0,0.0,3.4262,0.0,0.0,0.0,1.0,3.4262,True,3.4262
-153445#0,179.03,13.89,augtime,preseed,False,3,728.575,13.89,0.0,0.0,12.8891,0.0,0.0,0.0,1.0,12.8891,True,12.8891
153445#1,125.66,13.89,augtime,preseed,False,1,782.061,13.89,0.0,0.0,9.0468,0.0,0.0,0.0,1.0,9.0468,True,9.0468
-153447,107.81,13.89,augtime,preseed,False,0,782.061,13.89,0.0,0.0,7.7617,0.0,0.0,0.0,1.0,7.7617,False,7.7617
-153448,32.79,13.89,augtime,preseed,False,0,782.061,13.89,0.0,0.0,2.3607,0.0,0.0,0.0,1.0,2.3607,False,2.3607
153448,32.79,13.89,augtime,preseed,False,0,782.061,13.89,0.0,0.0,2.3607,0.0,0.0,0.0,1.0,2.3607,False,2.3607
153484#0,9.49,13.89,augtime,preseed,False,0,782.061,13.89,0.0,0.0,0.6832,0.0,0.0,0.0,1.0,0.6832,False,0.6832
-153449#0,4.63,13.89,augtime,preseed,False,0,782.061,13.89,0.0,0.0,0.3333,0.0,0.0,0.0,1.0,0.3333,False,0.3333
153449#1,43.77,13.89,augtime,preseed,False,2,782.061,13.89,0.0,0.0,3.1512,0.0,0.0,0.0,1.0,3.1512,True,3.1512
-153449#1,40.62,13.89,augtime,preseed,False,0,782.061,13.89,0.0,0.0,2.9244,0.0,0.0,0.0,1.0,2.9244,False,2.9244
153449#2,26.21,13.89,augtime,preseed,False,2,782.061,13.89,0.0,0.0,1.887,0.0,0.0,0.0,1.0,1.887,True,1.887
-153449#10,86.37,13.89,augtime,preseed,False,0,782.061,13.89,0.0,0.0,6.2181,0.0,0.0,0.0,1.0,6.2181,False,6.2181
153449#11,153.87,13.89,augtime,preseed,False,2,782.061,13.89,0.0,0.0,11.0778,0.0,0.0,0.0,1.0,11.0778,True,11.0778
-153449#9,64.15,13.89,augtime,preseed,False,0,782.061,13.89,0.0,0.0,4.6184,0.0,0.0,0.0,1.0,4.6184,False,4.6184
153449#10,80.95,13.89,augtime,preseed,False,2,782.061,13.89,0.0,0.0,5.8279,0.0,0.0,0.0,1.0,5.8279,True,5.8279
-153449#11,154.9,13.89,augtime,preseed,False,0,782.061,13.89,0.0,0.0,11.1519,0.0,0.0,0.0,1.0,11.1519,False,11.1519
-153449#2,19.2,13.89,augtime,preseed,False,0,782.061,13.89,0.0,0.0,1.3823,0.0,0.0,0.0,1.0,1.3823,False,1.3823
153449#3,10.61,13.89,augtime,preseed,False,2,782.061,13.89,0.0,0.0,0.7639,0.0,0.0,0.0,1.0,0.7639,True,0.7639
-153449#3,19.03,13.89,augtime,preseed,False,0,782.061,13.89,0.0,0.0,1.3701,0.0,0.0,0.0,1.0,1.3701,False,1.3701
153449#4,16.27,13.89,augtime,preseed,False,2,782.061,13.89,0.0,0.0,1.1713,0.0,0.0,0.0,1.0,1.1713,True,1.1713
-153449#4,14.94,13.89,augtime,preseed,False,0,782.061,13.89,0.0,0.0,1.0756,0.0,0.0,0.0,1.0,1.0756,False,1.0756
153449#5,9.83,13.89,augtime,preseed,False,2,782.061,13.89,0.0,0.0,0.7077,0.0,0.0,0.0,1.0,0.7077,True,0.7077
-153449#6,20.62,13.89,augtime,preseed,False,0,782.061,13.89,0.0,0.0,1.4845,0.0,0.0,0.0,1.0,1.4845,False,1.4845
153449#7,37.57,13.89,augtime,preseed,False,2,782.061,13.89,0.0,0.0,2.7048,0.0,0.0,0.0,1.0,2.7048,True,2.7048
-153449#7,41.82,13.89,augtime,preseed,False,0,782.061,13.89,0.0,0.0,3.0108,0.0,0.0,0.0,1.0,3.0108,False,3.0108
153449#8,63.64,13.89,augtime,preseed,False,2,782.061,13.89,0.0,0.0,4.5817,0.0,0.0,0.0,1.0,4.5817,True,4.5817
153564,31.89,13.89,augtime,preseed,False,0,782.061,13.89,0.0,0.0,2.2959,0.0,0.0,0.0,1.0,2.2959,False,2.2959
-153450,37.37,13.89,augtime,preseed,False,0,782.061,13.89,0.0,0.0,2.6904,0.0,0.0,0.0,1.0,2.6904,False,2.6904
-153476#1,43.66,13.89,augtime,preseed,False,3,782.061,13.89,0.0,0.0,3.1433,0.0,0.0,0.0,1.0,3.1433,True,3.1433
153476#2,33.07,13.89,augtime,ema_unlocked,False,6,1363.46,13.89,0.0,3772.64,2.3808,0.0,0.0811,0.0,1.0,2.3808,True,2.3808
-153451#2,41.59,13.89,augtime,ema_unlocked,False,4,1320.412,13.89,0.0,0.0,2.9942,0.0,0.0,0.0,1.0,2.9942,True,2.9942
153451#3,43.48,13.89,augtime,ema_unlocked,False,8,279.368,13.89,0.0,0.0,3.1303,0.0,0.0,0.0,1.0,3.1303,True,3.1303
153488#0,181.21,13.89,augtime,preseed,False,0,782.061,13.89,0.0,0.0,13.0461,0.0,0.0,0.0,1.0,13.0461,False,13.0461
-153451#4,108.49,13.89,augtime,ema_unlocked,False,4,1548.295,13.89,0.0,0.0,7.8107,0.0,0.0,0.0,1.0,7.8107,True,7.8107
153451#5,40.86,13.89,augtime,ema_unlocked,False,7,408.617,13.89,0.0,0.0,2.9417,0.0,0.0,0.0,1.0,2.9417,True,2.9417
153456#0,266.0,13.89,augtime,preseed,False,2,685.186,13.856,0.0001,10424.31,19.1978,0.0,0.0,0.0,1.0,19.1978,True,19.1505
-153452#0,2256.43,13.89,augtime,preseed,False,4,787.023,13.89,0.0,0.0,162.45,0.0,0.0,0.0,1.0,162.45,True,162.45
153452#1,33.65,13.89,augtime,ema_unlocked,False,9,88.905,13.89,0.0,261.379,2.4226,0.0,0.1068,0.0,1.0,2.4226,True,2.4226
153457,2091.18,13.89,augtime,preseed,False,3,782.061,13.89,0.0,0.0,150.5529,0.0,0.0,0.0,1.0,150.5529,True,150.5529
153452#0,2261.54,13.89,augtime,ema_unlocked,False,9,502.298,13.633,0.0,0.0,165.8899,0.0,0.0,0.0,1.0,165.8899,True,162.8179
-153453#0,9.85,13.89,augtime,preseed,False,0,782.061,13.89,0.0,0.0,0.7091,0.0,0.0,0.0,1.0,0.7091,False,0.7091
153453#1,147.48,13.89,augtime,preseed,False,0,782.061,13.89,0.0,0.0,10.6177,0.0,0.0,0.0,1.0,10.6177,False,10.6177
153453#0,9.85,13.89,augtime,preseed,False,0,782.061,13.89,0.0,0.0,0.7091,0.0,0.0,0.0,1.0,0.7091,False,0.7091
153454#0,49.98,13.89,augtime,preseed,False,1,910.121,13.89,0.0,0.0,3.5983,0.0,0.0,0.0,1.0,3.5983,True,3.5983
153455#0,102.65,13.89,augtime,preseed,False,0,782.061,13.89,0.0,0.0,7.3902,0.0,0.0,0.0,1.0,7.3902,False,7.3902
-153457,2106.48,13.89,augtime,preseed,False,1,854.441,13.89,0.0,0.0,151.6544,0.0,0.0,0.0,1.0,151.6544,True,151.6544
-153459#0,218.9,13.89,augtime,ema_unlocked,False,3,438.429,13.89,0.0,673.408,15.7595,0.0,0.0,0.0,1.0,15.7595,True,15.7595
153459#1,1646.32,13.89,augtime,ema_unlocked,False,1,265.8,13.89,0.0,0.0,118.5256,0.0,0.0,0.0,1.0,118.5256,True,118.5256
-153458#1,269.51,13.89,augtime,ema_unlocked,False,5,1141.333,13.89,0.0,0.0,19.4032,0.0,0.0,0.0,1.0,19.4032,True,19.4032
153005#0,69.24,13.89,augtime,ema_unlocked,False,1,193.836,13.89,0.0,0.0,4.9849,0.0,0.0,0.0,1.0,4.9849,True,4.9849
-153460,108.92,13.89,augtime,ema_unlocked,False,1,1136.206,13.659,0.0002,0.0,7.9745,0.0,0.0,0.0,1.0,7.9745,True,7.8416
-153461#0,8.66,13.89,augtime,preseed,False,0,782.061,13.89,0.0,0.0,0.6235,0.0,0.0,0.0,1.0,0.6235,False,0.6235
153461#1,57.77,13.89,augtime,preseed,False,0,782.061,13.89,0.0,0.0,4.1591,0.0,0.0,0.0,1.0,4.1591,False,4.1591
-153461#1,57.4,13.89,augtime,preseed,False,0,782.061,13.89,0.0,0.0,4.1325,0.0,0.0,0.0,1.0,4.1325,False,4.1325
-153462#0,140.84,13.89,augtime,preseed,False,0,782.061,13.89,0.0,0.0,10.1397,0.0,0.0,0.0,1.0,10.1397,False,10.1397
153462#1,107.52,13.89,augtime,preseed,False,0,782.061,13.89,0.0,0.0,7.7408,0.0,0.0,0.0,1.0,7.7408,False,7.7408
-153462#1,109.85,13.89,augtime,preseed,False,0,782.061,13.89,0.0,0.0,7.9086,0.0,0.0,0.0,1.0,7.9086,False,7.9086
-153465#2,84.85,13.89,augtime,preseed,False,0,782.061,13.89,0.0,0.0,6.1087,0.0,0.0,0.0,1.0,6.1087,False,6.1087
153462#2,33.16,13.89,augtime,preseed,False,0,782.061,13.89,0.0,0.0,2.3873,0.0,0.0,0.0,1.0,2.3873,False,2.3873
-153462#2,29.37,13.89,augtime,preseed,False,0,782.061,13.89,0.0,0.0,2.1145,0.0,0.0,0.0,1.0,2.1145,False,2.1145
153462#3,25.17,13.89,augtime,preseed,False,0,782.061,13.89,0.0,0.0,1.8121,0.0,0.0,0.0,1.0,1.8121,False,1.8121
-153462#3,24.0,13.89,augtime,preseed,False,0,782.061,13.89,0.0,0.0,1.7279,0.0,0.0,0.0,1.0,1.7279,False,1.7279
153462#4,52.38,13.89,augtime,preseed,False,0,782.061,13.89,0.0,0.0,3.7711,0.0,0.0,0.0,1.0,3.7711,False,3.7711
-153462#5,47.79,13.89,augtime,preseed,False,0,782.061,13.89,0.0,0.0,3.4406,0.0,0.0,0.0,1.0,3.4406,False,3.4406
-153476#11,18.24,13.89,augtime,ema_unlocked,False,6,255.328,13.89,0.0,0.0,1.3132,0.0,0.0,0.0,1.0,1.3132,True,1.3132
153476#12,50.81,13.89,augtime,ema_unlocked,False,10,972.0,13.89,0.0,0.0,3.658,0.0,0.0,0.0,1.0,3.658,True,3.658
153463,98.31,13.89,augtime,preseed,False,0,782.061,13.89,0.0,0.0,7.0778,0.0,0.0,0.0,1.0,7.0778,False,7.0778
153464,120.32,13.89,augtime,preseed,False,0,782.061,13.89,0.0,0.0,8.6623,0.0,0.0,0.0,1.0,8.6623,False,8.6623
-153465#1,35.67,13.89,augtime,preseed,False,0,782.061,13.89,0.0,0.0,2.568,0.0,0.0,0.0,1.0,2.568,False,2.568
153465#2,84.92,13.89,augtime,preseed,False,0,782.061,13.89,0.0,0.0,6.1138,0.0,0.0,0.0,1.0,6.1138,False,6.1138
-153466,54.56,13.89,augtime,preseed,False,0,782.061,13.89,0.0,0.0,3.928,0.0,0.0,0.0,1.0,3.928,False,3.928
-153467#0,112.97,13.89,augtime,preseed,False,0,782.061,13.89,0.0,0.0,8.1332,0.0,0.0,0.0,1.0,8.1332,False,8.1332
153467#1,44.25,13.89,augtime,preseed,False,0,782.061,13.89,0.0,0.0,3.1857,0.0,0.0,0.0,1.0,3.1857,False,3.1857
153466,54.61,13.89,augtime,preseed,False,0,782.061,13.89,0.0,0.0,3.9316,0.0,0.0,0.0,1.0,3.9316,False,3.9316
-153468#0,20.99,13.89,augtime,preseed,False,0,782.061,13.89,0.0,0.0,1.5112,0.0,0.0,0.0,1.0,1.5112,False,1.5112
153468#1,14.95,13.89,augtime,preseed,False,0,782.061,13.89,0.0,0.0,1.0763,0.0,0.0,0.0,1.0,1.0763,False,1.0763
-153473#0,278.88,13.89,augtime,preseed,False,0,782.061,13.89,0.0,0.0,20.0778,0.0,0.0,0.0,1.0,20.0778,False,20.0778
153469#0,15.56,13.89,augtime,preseed,False,0,782.061,13.89,0.0,0.0,1.1202,0.0,0.0,0.0,1.0,1.1202,False,1.1202
153473#1,275.33,13.89,augtime,preseed,False,0,782.061,13.89,0.0,0.0,19.8222,0.0,0.0,0.0,1.0,19.8222,False,19.8222
-153469#1,134.13,13.89,augtime,preseed,False,0,782.061,13.89,0.0,0.0,9.6566,0.0,0.0,0.0,1.0,9.6566,False,9.6566
-153472#3,26.83,13.89,augtime,preseed,False,0,782.061,13.89,0.0,0.0,1.9316,0.0,0.0,0.0,1.0,1.9316,False,1.9316
153470,187.2,13.89,augtime,preseed,False,0,782.061,13.89,0.0,0.0,13.4773,0.0,0.0,0.0,1.0,13.4773,False,13.4773
153474,375.43,13.89,augtime,preseed,False,0,782.061,13.89,0.0,0.0,27.0288,0.0,0.0,0.0,1.0,27.0288,False,27.0288
-153471,155.98,13.89,augtime,preseed,False,0,782.061,13.89,0.0,0.0,11.2297,0.0,0.0,0.0,1.0,11.2297,False,11.2297
-153475#0,53.95,13.89,augtime,preseed,False,0,782.061,13.89,0.0,0.0,3.8841,0.0,0.0,0.0,1.0,3.8841,False,3.8841
153471,141.4,13.89,augtime,preseed,False,0,782.061,13.89,0.0,0.0,10.18,0.0,0.0,0.0,1.0,10.18,False,10.18
153475#1,26.33,13.89,augtime,preseed,False,0,782.061,13.89,0.0,0.0,1.8956,0.0,0.0,0.0,1.0,1.8956,False,1.8956
-153472#0,498.14,13.89,augtime,preseed,False,0,782.061,13.89,0.0,0.0,35.8632,0.0,0.0,0.0,1.0,35.8632,False,35.8632
153472#1,320.24,13.89,augtime,preseed,False,0,782.061,13.89,0.0,0.0,23.0554,0.0,0.0,0.0,1.0,23.0554,False,23.0554
-153473#3,28.0,13.89,augtime,preseed,False,0,782.061,13.89,0.0,0.0,2.0158,0.0,0.0,0.0,1.0,2.0158,False,2.0158
153473#4,486.05,13.89,augtime,preseed,False,0,782.061,13.89,0.0,0.0,34.9928,0.0,0.0,0.0,1.0,34.9928,False,34.9928
-153472#1,318.03,13.89,augtime,preseed,False,0,782.061,13.89,0.0,0.0,22.8963,0.0,0.0,0.0,1.0,22.8963,False,22.8963
153472#2,110.76,13.89,augtime,preseed,False,0,782.061,13.89,0.0,0.0,7.9741,0.0,0.0,0.0,1.0,7.9741,False,7.9741
-153472#2,104.75,13.89,augtime,preseed,False,0,782.061,13.89,0.0,0.0,7.5414,0.0,0.0,0.0,1.0,7.5414,False,7.5414
-153475#2,118.87,13.89,augtime,preseed,False,0,782.061,13.89,0.0,0.0,8.558,0.0,0.0,0.0,1.0,8.558,False,8.558
153472#3,26.59,13.89,augtime,preseed,False,0,782.061,13.89,0.0,0.0,1.9143,0.0,0.0,0.0,1.0,1.9143,False,1.9143
-153473#1,281.0,13.89,augtime,preseed,False,0,782.061,13.89,0.0,0.0,20.2304,0.0,0.0,0.0,1.0,20.2304,False,20.2304
153473#2,100.94,13.89,augtime,preseed,False,0,782.061,13.89,0.0,0.0,7.2671,0.0,0.0,0.0,1.0,7.2671,False,7.2671
-153473#2,101.96,13.89,augtime,preseed,False,0,782.061,13.89,0.0,0.0,7.3405,0.0,0.0,0.0,1.0,7.3405,False,7.3405
153473#3,29.11,13.89,augtime,preseed,False,0,782.061,13.89,0.0,0.0,2.0958,0.0,0.0,0.0,1.0,2.0958,False,2.0958
-153474,379.94,13.89,augtime,preseed,False,0,782.061,13.89,0.0,0.0,27.3535,0.0,0.0,0.0,1.0,27.3535,False,27.3535
-153476#25,20.53,13.89,augtime,ema_unlocked,False,7,474.364,13.89,0.0,0.0,1.478,0.0,0.0,0.0,1.0,1.478,True,1.478
153476#26,364.36,13.89,augtime,ema_unlocked,False,10,1175.814,13.925,0.0001,31797.849,26.1667,0.0,0.0167,0.0,1.0,26.1667,True,26.2318
153479#0,97.51,13.89,augtime,preseed,False,1,782.061,13.89,0.0,0.0,7.0202,0.0,0.0,0.0,1.0,7.0202,True,7.0202
153475#0,52.72,13.89,augtime,preseed,False,0,782.061,13.89,0.0,0.0,3.7955,0.0,0.0,0.0,1.0,3.7955,False,3.7955
-153476#10,148.14,13.89,augtime,ema_unlocked,False,6,209.915,13.89,0.0,0.0,10.6652,0.0,0.0,0.0,1.0,10.6652,True,10.6652
153476#11,18.24,13.89,augtime,ema_unlocked,False,10,1111.441,13.842,0.0011,1715.461,1.3177,0.0,0.0857,0.0,1.0,1.3177,True,1.3132
-153476#12,55.5,13.89,augtime,ema_unlocked,False,6,395.161,13.659,0.0004,0.0,4.0634,0.0,0.0,0.0,1.0,4.0634,True,3.9957
153476#13,252.48,13.89,augtime,ema_unlocked,False,10,1060.272,13.89,0.0,0.0,18.1771,0.0,0.0,0.0,1.0,18.1771,True,18.1771
-153476#14,3.72,13.89,augtime,ema_unlocked,False,3,631.611,13.89,0.0,0.0,0.2678,0.0,0.0,0.0,1.0,0.2678,True,0.2678
153476#15,40.88,13.89,augtime,ema_unlocked,False,10,982.858,13.89,0.0,0.0,2.9431,0.0,0.0,0.0,1.0,2.9431,True,2.9431
-153476#15,46.4,13.89,augtime,ema_unlocked,False,6,516.477,13.89,0.0,0.0,3.3405,0.0,0.0,0.0,1.0,3.3405,True,3.3405
153476#16,249.64,13.89,augtime,ema_unlocked,False,10,1074.416,13.89,0.0,0.0,17.9726,0.0,0.0,0.0,1.0,17.9726,True,17.9726
-153476#16,248.58,13.89,augtime,ema_unlocked,False,6,370.613,13.645,0.0004,6941.409,18.218,0.0,0.014,0.0,1.0,18.218,True,17.8963
153476#17,88.75,13.89,augtime,ema_unlocked,False,10,1123.366,13.89,0.0,0.0,6.3895,0.0,0.0,0.0,1.0,6.3895,True,6.3895
-153476#17,83.9,13.89,augtime,ema_unlocked,False,7,312.45,13.876,0.0006,1940.931,6.0462,0.0,0.0137,0.0,1.0,6.0462,True,6.0403
153476#18,62.05,13.89,augtime,ema_unlocked,False,10,327.77,13.89,0.0,0.0,4.4672,0.0,0.0,0.0,1.0,4.4672,True,4.4672
-153476#18,65.72,13.89,augtime,ema_unlocked,False,7,1435.401,13.89,0.0,0.0,4.7315,0.0,0.0,0.0,1.0,4.7315,True,4.7315
153476#19,30.77,13.89,augtime,ema_unlocked,False,10,2170.137,13.828,0.0005,7405.968,2.2252,0.0,0.2668,0.0,1.0,2.2252,True,2.2153
-153476#23,9.01,13.89,augtime,ema_unlocked,False,5,330.867,13.89,0.0,0.0,0.6487,0.0,0.0,0.0,1.0,0.6487,True,0.6487
153476#24,38.61,13.89,augtime,ema_unlocked,False,10,861.858,13.89,0.0,2496.998,2.7797,0.0,0.0211,0.0,1.0,2.7797,True,2.7797
-153476#3,16.14,13.89,augtime,preseed,False,3,782.061,13.89,0.0,0.0,1.162,0.0,0.0,0.0,1.0,1.162,True,1.162
-153643,34.06,13.89,augtime,preseed,False,0,782.061,13.89,0.0,0.0,2.4521,0.0,0.0,0.0,1.0,2.4521,False,2.4521
153476#5,12.85,13.89,augtime,ema_unlocked,False,6,1310.591,13.659,0.0013,0.0,0.9408,0.0,0.0,0.0,1.0,0.9408,True,0.9251
-153476#6,45.85,13.89,augtime,preseed,False,3,782.061,13.89,0.0,1378.837,3.3009,0.0,0.0,0.0,1.0,3.3009,True,3.3009
153476#7,30.44,13.89,augtime,ema_unlocked,False,6,1494.143,13.89,0.0,3697.217,2.1915,0.0,0.0646,0.0,1.0,2.1915,True,2.1915
-153476#7,36.74,13.89,augtime,preseed,False,3,782.061,13.89,0.0,0.0,2.6451,0.0,0.0,0.0,1.0,2.6451,True,2.6451
153476#8,193.1,13.89,augtime,ema_unlocked,False,10,1032.805,13.89,0.0,15728.065,13.9021,0.0,0.0477,0.0,1.0,13.9021,True,13.9021
-153476#8,189.22,13.89,augtime,preseed,False,3,782.061,13.659,0.0001,0.0,13.8536,0.0,0.0,0.0,1.0,13.8536,True,13.6228
153476#9,19.45,13.89,augtime,ema_unlocked,False,10,1394.42,13.89,0.0,2205.625,1.4003,0.0,0.0648,0.0,1.0,1.4003,True,1.4003
153478,543.0,13.89,augtime,ema_unlocked,False,9,721.732,13.89,0.0,0.0,39.0929,0.0,0.0,0.0,1.0,39.0929,True,39.0929
-153479#0,104.65,13.89,augtime,preseed,False,1,782.061,13.89,0.0,0.0,7.5342,0.0,0.0,0.0,1.0,7.5342,True,7.5342
153479#1,14.83,13.89,augtime,preseed,False,1,782.061,13.89,0.0,0.0,1.0677,0.0,0.0,0.0,1.0,1.0677,True,1.0677
-153479#1,14.83,13.89,augtime,preseed,False,1,782.061,13.89,0.0,0.0,1.0677,0.0,0.0,0.0,1.0,1.0677,True,1.0677
153479#2,72.45,13.89,augtime,preseed,False,1,782.061,13.89,0.0,0.0,5.216,0.0,0.0,0.0,1.0,5.216,True,5.216
-153479#2,69.73,13.89,augtime,preseed,False,1,782.061,13.89,0.0,0.0,5.0202,0.0,0.0,0.0,1.0,5.0202,True,5.0202
153479#3,10.47,13.89,augtime,preseed,False,1,782.061,13.89,0.0,0.0,0.7538,0.0,0.0,0.0,1.0,0.7538,True,0.7538
-153479#5,100.23,13.89,augtime,preseed,False,1,782.061,13.89,0.0,0.0,7.216,0.0,0.0,0.0,1.0,7.216,True,7.216
153479#6,14.33,13.89,augtime,preseed,False,1,782.061,13.89,0.0,0.0,1.0317,0.0,0.0,0.0,1.0,1.0317,True,1.0317
-153479#6,14.28,13.89,augtime,preseed,False,1,782.061,13.89,0.0,0.0,1.0281,0.0,0.0,0.0,1.0,1.0281,True,1.0281
153479#7,461.15,13.89,augtime,preseed,False,1,782.061,13.89,0.0,0.0,33.2001,0.0,0.0,0.0,1.0,33.2001,True,33.2001
-153479#7,476.68,13.89,augtime,preseed,False,1,782.061,13.89,0.0,0.0,34.3182,0.0,0.0,0.0,1.0,34.3182,True,34.3182
153479#8,118.5,13.89,augtime,preseed,False,1,782.061,13.89,0.0,0.0,8.5313,0.0,0.0,0.0,1.0,8.5313,True,8.5313
-153479#8,121.77,13.89,augtime,preseed,False,1,782.061,13.89,0.0,0.0,8.7667,0.0,0.0,0.0,1.0,8.7667,True,8.7667
153479#9,148.6,13.89,augtime,preseed,False,1,782.061,13.89,0.0,0.0,10.6983,0.0,0.0,0.0,1.0,10.6983,True,10.6983
-153480#0,107.11,13.89,augtime,preseed,False,4,866.98,13.853,0.0004,11313.669,7.7316,0.0,0.3439,0.0,1.0,7.7316,True,7.7113
153480#1,37.74,13.89,augtime,preseed,False,3,521.889,13.89,0.0,0.0,2.7171,0.0,0.0,0.0,1.0,2.7171,True,2.7171
-153480#4,162.1,13.89,augtime,preseed,False,4,1019.382,13.89,0.0,0.0,11.6703,0.0,0.0,0.0,1.0,11.6703,True,11.6703
153480#5,47.93,13.89,augtime,preseed,False,2,605.814,13.89,0.0,0.0,3.4507,0.0,0.0,0.0,1.0,3.4507,True,3.4507
-153480#5,43.71,13.89,augtime,preseed,False,4,1099.024,13.89,0.0,0.0,3.1469,0.0,0.0,0.0,1.0,3.1469,True,3.1469
153480#6,40.19,13.89,augtime,preseed,False,2,794.683,13.89,0.0,0.0,2.8934,0.0,0.0,0.0,1.0,2.8934,True,2.8934
153546,25.59,13.89,augtime,preseed,False,0,782.061,13.89,0.0,0.0,1.8423,0.0,0.0,0.0,1.0,1.8423,False,1.8423
-153480#6,43.81,13.89,augtime,preseed,False,4,834.842,13.89,0.0,0.0,3.1541,0.0,0.0,0.0,1.0,3.1541,True,3.1541
153480#7,130.04,13.89,augtime,preseed,False,2,766.074,13.89,0.0,0.0,9.3621,0.0,0.0,0.0,1.0,9.3621,True,9.3621
-153480#7,117.72,13.89,augtime,preseed,False,4,985.884,13.89,0.0,0.0,8.4752,0.0,0.0,0.0,1.0,8.4752,True,8.4752
152216,62.48,22.22,augtime,preseed,False,1,1643.846,22.084,0.0006,6811.301,2.8292,0.0,0.2323,0.0,1.0,2.8292,True,2.8119
152585#1,9.65,13.89,augtime,ema_unlocked,False,2,177.577,13.89,0.0,0.0,0.6947,0.0,0.0,0.0,1.0,0.6947,True,0.6947
-153482#1,181.93,13.89,augtime,preseed,False,0,782.061,13.89,0.0,0.0,13.0979,0.0,0.0,0.0,1.0,13.0979,False,13.0979
-153483,38.63,13.89,augtime,preseed,False,0,782.061,13.89,0.0,0.0,2.7811,0.0,0.0,0.0,1.0,2.7811,False,2.7811
-153484#0,7.11,13.89,augtime,preseed,False,0,782.061,13.89,0.0,0.0,0.5119,0.0,0.0,0.0,1.0,0.5119,False,0.5119
153484#1,40.52,13.89,augtime,preseed,False,0,782.061,13.89,0.0,0.0,2.9172,0.0,0.0,0.0,1.0,2.9172,False,2.9172
153483,38.4,13.89,augtime,preseed,False,0,782.061,13.89,0.0,0.0,2.7646,0.0,0.0,0.0,1.0,2.7646,False,2.7646
-153485#0,52.04,13.89,augtime,preseed,False,0,782.061,13.89,0.0,0.0,3.7466,0.0,0.0,0.0,1.0,3.7466,False,3.7466
153485#1,178.49,13.89,augtime,preseed,False,0,782.061,13.89,0.0,0.0,12.8503,0.0,0.0,0.0,1.0,12.8503,False,12.8503
153568,134.74,13.89,augtime,preseed,False,0,782.061,13.89,0.0,0.0,9.7005,0.0,0.0,0.0,1.0,9.7005,False,9.7005
-153485#4,748.54,13.89,augtime,preseed,False,0,782.061,13.89,0.0,0.0,53.8906,0.0,0.0,0.0,1.0,53.8906,False,53.8906
152512#2,5.5,13.89,augtime,preseed,False,0,782.061,13.89,0.0,0.0,0.396,0.0,0.0,0.0,1.0,0.396,False,0.396
-153486,492.83,13.89,augtime,preseed,False,0,782.061,13.89,0.0,0.0,35.4809,0.0,0.0,0.0,1.0,35.4809,False,35.4809
-153487#1,148.18,13.89,augtime,preseed,False,0,782.061,13.89,0.0,0.0,10.6681,0.0,0.0,0.0,1.0,10.6681,False,10.6681
-153489#3,42.47,13.89,augtime,preseed,False,0,782.061,13.89,0.0,0.0,3.0576,0.0,0.0,0.0,1.0,3.0576,False,3.0576
-153491#0,386.31,13.89,augtime,preseed,False,0,782.061,13.89,0.0,0.0,27.8121,0.0,0.0,0.0,1.0,27.8121,False,27.8121
153491#1,26.88,13.89,augtime,preseed,False,0,782.061,13.89,0.0,0.0,1.9352,0.0,0.0,0.0,1.0,1.9352,False,1.9352
-153491#1,32.98,13.89,augtime,preseed,False,0,782.061,13.89,0.0,0.0,2.3744,0.0,0.0,0.0,1.0,2.3744,False,2.3744
153491#2,1.1,13.89,augtime,preseed,False,0,782.061,13.89,0.0,0.0,0.0792,0.0,0.0,0.0,1.0,0.0792,False,0.0792
-153491#3,179.08,13.89,augtime,preseed,False,0,782.061,13.89,0.0,0.0,12.8927,0.0,0.0,0.0,1.0,12.8927,False,12.8927
-153546,21.37,13.89,augtime,preseed,False,0,782.061,13.89,0.0,0.0,1.5385,0.0,0.0,0.0,1.0,1.5385,False,1.5385
-153548#2,89.6,13.89,augtime,preseed,False,0,782.061,13.89,0.0,0.0,6.4507,0.0,0.0,0.0,1.0,6.4507,False,6.4507
153550,133.87,13.89,augtime,preseed,False,0,782.061,13.89,0.0,0.0,9.6379,0.0,0.0,0.0,1.0,9.6379,False,9.6379
153551,121.69,13.89,augtime,preseed,False,0,782.061,13.89,0.0,0.0,8.761,0.0,0.0,0.0,1.0,8.761,False,8.761
153549#0,67.04,13.89,augtime,preseed,False,0,782.061,13.89,0.0,0.0,4.8265,0.0,0.0,0.0,1.0,4.8265,False,4.8265
-153550,133.87,13.89,augtime,preseed,False,0,782.061,13.89,0.0,0.0,9.6379,0.0,0.0,0.0,1.0,9.6379,False,9.6379
-153551,121.69,13.89,augtime,preseed,False,0,782.061,13.89,0.0,0.0,8.761,0.0,0.0,0.0,1.0,8.761,False,8.761
153553,132.07,13.89,augtime,preseed,False,0,782.061,13.89,0.0,0.0,9.5083,0.0,0.0,0.0,1.0,9.5083,False,9.5083
-153554#1,76.19,13.89,augtime,preseed,False,1,786.545,13.89,0.0,0.0,5.4852,0.0,0.0,0.0,1.0,5.4852,True,5.4852
153554#2,29.56,13.89,augtime,preseed,False,0,782.061,13.89,0.0,0.0,2.1281,0.0,0.0,0.0,1.0,2.1281,False,2.1281
-153554#2,27.33,13.89,augtime,preseed,False,1,862.817,13.89,0.0,0.0,1.9676,0.0,0.0,0.0,1.0,1.9676,True,1.9676
-153556,37.74,13.89,augtime,preseed,False,0,782.061,13.89,0.0,0.0,2.7171,0.0,0.0,0.0,1.0,2.7171,False,2.7171
153554#3,42.43,13.89,augtime,preseed,False,1,726.323,13.89,0.0,0.0,3.0547,0.0,0.0,0.0,1.0,3.0547,True,3.0547
-153559#0,247.35,13.89,augtime,preseed,False,2,734.953,13.89,0.0,0.0,17.8078,0.0,0.0,0.0,1.0,17.8078,True,17.8078
153559#1,21.86,13.89,augtime,preseed,False,3,726.007,13.89,0.0,0.0,1.5738,0.0,0.0,0.0,1.0,1.5738,True,1.5738
-153559#1,21.86,13.89,augtime,preseed,False,1,782.061,13.89,0.0,0.0,1.5738,0.0,0.0,0.0,1.0,1.5738,True,1.5738
153559#2,42.48,13.89,augtime,preseed,False,3,702.403,13.89,0.0,0.0,3.0583,0.0,0.0,0.0,1.0,3.0583,True,3.0583
-153560,22.25,13.89,augtime,preseed,False,1,782.061,13.89,0.0,0.0,1.6019,0.0,0.0,0.0,1.0,1.6019,True,1.6019
-153561,71.89,13.89,augtime,preseed,False,0,782.061,13.89,0.0,0.0,5.1757,0.0,0.0,0.0,1.0,5.1757,False,5.1757
-153563,30.93,13.89,augtime,preseed,False,0,782.061,13.89,0.0,0.0,2.2268,0.0,0.0,0.0,1.0,2.2268,False,2.2268
-153564,25.97,13.89,augtime,preseed,False,0,782.061,13.89,0.0,0.0,1.8697,0.0,0.0,0.0,1.0,1.8697,False,1.8697
-153565#0,9.92,13.89,augtime,preseed,False,0,782.061,13.89,0.0,0.0,0.7142,0.0,0.0,0.0,1.0,0.7142,False,0.7142
153565#1,32.45,13.89,augtime,preseed,False,0,782.061,13.89,0.0,0.0,2.3362,0.0,0.0,0.0,1.0,2.3362,False,2.3362
-153565#1,32.45,13.89,augtime,preseed,False,0,782.061,13.89,0.0,0.0,2.3362,0.0,0.0,0.0,1.0,2.3362,False,2.3362
-153566,39.1,13.89,augtime,preseed,False,0,782.061,13.89,0.0,0.0,2.815,0.0,0.0,0.0,1.0,2.815,False,2.815
153567,216.2,13.89,augtime,preseed,False,0,782.061,13.89,0.0,0.0,15.5652,0.0,0.0,0.0,1.0,15.5652,False,15.5652
-153568,121.33,13.89,augtime,preseed,False,0,782.061,13.89,0.0,0.0,8.7351,0.0,0.0,0.0,1.0,8.7351,False,8.7351
-153569#0,536.92,13.89,augtime,preseed,False,0,782.061,13.89,0.0,0.0,38.6551,0.0,0.0,0.0,1.0,38.6551,False,38.6551
-153570,68.26,13.89,augtime,preseed,False,0,782.061,13.89,0.0,0.0,4.9143,0.0,0.0,0.0,1.0,4.9143,False,4.9143
153569#1,669.46,13.89,augtime,preseed,False,0,782.061,13.89,0.0,0.0,48.1973,0.0,0.0,0.0,1.0,48.1973,False,48.1973
-153571,661.75,13.89,augtime,preseed,False,0,782.061,13.89,0.0,0.0,47.6422,0.0,0.0,0.0,1.0,47.6422,False,47.6422
-153572#0,181.42,13.89,augtime,preseed,False,0,782.061,13.89,0.0,0.0,13.0612,0.0,0.0,0.0,1.0,13.0612,False,13.0612
-153581,301.86,13.89,augtime,preseed,False,0,782.061,13.89,0.0,0.0,21.7322,0.0,0.0,0.0,1.0,21.7322,False,21.7322
153572#1,342.56,13.89,augtime,preseed,False,0,782.061,13.89,0.0,0.0,24.6623,0.0,0.0,0.0,1.0,24.6623,False,24.6623
-153572#1,323.31,13.89,augtime,preseed,False,0,782.061,13.89,0.0,0.0,23.2765,0.0,0.0,0.0,1.0,23.2765,False,23.2765
153576,99.02,13.89,augtime,preseed,False,0,782.061,13.89,0.0,0.0,7.1289,0.0,0.0,0.0,1.0,7.1289,False,7.1289
153577,53.81,13.89,augtime,preseed,False,0,782.061,13.89,0.0,0.0,3.874,0.0,0.0,0.0,1.0,3.874,False,3.874
-153578#0,211.28,13.89,augtime,preseed,False,0,782.061,13.89,0.0,0.0,15.2109,0.0,0.0,0.0,1.0,15.2109,False,15.2109
-153578#2,142.27,13.89,augtime,preseed,False,0,782.061,13.89,0.0,0.0,10.2426,0.0,0.0,0.0,1.0,10.2426,False,10.2426
153578#1,213.63,13.89,augtime,preseed,False,0,782.061,13.89,0.0,0.0,15.3801,0.0,0.0,0.0,1.0,15.3801,False,15.3801
153578#0,198.89,13.89,augtime,preseed,False,0,782.061,13.89,0.0,0.0,14.3189,0.0,0.0,0.0,1.0,14.3189,False,14.3189
-153579,113.73,13.89,augtime,preseed,False,0,782.061,13.89,0.0,0.0,8.1879,0.0,0.0,0.0,1.0,8.1879,False,8.1879
153580,114.02,13.89,augtime,preseed,False,0,782.061,13.89,0.0,0.0,8.2088,0.0,0.0,0.0,1.0,8.2088,False,8.2088
-153583#1,86.26,13.89,augtime,preseed,False,0,782.061,13.89,0.0,0.0,6.2102,0.0,0.0,0.0,1.0,6.2102,False,6.2102
153583#0,138.45,13.89,augtime,preseed,False,0,782.061,13.89,0.0,0.0,9.9676,0.0,0.0,0.0,1.0,9.9676,False,9.9676
-153584,300.42,13.89,augtime,preseed,False,0,782.061,13.89,0.0,0.0,21.6285,0.0,0.0,0.0,1.0,21.6285,False,21.6285
-153582,536.15,13.89,augtime,preseed,False,0,782.061,13.89,0.0,0.0,38.5997,0.0,0.0,0.0,1.0,38.5997,False,38.5997
-153583#0,124.89,13.89,augtime,preseed,False,0,782.061,13.89,0.0,0.0,8.9914,0.0,0.0,0.0,1.0,8.9914,False,8.9914
153583#1,101.5,13.89,augtime,preseed,False,0,782.061,13.89,0.0,0.0,7.3074,0.0,0.0,0.0,1.0,7.3074,False,7.3074
153582,537.9,13.89,augtime,preseed,False,0,782.061,13.89,0.0,0.0,38.7257,0.0,0.0,0.0,1.0,38.7257,False,38.7257
153642,82.91,13.89,augtime,preseed,False,0,782.061,13.89,0.0,0.0,5.969,0.0,0.0,0.0,1.0,5.969,False,5.969
153644,52.74,13.89,augtime,preseed,False,1,782.061,13.89,0.0,0.0,3.797,0.0,0.0,0.0,1.0,3.797,True,3.797
-153648,55.58,13.89,augtime,preseed,False,0,782.061,13.89,0.0,0.0,4.0014,0.0,0.0,0.0,1.0,4.0014,False,4.0014
153011#0,64.19,13.89,augtime,preseed,False,1,887.985,13.89,0.0,0.0,4.6213,0.0,0.0,0.0,1.0,4.6213,True,4.6213
153648,55.58,13.89,augtime,preseed,False,1,782.061,13.89,0.0,0.0,4.0014,0.0,0.0,0.0,1.0,4.0014,True,4.0014
-153649#0,16.39,13.89,augtime,preseed,False,0,782.061,13.89,0.0,0.0,1.18,0.0,0.0,0.0,1.0,1.18,False,1.18
153649#1,40.6,13.89,augtime,preseed,False,0,782.061,13.89,0.0,0.0,2.923,0.0,0.0,0.0,1.0,2.923,False,2.923
-153649#1,41.92,13.89,augtime,preseed,False,0,782.061,13.89,0.0,0.0,3.018,0.0,0.0,0.0,1.0,3.018,False,3.018
-153650,39.97,13.89,augtime,preseed,False,0,782.061,13.89,0.0,0.0,2.8776,0.0,0.0,0.0,1.0,2.8776,False,2.8776
153650,40.07,13.89,augtime,preseed,False,0,782.061,13.89,0.0,0.0,2.8848,0.0,0.0,0.0,1.0,2.8848,False,2.8848
152137#1,3.49,13.89,augtime,preseed,False,1,706.229,13.89,0.0,0.0,0.2513,0.0,0.0,0.0,1.0,0.2513,True,0.2513
152138,31.81,13.89,augtime,ema_unlocked,False,9,1603.506,13.659,0.0007,6736.976,2.329,0.0,0.402,0.0,1.0,2.329,True,2.2901
152137#4,7.74,13.89,augtime,ema_unlocked,False,3,733.55,13.52,0.0053,1117.112,0.5725,0.0,0.83,0.0,1.0,0.5725,True,0.5572
152137#5,6.57,13.89,augtime,ema_unlocked,False,3,1027.057,13.89,0.0,0.0,0.473,0.0,0.0,0.0,1.0,0.473,True,0.473
152137#7,1.05,13.89,augtime,ema_unlocked,False,4,455.062,13.659,0.0223,0.0,0.0769,0.0001,0.0,0.0,1.0,0.0769,True,0.0756
152968,244.01,27.78,augtime,ema_unlocked,False,9,2177.138,27.78,0.0,0.0,8.7837,0.0,0.0,0.0,1.0,8.7837,True,8.7837
152151,122.08,5.56,augtime,preseed,False,0,313.05,5.56,0.0,0.0,21.9568,0.0,0.0,0.0,1.0,21.9568,False,21.9568
152152,124.69,5.56,augtime,preseed,False,0,313.05,5.56,0.0,0.0,22.4263,0.0,0.0,0.0,1.0,22.4263,False,22.4263
152528#1,93.25,5.56,augtime,preseed,False,0,313.05,5.56,0.0,0.0,16.7716,0.0,0.0,0.0,1.0,16.7716,False,16.7716
152356,62.39,5.56,augtime,preseed,False,0,313.05,5.56,0.0,0.0,11.2212,0.0,0.0,0.0,1.0,11.2212,False,11.2212
152978,101.69,5.56,augtime,preseed,False,0,313.05,5.56,0.0,0.0,18.2896,0.0,0.0,0.0,1.0,18.2896,False,18.2896
152528#2,40.87,5.56,augtime,preseed,False,0,313.05,5.56,0.0,0.0,7.3507,0.0,0.0,0.0,1.0,7.3507,False,7.3507
152174#0,40.16,13.89,augtime,preseed,False,4,859.851,13.659,0.0022,0.0,2.9403,0.0,0.0,0.0,1.0,2.9403,True,2.8913
152175,7.12,13.89,augtime,ema_unlocked,False,4,437.27,13.89,0.0,0.0,0.5126,0.0,0.0,0.0,1.0,0.5126,True,0.5126
152678,20.77,13.89,augtime,ema_unlocked,False,4,1868.62,13.89,0.0,0.0,1.4953,0.0,0.0,0.0,1.0,1.4953,True,1.4953
152201,35.57,44.44,augtime,ema_unlocked,False,10,3657.288,44.44,0.0,5225.731,0.8004,0.0,0.3926,0.0,1.0,0.8004,True,0.8004
152323#0,169.03,27.78,augtime,ema_unlocked,False,10,776.294,27.774,0.0001,4428.474,6.0859,0.0,0.0,0.0,1.0,6.0859,True,6.0846
152202,19.63,27.78,augtime,preseed,False,4,2444.01,27.78,0.0,0.0,0.7066,0.0,0.0,0.0,1.0,0.7066,True,0.7066
152327,74.03,13.89,augtime,preseed,False,4,927.369,13.89,0.0,0.0,5.3297,0.0,0.0,0.0,1.0,5.3297,True,5.3297
152203,21.1,27.78,augtime,preseed,False,6,1996.648,27.78,0.0,2698.184,0.7595,0.0,0.3896,0.0,1.0,0.7595,True,0.7595
152328#0,33.72,13.89,augtime,preseed,False,6,385.751,13.89,0.0,0.0,2.4276,0.0,0.0,0.0,1.0,2.4276,True,2.4276
152204,16.95,27.78,augtime,preseed,False,6,2297.445,27.78,0.0,0.0,0.6102,0.0,0.0,0.0,1.0,0.6102,True,0.6102
152326,81.14,13.89,augtime,preseed,False,6,371.537,13.89,0.0,133.39,5.8416,0.0,0.0,0.0,1.0,5.8416,True,5.8416
152205,16.27,27.78,augtime,preseed,False,4,2468.226,27.78,0.0,3755.357,0.5857,0.0,0.7989,0.0,1.0,0.5857,True,0.5857
152329,592.08,13.89,augtime,preseed,False,4,840.591,13.89,0.0,0.0,42.6263,0.0,0.0,0.0,1.0,42.6263,True,42.6263
152208,11.84,44.44,augtime,ema_unlocked,False,10,2219.238,44.44,0.0,1636.836,0.2664,0.0,0.8842,0.0,1.0,0.2664,True,0.2664
152516#0,1039.64,27.78,augtime,ema_unlocked,False,10,1976.186,12.527,0.0037,83336.82,82.995,0.0,0.0,0.0,1.0,82.995,True,37.424
152209,12.23,44.44,augtime,ema_unlocked,False,10,2843.429,44.44,0.0,0.0,0.2752,0.0,0.0,0.0,1.0,0.2752,True,0.2752
152518,135.29,27.78,augtime,ema_unlocked,False,10,1183.819,27.945,0.0002,6264.948,4.8414,0.0,0.0466,0.0,1.0,4.8414,True,4.8701
152219,41.07,27.78,augtime,ema_unlocked,False,5,680.51,27.78,0.0,0.0,1.4784,0.0,0.0,0.0,1.0,1.4784,True,1.4784
152221,33.18,27.78,augtime,ema_unlocked,False,5,826.951,27.78,0.0,0.0,1.1944,0.0,0.0,0.0,1.0,1.1944,True,1.1944
152943#0,27.32,13.89,augtime,ema_unlocked,False,9,293.75,13.427,0.0024,850.148,2.0347,0.0,0.2112,0.0,1.0,2.0347,True,1.9669
152230,30.28,27.78,augtime,ema_unlocked,False,10,1873.618,27.023,0.0009,6239.909,1.1205,0.0,0.9861,0.0,1.0,1.1205,True,1.09
152785#0,27.82,13.89,augtime,ema_unlocked,False,10,200.12,13.803,0.0009,783.5,2.0155,0.0,0.4713,0.0,1.0,2.0155,True,2.0029
152231,53.68,13.89,augtime,preseed,False,0,782.061,13.89,0.0,0.0,3.8647,0.0,0.0,0.0,1.0,3.8647,False,3.8647
152234,22.46,27.78,augtime,ema_unlocked,False,10,502.033,27.78,0.0,0.0,0.8085,0.0,0.0,0.0,1.0,0.8085,True,0.8085
152235,94.99,27.78,augtime,ema_unlocked,False,3,2654.672,27.78,0.0,0.0,3.4194,0.0,0.0,0.0,1.0,3.4194,True,3.4194
153338,97.72,13.89,augtime,ema_unlocked,False,3,167.098,13.89,0.0,1835.746,7.0353,0.0,0.2808,0.0,1.0,7.0353,True,7.0353
152258,17.84,44.44,augtime,ema_unlocked,False,10,4006.936,43.699,0.0012,0.0,0.4082,0.0,0.0,0.0,1.0,0.4082,True,0.4014
153628#0,157.01,27.78,augtime,ema_unlocked,False,10,823.214,26.854,0.0002,4795.311,5.8468,0.0,0.0,0.0,1.0,5.8468,True,5.6519
152259,16.65,44.44,augtime,ema_unlocked,False,10,3287.936,44.44,0.0,2551.481,0.3747,0.0,0.5356,0.0,1.0,0.3747,True,0.3747
153627,155.79,27.78,augtime,ema_unlocked,False,10,1794.589,27.751,0.0001,11191.127,5.6139,0.0,0.0554,0.0,1.0,5.6139,True,5.608
152260,246.53,44.44,augtime,ema_unlocked,False,10,4392.616,42.959,0.0004,35604.931,5.7388,0.0,0.2062,0.0,1.0,5.7388,True,5.5475
153631,438.97,27.78,augtime,ema_unlocked,False,10,414.091,27.0,0.0001,8925.803,16.2581,0.0,0.1629,0.0,1.0,16.2581,True,15.8017
152261,250.06,44.44,augtime,ema_unlocked,False,10,6712.661,43.699,0.0001,0.0,5.7223,0.0,0.0,0.0,1.0,5.7223,True,5.6269
153629,1174.82,27.78,augtime,ema_unlocked,False,10,2204.522,18.171,0.004,100235.673,64.6536,0.0,0.0,0.0,1.0,64.6536,True,42.2901
152262,29.16,44.44,augtime,ema_unlocked,False,10,3099.429,44.44,0.0,0.0,0.6562,0.0,0.0,0.0,1.0,0.6562,True,0.6562
153632#0,406.0,27.78,augtime,ema_unlocked,False,10,1073.049,26.391,0.0002,0.0,15.384,0.0,0.0,0.0,1.0,15.384,True,14.6148
152263,27.83,44.44,augtime,ema_unlocked,False,10,5583.398,44.239,0.0005,4035.743,0.6291,0.0,0.0745,0.0,1.0,0.6291,True,0.6262
153630,454.7,27.78,augtime,ema_unlocked,False,10,2655.343,26.598,0.0002,0.0,17.0954,0.0,0.0,0.0,1.0,17.0954,True,16.3679
152264,31.9,44.44,augtime,ema_unlocked,False,10,4637.702,43.699,0.0002,5246.797,0.73,0.0,0.2749,0.0,1.0,0.73,True,0.7178
153633#0,438.26,27.78,augtime,ema_unlocked,False,10,1586.534,25.533,0.0003,27087.98,17.1642,0.0,0.0,0.0,1.0,17.1642,True,15.7761
152271,98.63,22.22,augtime,preseed,False,1,1696.758,22.22,0.0,0.0,4.4388,0.0,0.0,0.0,1.0,4.4388,True,4.4388
152423,278.83,13.89,augtime,preseed,False,1,798.743,13.89,0.0,0.0,20.0742,0.0,0.0,0.0,1.0,20.0742,True,20.0742
152272,626.47,44.44,augtime,ema_unlocked,False,10,7400.516,17.938,0.0041,109016.422,34.9246,0.0,0.0,0.0,1.0,34.9246,True,14.097
152517,132.91,27.78,augtime,ema_unlocked,False,10,1669.751,26.382,0.0004,8647.458,5.038,0.0,0.014,0.0,1.0,5.038,True,4.7844
152273,522.85,44.44,augtime,ema_unlocked,False,10,11891.555,44.283,0.0002,160761.835,11.8069,0.0,0.0725,0.0,1.0,11.8069,True,11.7653
152274,404.7,44.44,augtime,ema_unlocked,False,10,5705.982,44.001,0.0001,66212.714,9.1976,0.0,0.1308,0.0,1.0,9.1976,True,9.1067
152519,172.57,27.78,augtime,ema_unlocked,False,10,1257.017,26.797,0.0007,6953.171,6.44,0.0,0.0,0.0,1.0,6.44,True,6.212
152275,442.89,44.44,augtime,ema_unlocked,False,10,6622.543,43.509,0.0001,81752.483,10.1793,0.0,0.1064,0.0,1.0,10.1793,True,9.966
152520,93.32,27.78,augtime,ema_unlocked,False,10,1810.018,27.274,0.0006,6298.67,3.4216,0.0,0.0085,0.0,1.0,3.4216,True,3.3593
152276,1118.36,44.44,augtime,ema_unlocked,False,10,6199.962,35.402,0.0012,158384.71,31.5901,0.0,0.0,0.0,1.0,31.5901,True,25.1656
152522,1777.04,27.78,augtime,ema_unlocked,False,10,2466.39,10.624,0.0042,157776.263,167.2646,0.0,0.0,0.0,1.0,167.2646,True,63.9683
152277,1107.4,44.44,augtime,ema_unlocked,False,10,3613.862,41.994,0.0006,101855.188,26.3702,0.0,0.0344,0.0,1.0,26.3702,True,24.919
152521,132.29,27.78,augtime,ema_unlocked,False,10,829.42,27.78,0.0,3969.021,4.7621,0.0,0.0024,0.0,1.0,4.7621,True,4.7621
152278,297.23,44.44,augtime,ema_unlocked,False,10,6748.659,44.17,0.0001,60476.478,6.7292,0.0,0.1659,0.0,1.0,6.7292,True,6.6883
152523#0,391.96,27.78,augtime,ema_unlocked,False,10,792.551,27.753,0.0,10945.186,14.1232,0.0,0.0,0.0,1.0,14.1232,True,14.1094
152279,276.02,44.44,augtime,ema_unlocked,False,10,9844.77,44.27,0.0002,77352.07,6.2349,0.0,0.1301,0.0,1.0,6.2349,True,6.2111
152279-AddedOffRampEdge,68.97,44.44,augtime,preseed,False,1,4094.467,43.58,0.0003,0.0,1.5826,0.0,0.0,0.0,1.0,1.5826,True,1.552
152524#0,32.18,27.78,augtime,ema_unlocked,False,10,1053.896,27.317,0.0001,1393.364,1.178,0.0,0.0612,0.0,1.0,1.178,True,1.1584
152280,74.13,27.78,augtime,preseed,False,6,2206.094,27.78,0.0,11097.208,2.6685,0.0,0.4425,0.0,1.0,2.6685,True,2.6685
152532,394.52,13.89,augtime,preseed,False,6,490.28,13.89,0.0,0.0,28.4032,0.0,0.0,0.0,1.0,28.4032,True,28.4032
152530,7.1,13.89,augtime,ema_unlocked,False,10,2096.664,13.304,0.0093,3120.902,0.5337,0.0,0.8946,0.0,1.0,0.5337,True,0.5112
152282,9.37,22.22,augtime,ema_unlocked,False,1,1545.206,22.22,0.0,0.0,0.4217,0.0,0.0,0.0,1.0,0.4217,True,0.4217
152654#1,13.72,13.89,augtime,preseed,False,5,867.635,13.89,0.0,0.0,0.9878,0.0,0.0,0.0,1.0,0.9878,True,0.9878
152295,341.28,13.89,augtime,preseed,False,1,782.061,13.89,0.0,0.0,24.5702,0.0,0.0,0.0,1.0,24.5702,True,24.5702
152297#1,114.17,22.22,augtime,ema_unlocked,False,6,42.788,22.125,0.0005,367.804,5.1601,0.0,0.3329,0.0,1.0,5.1601,True,5.1382
152296,416.4,22.22,augtime,ema_unlocked,False,2,1555.327,22.22,0.0,0.0,18.7399,0.0,0.0,0.0,1.0,18.7399,True,18.7399
153640,13.81,13.89,augtime,preseed,False,0,782.061,13.89,0.0,0.0,0.9942,0.0,0.0,0.0,1.0,0.9942,False,0.9942
152297#0,114.31,22.22,augtime,ema_unlocked,False,9,3003.9,22.22,0.0,0.0,5.1445,0.0,0.0,0.0,1.0,5.1445,True,5.1445
152297#0-AddedOffRampEdge,91.93,22.22,augtime,ema_unlocked,False,9,1586.035,22.22,0.0,0.0,4.1373,0.0,0.0,0.0,1.0,4.1373,True,4.1373
152967,118.33,13.89,augtime,ema_unlocked,False,9,1044.005,13.89,0.0,0.0,8.5191,0.0,0.0,0.0,1.0,8.5191,True,8.5191
152311,102.07,22.22,augtime,ema_unlocked,False,7,1231.139,22.22,0.0,0.0,4.5936,0.0,0.0,0.0,1.0,4.5936,True,4.5936
152312#2,10.68,22.22,augtime,ema_unlocked,False,10,1018.753,22.22,0.0,0.0,0.4806,0.0,0.0,0.0,1.0,0.4806,True,0.4806
152317,151.99,22.22,augtime,preseed,False,1,1745.038,22.22,0.0,0.0,6.8402,0.0,0.0,0.0,1.0,6.8402,True,6.8402
152403,84.07,13.89,augtime,ema_unlocked,False,1,1076.255,13.89,0.0,0.0,6.0526,0.0,0.0,0.0,1.0,6.0526,True,6.0526
152323#1,372.48,27.78,augtime,ema_unlocked,False,10,631.686,27.74,0.0001,7426.243,13.4277,0.0,0.0,0.0,1.0,13.4277,True,13.4082
152324,878.61,13.89,augtime,preseed,False,0,782.061,13.89,0.0,0.0,63.2549,0.0,0.0,0.0,1.0,63.2549,False,63.2549
153633#1,498.58,27.78,augtime,ema_unlocked,False,10,1728.596,26.853,0.0007,32222.118,18.5672,0.0,0.002,0.0,1.0,18.5672,True,17.9474
152928#3,28.53,13.89,augtime,preseed,False,0,782.061,13.89,0.0,0.0,2.054,0.0,0.0,0.0,1.0,2.054,False,2.054
152325#1,245.0,13.89,augtime,preseed,False,4,915.5,13.89,0.0,28828.9,17.6386,0.0,0.3926,0.0,1.0,17.6386,True,17.6386
152410,651.73,13.89,augtime,preseed,False,0,782.061,13.89,0.0,0.0,46.9208,0.0,0.0,0.0,1.0,46.9208,False,46.9208
152328#1,236.48,13.89,augtime,ema_unlocked,False,6,200.088,13.89,0.0,3049.22,17.0252,0.0,0.0,0.0,1.0,17.0252,True,17.0252
152344,167.11,5.56,augtime,preseed,False,0,313.05,5.56,0.0,0.0,30.0558,0.0,0.0,0.0,1.0,30.0558,False,30.0558
152952#1,168.29,5.56,augtime,preseed,False,0,313.05,5.56,0.0,0.0,30.268,0.0,0.0,0.0,1.0,30.268,False,30.268
152953,29.92,5.56,augtime,preseed,False,0,313.05,5.56,0.0,0.0,5.3813,0.0,0.0,0.0,1.0,5.3813,False,5.3813
152350,60.83,13.89,augtime,ema_unlocked,False,3,536.115,13.89,0.0,0.0,4.3794,0.0,0.0,0.0,1.0,4.3794,True,4.3794
152585#2,10.35,13.89,augtime,preseed,False,0,782.061,13.89,0.0,0.0,0.7451,0.0,0.0,0.0,1.0,0.7451,False,0.7451
152986#1,46.43,5.56,augtime,preseed,False,0,313.05,5.56,0.0,0.0,8.3507,0.0,0.0,0.0,1.0,8.3507,False,8.3507
152363#0,14.45,13.89,augtime,ema_unlocked,False,7,549.955,13.89,0.0,0.0,1.0403,0.0,0.0,0.0,1.0,1.0403,True,1.0403
152379,709.02,13.89,augtime,preseed,False,0,782.061,13.89,0.0,0.0,51.0454,0.0,0.0,0.0,1.0,51.0454,False,51.0454
152928#2,4.42,13.89,augtime,preseed,False,0,782.061,13.89,0.0,0.0,0.3182,0.0,0.0,0.0,1.0,0.3182,False,0.3182
153632#1,487.58,27.78,augtime,ema_unlocked,False,10,1309.349,26.333,0.0004,22909.13,18.5158,0.0,0.0,0.0,1.0,18.5158,True,17.5515
152388#0,7.75,13.89,augtime,preseed,False,2,687.342,13.89,0.0,351.103,0.558,0.0,0.0,0.0,1.0,0.558,True,0.558
152389,20.69,13.89,augtime,preseed,False,5,782.061,13.89,0.0,0.0,1.4896,0.0,0.0,0.0,1.0,1.4896,True,1.4896
152816#0,16.94,13.89,augtime,ema_unlocked,False,7,760.804,13.89,0.0,1723.88,1.2196,0.0,0.429,0.0,1.0,1.2196,True,1.2196
152816#1,70.16,13.89,augtime,ema_unlocked,False,7,611.851,13.89,0.0,3572.182,5.0511,0.0,0.0779,0.0,1.0,5.0511,True,5.0511
152388#1,10.46,13.89,augtime,preseed,False,2,1040.713,13.89,0.0,0.0,0.7531,0.0,0.0,0.0,1.0,0.7531,True,0.7531
153641,1186.26,13.89,augtime,ema_unlocked,False,9,294.219,13.468,0.0002,30119.226,88.0791,0.0007,0.0811,0.0,1.0,88.0791,True,85.4039
152395,72.71,13.89,augtime,preseed,False,3,703.242,13.89,0.0,0.0,5.2347,0.0,0.0,0.0,1.0,5.2347,True,5.2347
152397#1,2.76,13.89,augtime,preseed,False,0,782.061,13.89,0.0,0.0,0.1987,0.0,0.0,0.0,1.0,0.1987,False,0.1987
152399#2,11.25,13.89,augtime,ema_unlocked,False,5,1023.641,13.89,0.0,0.0,0.8099,0.0,0.0,0.0,1.0,0.8099,True,0.8099
152405,20.2,13.89,augtime,ema_unlocked,False,4,1960.057,13.89,0.0,0.0,1.4543,0.0,0.0,0.0,1.0,1.4543,True,1.4543
153634#1,12.6,13.89,augtime,ema_unlocked,False,9,1462.606,13.89,0.0,0.0,0.9071,0.0,0.0,0.0,1.0,0.9071,True,0.9071
153636#1,118.84,13.89,augtime,ema_unlocked,False,10,1242.507,13.89,0.0,17797.882,8.5558,0.0,0.3371,0.0,1.0,8.5558,True,8.5558
152424,52.08,5.56,augtime,preseed,False,0,313.05,5.56,0.0,0.0,9.3669,0.0,0.0,0.0,1.0,9.3669,False,9.3669
152533#2,8.67,5.56,augtime,preseed,False,0,313.05,5.56,0.0,0.0,1.5594,0.0,0.0,0.0,1.0,1.5594,False,1.5594
152429,6.87,5.56,augtime,preseed,False,0,313.05,5.56,0.0,0.0,1.2356,0.0,0.0,0.0,1.0,1.2356,False,1.2356
152432,9.48,5.56,augtime,preseed,False,0,313.05,5.56,0.0,0.0,1.705,0.0,0.0,0.0,1.0,1.705,False,1.705
152433,31.89,5.56,augtime,preseed,False,0,313.05,5.56,0.0,0.0,5.7356,0.0,0.0,0.0,1.0,5.7356,False,5.7356
152425,38.98,5.56,augtime,preseed,False,0,313.05,5.56,0.0,0.0,7.0108,0.0,0.0,0.0,1.0,7.0108,False,7.0108
152533#3,52.36,5.56,augtime,preseed,False,0,313.05,5.56,0.0,0.0,9.4173,0.0,0.0,0.0,1.0,9.4173,False,9.4173
152437,17.42,5.56,augtime,preseed,False,0,313.05,5.56,0.0,0.0,3.1331,0.0,0.0,0.0,1.0,3.1331,False,3.1331
152956#2,13.66,5.56,augtime,preseed,False,0,313.05,5.56,0.0,0.0,2.4568,0.0,0.0,0.0,1.0,2.4568,False,2.4568
152430#0,17.14,5.56,augtime,preseed,False,0,313.05,5.56,0.0,0.0,3.0827,0.0,0.0,0.0,1.0,3.0827,False,3.0827
152954#5,107.32,5.56,augtime,preseed,False,0,313.05,5.56,0.0,0.0,19.3022,0.0,0.0,0.0,1.0,19.3022,False,19.3022
152430#1,66.14,5.56,augtime,preseed,False,0,313.05,5.56,0.0,0.0,11.8957,0.0,0.0,0.0,1.0,11.8957,False,11.8957
152434,55.99,5.56,augtime,preseed,False,0,313.05,5.56,0.0,0.0,10.0701,0.0,0.0,0.0,1.0,10.0701,False,10.0701
152954#2,14.04,5.56,augtime,preseed,False,0,313.05,5.56,0.0,0.0,2.5252,0.0,0.0,0.0,1.0,2.5252,False,2.5252
152955,63.04,5.56,augtime,preseed,False,0,313.05,5.56,0.0,0.0,11.3381,0.0,0.0,0.0,1.0,11.3381,False,11.3381
152956#3,9.8,5.56,augtime,preseed,False,0,313.05,5.56,0.0,0.0,1.7626,0.0,0.0,0.0,1.0,1.7626,False,1.7626
152951,61.73,5.56,augtime,preseed,False,0,313.05,5.56,0.0,0.0,11.1025,0.0,0.0,0.0,1.0,11.1025,False,11.1025
152954#3,36.03,5.56,augtime,preseed,False,0,313.05,5.56,0.0,0.0,6.4802,0.0,0.0,0.0,1.0,6.4802,False,6.4802
152435,78.06,5.56,augtime,preseed,False,0,313.05,5.56,0.0,0.0,14.0396,0.0,0.0,0.0,1.0,14.0396,False,14.0396
152533#5,44.01,5.56,augtime,preseed,False,0,313.05,5.56,0.0,0.0,7.9155,0.0,0.0,0.0,1.0,7.9155,False,7.9155
152533#6,4.33,5.56,augtime,preseed,False,0,313.05,5.56,0.0,0.0,0.7788,0.0,0.0,0.0,1.0,0.7788,False,0.7788
152456#1,19.67,13.89,augtime,preseed,False,3,797.846,13.89,0.0,0.0,1.4161,0.0,0.0,0.0,1.0,1.4161,True,1.4161
152466#1,79.74,13.89,augtime,preseed,False,1,789.299,13.89,0.0,0.0,5.7408,0.0,0.0,0.0,1.0,5.7408,True,5.7408
152516#1,167.97,27.78,augtime,ema_unlocked,False,10,1963.105,27.317,0.0001,13320.302,6.1489,0.0,0.0517,0.0,1.0,6.1489,True,6.0464
152526,243.61,13.89,augtime,preseed,False,1,782.061,13.89,0.0,0.0,17.5385,0.0,0.0,0.0,1.0,17.5385,True,17.5385
152523#0-AddedOffRampEdge,92.05,27.78,augtime,ema_unlocked,False,10,370.405,26.871,0.0005,1464.849,3.4257,0.0,0.0772,0.0,1.0,3.4257,True,3.3135
152523#1,1045.78,27.78,augtime,ema_unlocked,False,10,467.506,20.856,0.0021,23105.578,50.1432,0.0,0.0,0.0,1.0,50.1432,True,37.6451
152528#0,714.51,5.56,augtime,preseed,False,0,313.05,5.56,0.0,0.0,128.509,0.0,0.0,0.0,1.0,128.509,False,128.509
152523#2,226.63,27.78,augtime,ema_unlocked,False,10,288.365,27.9,0.0002,3226.137,8.1229,0.0,0.1887,0.0,1.0,8.1229,True,8.158
152524#1,599.57,27.78,augtime,ema_unlocked,False,10,974.384,27.9,0.0003,25561.62,21.4898,0.0,0.1104,0.0,1.0,21.4898,True,21.5828
152533#0,163.68,5.56,augtime,preseed,False,0,313.05,5.56,0.0,0.0,29.4388,0.0,0.0,0.0,1.0,29.4388,False,29.4388
152524#2-AddedOnRampEdge,94.51,27.78,augtime,ema_unlocked,False,10,850.808,27.78,0.0,3341.48,3.4021,0.0,0.0772,0.0,1.0,3.4021,True,3.4021
152524#2,455.52,27.78,augtime,ema_unlocked,False,10,557.116,27.333,0.0004,9406.345,16.6658,0.0,0.0065,0.0,1.0,16.6658,True,16.3974
152525#0,172.87,27.78,augtime,ema_unlocked,False,10,2872.905,27.78,0.0,0.0,6.2228,0.0,0.0,0.0,1.0,6.2228,True,6.2228
152525#0-AddedOffRampEdge,91.33,27.78,augtime,ema_unlocked,False,10,2406.398,26.854,0.0,8844.304,3.401,0.0,0.0403,0.0,1.0,3.401,True,3.2876
152525#1,277.12,27.78,augtime,ema_unlocked,False,10,2074.578,27.324,0.0001,21835.207,10.142,0.0,0.0189,0.0,1.0,10.142,True,9.9755
152529,265.2,13.89,augtime,preseed,False,6,808.157,13.89,0.0,0.0,19.0929,0.0,0.0,0.0,1.0,19.0929,True,19.0929
153628#1,1073.42,27.78,augtime,ema_unlocked,False,10,864.569,25.205,0.001,35488.231,42.5872,0.0,0.0,0.0,1.0,42.5872,True,38.64
152528#3,21.48,5.56,augtime,preseed,False,0,313.05,5.56,0.0,0.0,3.8633,0.0,0.0,0.0,1.0,3.8633,False,3.8633
152528#4,153.69,5.56,augtime,preseed,False,0,313.05,5.56,0.0,0.0,27.6421,0.0,0.0,0.0,1.0,27.6421,False,27.6421
152986#0,86.4,5.56,augtime,preseed,False,0,313.05,5.56,0.0,0.0,15.5396,0.0,0.0,0.0,1.0,15.5396,False,15.5396
152533#1,2.57,5.56,augtime,preseed,False,0,313.05,5.56,0.0,0.0,0.4622,0.0,0.0,0.0,1.0,0.4622,False,0.4622
152956#0,65.03,5.56,augtime,preseed,False,0,313.05,5.56,0.0,0.0,11.696,0.0,0.0,0.0,1.0,11.696,False,11.696
152533#7,295.17,5.56,augtime,preseed,False,0,313.05,5.56,0.0,0.0,53.0881,0.0,0.0,0.0,1.0,53.0881,False,53.0881
152534#0,111.28,13.89,augtime,preseed,False,4,654.87,13.89,0.0,0.0,8.0115,0.0,0.0,0.0,1.0,8.0115,True,8.0115
152654#3,19.0,13.89,augtime,preseed,False,2,875.083,13.89,0.0,0.0,1.3679,0.0,0.0,0.0,1.0,1.3679,True,1.3679
152534#5,13.66,13.89,augtime,ema_unlocked,False,3,842.89,13.89,0.0,0.0,0.9834,0.0,0.0,0.0,1.0,0.9834,True,0.9834
152534#6,206.47,13.89,augtime,ema_unlocked,False,3,588.359,13.89,0.0,9715.507,14.8647,0.0,0.0554,0.0,1.0,14.8647,True,14.8647
152535#1,17.53,13.89,augtime,ema_unlocked,False,6,360.547,13.89,0.0,1183.148,1.2621,0.0,0.8001,0.0,1.0,1.2621,True,1.2621
152535#2,262.05,13.89,augtime,ema_unlocked,False,3,562.199,13.89,0.0,0.0,18.8661,0.0,0.0,0.0,1.0,18.8661,True,18.8661
152603,2.3,13.89,augtime,preseed,False,2,782.061,13.89,0.0,0.0,0.1656,0.0,0.0,0.0,1.0,0.1656,True,0.1656
152654#4,26.78,13.89,augtime,ema_unlocked,False,2,1145.754,13.89,0.0,0.0,1.928,0.0,0.0,0.0,1.0,1.928,True,1.928
152655,151.01,13.89,augtime,preseed,False,0,782.061,13.89,0.0,0.0,10.8719,0.0,0.0,0.0,1.0,10.8719,False,10.8719
152538#1,304.03,13.89,augtime,preseed,False,2,782.061,13.89,0.0,0.0,21.8884,0.0,0.0,0.0,1.0,21.8884,True,21.8884
152543,175.13,13.89,augtime,preseed,False,0,782.061,13.89,0.0,0.0,12.6084,0.0,0.0,0.0,1.0,12.6084,False,12.6084
153656,1324.09,13.89,augtime,ema_unlocked,False,2,947.182,13.89,0.0,0.0,95.3269,0.0,0.0,0.0,1.0,95.3269,True,95.3269
152571,26.34,5.56,augtime,preseed,False,0,313.05,5.56,0.0,0.0,4.7374,0.0,0.0,0.0,1.0,4.7374,False,4.7374
152954#4,56.77,5.56,augtime,preseed,False,0,313.05,5.56,0.0,0.0,10.2104,0.0,0.0,0.0,1.0,10.2104,False,10.2104
152588,158.48,13.89,augtime,preseed,False,0,782.061,13.89,0.0,0.0,11.4096,0.0,0.0,0.0,1.0,11.4096,False,11.4096
152933#2,13.98,13.89,augtime,preseed,False,4,702.862,13.89,0.0,0.0,1.0065,0.0,0.0,0.0,1.0,1.0065,True,1.0065
153396#0,60.5,13.89,augtime,preseed,False,2,943.051,13.89,0.0,0.0,4.3557,0.0,0.0,0.0,1.0,4.3557,True,4.3557
153405#0,15.88,13.89,augtime,preseed,False,2,849.08,13.89,0.0,0.0,1.1433,0.0,0.0,0.0,1.0,1.1433,True,1.1433
152649#1,115.91,13.89,augtime,ema_unlocked,False,5,213.71,13.89,0.0,1461.542,8.3449,0.0,0.0,0.0,1.0,8.3449,True,8.3449
152649#2,15.28,13.89,augtime,ema_unlocked,False,5,52.462,13.89,0.0,0.0,1.1001,0.0,0.0,0.0,1.0,1.1001,True,1.1001
152649#4,57.81,13.89,augtime,ema_unlocked,False,4,298.15,13.89,0.0,0.0,4.162,0.0,0.0,0.0,1.0,4.162,True,4.162
152649#5,6.88,13.89,augtime,preseed,False,2,697.44,13.89,0.0,0.0,0.4953,0.0,0.0,0.0,1.0,0.4953,True,0.4953
153406#0,17.47,13.89,augtime,preseed,False,3,687.992,13.89,0.0,3988.654,1.2577,0.0,1.0,0.0,1.0,1.2577,True,1.2577
152670#3,20.38,13.89,augtime,ema_unlocked,False,2,882.972,13.89,0.0,0.0,1.4672,0.0,0.0,0.0,1.0,1.4672,True,1.4672
152670#1,95.87,13.89,augtime,preseed,False,1,782.061,13.89,0.0,0.0,6.9021,0.0,0.0,0.0,1.0,6.9021,True,6.9021
152670#2,79.58,13.89,augtime,preseed,False,0,782.061,13.89,0.0,0.0,5.7293,0.0,0.0,0.0,1.0,5.7293,False,5.7293
152704,37.23,13.89,augtime,ema_unlocked,False,6,721.864,13.89,0.0,0.0,2.6803,0.0,0.0,0.0,1.0,2.6803,True,2.6803
152705#0,45.8,13.89,augtime,ema_unlocked,False,6,530.89,13.89,0.0,0.0,3.2973,0.0,0.0,0.0,1.0,3.2973,True,3.2973
152709#1,2.6,13.89,augtime,preseed,False,1,782.061,13.89,0.0,0.0,0.1872,0.0,0.0,0.0,1.0,0.1872,True,0.1872
152711#0,1.14,13.89,augtime,preseed,False,1,782.061,13.89,0.0,0.0,0.0821,0.0,0.0,0.0,1.0,0.0821,True,0.0821
152711#2,17.41,13.89,augtime,preseed,False,1,782.061,13.89,0.0,0.0,1.2534,0.0,0.0,0.0,1.0,1.2534,True,1.2534
153057,527.67,13.89,augtime,preseed,False,0,782.061,13.89,0.0,0.0,37.9892,0.0,0.0,0.0,1.0,37.9892,False,37.9892
152818#3,58.19,13.89,augtime,ema_unlocked,False,7,231.92,13.89,0.0,1496.132,4.1893,0.0,0.2699,0.0,1.0,4.1893,True,4.1893
152779,63.0,13.89,augtime,preseed,False,6,1019.325,13.659,0.0003,0.0,4.6125,0.0,0.0,0.0,1.0,4.6125,True,4.5356
152959#1,13.97,13.89,augtime,preseed,False,2,782.061,13.89,0.0,0.0,1.0058,0.0,0.0,0.0,1.0,1.0058,True,1.0058
152818#0,21.07,13.89,augtime,preseed,False,6,487.786,13.89,0.0,0.0,1.5169,0.0,0.0,0.0,1.0,1.5169,True,1.5169
152785#1,11.9,13.89,augtime,preseed,False,4,793.496,13.89,0.0,1345.689,0.8567,0.0,0.4898,0.0,1.0,0.8567,True,0.8567
152785#2,65.21,13.89,augtime,ema_unlocked,False,7,967.434,13.89,0.0,5162.928,4.6947,0.0,0.0684,0.0,1.0,4.6947,True,4.6947
152818#1,18.83,13.89,augtime,ema_unlocked,False,6,1105.06,13.89,0.0,0.0,1.3557,0.0,0.0,0.0,1.0,1.3557,True,1.3557
152816#2,17.34,13.89,augtime,ema_unlocked,False,10,1144.283,13.629,0.0018,3720.416,1.2723,0.0,0.7777,0.0,1.0,1.2723,True,1.2484
152816#3,86.96,13.89,augtime,ema_unlocked,False,10,608.553,13.89,0.0,6722.723,6.2606,0.0,0.3823,0.0,1.0,6.2606,True,6.2606
152818#2,49.78,13.89,augtime,ema_unlocked,False,5,95.729,13.89,0.0,0.0,3.5839,0.0,0.0,0.0,1.0,3.5839,True,3.5839
152960#1,8.19,13.89,augtime,ema_unlocked,False,5,266.374,13.89,0.0,0.0,0.5896,0.0,0.0,0.0,1.0,0.5896,True,0.5896
152827#1,86.4,13.89,augtime,preseed,False,4,890.349,13.89,0.0,0.0,6.2203,0.0,0.0,0.0,1.0,6.2203,True,6.2203
152838,30.54,27.78,augtime,ema_unlocked,False,2,694.976,27.31,0.002,1463.131,1.1183,0.0,0.4413,0.0,1.0,1.1183,True,1.0994
153002#1,79.5,13.89,augtime,ema_unlocked,False,5,2198.501,13.89,0.0,0.0,5.7235,0.0,0.0,0.0,1.0,5.7235,True,5.7235
153005#1,7.67,13.89,augtime,ema_unlocked,False,3,1770.323,13.659,0.0018,0.0,0.5616,0.0,0.0,0.0,1.0,0.5616,True,0.5522
152874#0,3.77,13.89,augtime,ema_unlocked,False,4,986.1,13.89,0.0,1481.721,0.2714,0.0,1.0,0.0,1.0,0.2714,True,0.2714
152874#3,1.29,13.89,augtime,preseed,False,1,798.596,13.659,0.031,0.0,0.0944,0.0001,0.0,0.0,1.0,0.0944,True,0.0929
153638,146.55,13.89,augtime,ema_unlocked,False,9,1053.363,13.659,0.0002,0.0,10.7296,0.0,0.0,0.0,1.0,10.7296,True,10.5508
152874#4,11.65,13.89,augtime,ema_unlocked,False,1,691.727,13.89,0.0,0.0,0.8387,0.0,0.0,0.0,1.0,0.8387,True,0.8387
152875#0,422.49,13.89,augtime,preseed,False,0,782.061,13.89,0.0,0.0,30.4168,0.0,0.0,0.0,1.0,30.4168,False,30.4168
152875#1,219.16,13.89,augtime,preseed,False,1,782.061,13.89,0.0,0.0,15.7783,0.0,0.0,0.0,1.0,15.7783,True,15.7783
152875#2,126.59,13.89,augtime,preseed,False,1,782.061,13.89,0.0,0.0,9.1138,0.0,0.0,0.0,1.0,9.1138,True,9.1138
152973,188.64,13.89,augtime,ema_unlocked,False,6,1664.36,13.89,0.0,0.0,13.581,0.0,0.0,0.0,1.0,13.581,True,13.581
152982#0,1.63,13.89,augtime,preseed,False,1,701.978,13.659,0.0214,0.0,0.1193,0.0001,0.0,0.0,1.0,0.1193,True,0.1174
152933#0,3.57,13.89,augtime,preseed,False,4,838.833,13.659,0.0111,0.0,0.2614,0.0,0.0,0.0,1.0,0.2614,True,0.257
152943#1,75.26,13.89,augtime,ema_unlocked,False,6,989.384,13.89,0.0,0.0,5.4183,0.0,0.0,0.0,1.0,5.4183,True,5.4183
152944#1,41.93,13.89,augtime,preseed,False,4,1098.526,13.89,0.0,0.0,3.0187,0.0,0.0,0.0,1.0,3.0187,True,3.0187
152944#2,22.05,13.89,augtime,ema_unlocked,False,10,1861.306,13.782,0.0032,4161.018,1.5999,0.0,0.1986,0.0,1.0,1.5999,True,1.5875
152950#0,19.12,5.56,augtime,preseed,False,0,313.05,5.56,0.0,0.0,3.4388,0.0,0.0,0.0,1.0,3.4388,False,3.4388
152954#1,82.75,5.56,augtime,preseed,False,0,313.05,5.56,0.0,0.0,14.8831,0.0,0.0,0.0,1.0,14.8831,False,14.8831
152950#1,19.65,5.56,augtime,preseed,False,0,313.05,5.56,0.0,0.0,3.5342,0.0,0.0,0.0,1.0,3.5342,False,3.5342
152952#0,261.65,5.56,augtime,preseed,False,0,313.05,5.56,0.0,0.0,47.0594,0.0,0.0,0.0,1.0,47.0594,False,47.0594
152956#4,7.9,5.56,augtime,preseed,False,0,313.05,5.56,0.0,0.0,1.4209,0.0,0.0,0.0,1.0,1.4209,False,1.4209
152956#5,35.45,5.56,augtime,preseed,False,0,313.05,5.56,0.0,0.0,6.3759,0.0,0.0,0.0,1.0,6.3759,False,6.3759
152954#0,45.67,5.56,augtime,preseed,False,0,313.05,5.56,0.0,0.0,8.214,0.0,0.0,0.0,1.0,8.214,False,8.214
152956#1,3.25,5.56,augtime,preseed,False,0,313.05,5.56,0.0,0.0,0.5845,0.0,0.0,0.0,1.0,0.5845,False,0.5845
152956#6,24.73,5.56,augtime,preseed,False,0,313.05,5.56,0.0,0.0,4.4478,0.0,0.0,0.0,1.0,4.4478,False,4.4478
152960#6,50.59,13.89,augtime,ema_unlocked,False,4,891.91,13.89,0.0,0.0,3.6422,0.0,0.0,0.0,1.0,3.6422,True,3.6422
152960#8,20.96,13.89,augtime,ema_unlocked,False,4,383.491,13.89,0.0,0.0,1.509,0.0,0.0,0.0,1.0,1.509,True,1.509
153002#0,158.35,13.89,augtime,ema_unlocked,False,6,1243.105,13.895,0.0001,14076.066,11.3958,0.0,0.0,0.0,1.0,11.3958,True,11.4003
153011#1,4.52,13.89,augtime,preseed,False,1,811.214,13.659,0.0067,0.0,0.3309,0.0,0.0,0.0,1.0,0.3309,True,0.3254
153396#1,19.15,13.89,augtime,preseed,False,2,811.749,13.89,0.0,0.0,1.3787,0.0,0.0,0.0,1.0,1.3787,True,1.3787
153396#2,113.12,13.89,augtime,preseed,False,2,873.043,13.89,0.0,0.0,8.144,0.0,0.0,0.0,1.0,8.144,True,8.144
153396#3,9.22,13.89,augtime,preseed,False,2,778.61,13.89,0.0,0.0,0.6638,0.0,0.0,0.0,1.0,0.6638,True,0.6638
153396#4,44.85,13.89,augtime,preseed,False,1,733.141,13.89,0.0,0.0,3.2289,0.0,0.0,0.0,1.0,3.2289,True,3.2289
153398#1,47.76,13.89,augtime,preseed,False,2,782.061,13.89,0.0,0.0,3.4384,0.0,0.0,0.0,1.0,3.4384,True,3.4384
153398#2,7.61,13.89,augtime,preseed,False,2,782.061,13.89,0.0,0.0,0.5479,0.0,0.0,0.0,1.0,0.5479,True,0.5479
153398#3,19.58,13.89,augtime,preseed,False,2,782.061,13.89,0.0,0.0,1.4096,0.0,0.0,0.0,1.0,1.4096,True,1.4096
153405#1,48.83,13.89,augtime,preseed,False,2,877.012,13.89,0.0,0.0,3.5155,0.0,0.0,0.0,1.0,3.5155,True,3.5155
153405#2,1.93,13.89,augtime,preseed,False,2,778.7,13.89,0.0,0.0,0.1389,0.0,0.0,0.0,1.0,0.1389,True,0.1389
153405#3,20.77,13.89,augtime,preseed,False,2,825.913,13.89,0.0,0.0,1.4953,0.0,0.0,0.0,1.0,1.4953,True,1.4953
153406#1,40.69,13.89,augtime,ema_unlocked,False,6,903.962,13.89,0.0,0.0,2.9294,0.0,0.0,0.0,1.0,2.9294,True,2.9294
153406#2,37.54,13.89,augtime,ema_unlocked,False,4,75.876,13.89,0.0,0.0,2.7027,0.0,0.0,0.0,1.0,2.7027,True,2.7027
153428,108.43,13.89,augtime,preseed,False,0,782.061,13.89,0.0,0.0,7.8063,0.0,0.0,0.0,1.0,7.8063,False,7.8063
153439#1,2.56,13.89,augtime,preseed,False,2,782.061,13.89,0.0,0.0,0.1843,0.0,0.0,0.0,1.0,0.1843,True,0.1843
153439#2,124.88,13.89,augtime,preseed,False,1,648.195,13.89,0.0,0.0,8.9906,0.0,0.0,0.0,1.0,8.9906,True,8.9906
153639,135.25,13.89,augtime,ema_unlocked,False,2,634.682,13.89,0.0,0.0,9.7372,0.0,0.0,0.0,1.0,9.7372,True,9.7372
